{"type": "FeatureCollection", "features": [{"type": "Feature", "geometry": {"type": "Point", "coordinates": [-74.47500610351562, -49.974998474121094]}, "properties": {"precip_mm": 0.4}}, {"type": "Feature", "geometry": {"type": "Point", "coordinates": [-73.97500610351562, -49.974998474121094]}, "properties": {"precip_mm": 0.7}}, {"type": "Feature", "geometry": {"type": "Point", "coordinates": [-73.47500610351562, -49.974998474121094]}, "properties": {"precip_mm": 3.0}}, {"type": "Feature", "geometry": {"type": "Point", "coordinates": [-72.97500610351562, -49.974998474121094]}, "properties": {"precip_mm": 0.9}}, {"type": "Feature", "geometry": {"type": "Point", "coordinates": [-72.47500610351562, -49.974998474121094]}, "properties": {"precip_mm": 0.7}}, {"type": "Feature", "geometry": {"type": "Point", "coordinates": [-71.97500610351562, -49.974998474121094]}, "properties": {"precip_mm": 0.7}}, {"type": "Feature", "geometry": {"type": "Point", "coordinates": [-71.47500610351562, -49.974998474121094]}, "properties": {"precip_mm": 1.5}}, {"type": "Feature", "geometry": {"type": "Point", "coordinates": [-70.97500610351562, -49.974998474121094]}, "properties": {"precip_mm": 2.2}}, {"type": "Feature", "geometry": {"type": "Point", "coordinates": [-70.47500610351562, -49.974998474121094]}, "properties": {"precip_mm": 1.6}}, {"type": "Feature", "geometry": {"type": "Point", "coordinates": [-69.97500610351562, -49.974998474121094]}, "properties": {"precip_mm": 1.1}}, {"type": "Feature", "geometry": {"type": "Point", "coordinates": [-69.47500610351562, -49.974998474121094]}, "properties": {"precip_mm": 1.1}}, {"type": "Feature", "geometry": {"type": "Point", "coordinates": [-68.97500610351562, -49.974998474121094]}, "properties": {"precip_mm": 0.4}}, {"type": "Feature", "geometry": {"type": "Point", "coordinates": [-68.47500610351562, -49.974998474121094]}, "properties": {"precip_mm": 1.0}}, {"type": "Feature", "geometry": {"type": "Point", "coordinates": [-67.97500610351562, -49.974998474121094]}, "properties": {"precip_mm": 1.0}}, {"type": "Feature", "geometry": {"type": "Point", "coordinates": [-75.47500610351562, -49.474998474121094]}, "properties": {"precip_mm": 2.8}}, {"type": "Feature", "geometry": {"type": "Point", "coordinates": [-74.97500610351562, -49.474998474121094]}, "properties": {"precip_mm": 1.1}}, {"type": "Feature", "geometry": {"type": "Point", "coordinates": [-74.47500610351562, -49.474998474121094]}, "properties": {"precip_mm": 0.6}}, {"type": "Feature", "geometry": {"type": "Point", "coordinates": [-73.97500610351562, -49.474998474121094]}, "properties": {"precip_mm": 1.1}}, {"type": "Feature", "geometry": {"type": "Point", "coordinates": [-73.47500610351562, -49.474998474121094]}, "properties": {"precip_mm": 2.7}}, {"type": "Feature", "geometry": {"type": "Point", "coordinates": [-72.97500610351562, -49.474998474121094]}, "properties": {"precip_mm": 2.5}}, {"type": "Feature", "geometry": {"type": "Point", "coordinates": [-72.47500610351562, -49.474998474121094]}, "properties": {"precip_mm": 0.8}}, {"type": "Feature", "geometry": {"type": "Point", "coordinates": [-71.97500610351562, -49.474998474121094]}, "properties": {"precip_mm": 0.9}}, {"type": "Feature", "geometry": {"type": "Point", "coordinates": [-71.47500610351562, -49.474998474121094]}, "properties": {"precip_mm": 0.6}}, {"type": "Feature", "geometry": {"type": "Point", "coordinates": [-70.97500610351562, -49.474998474121094]}, "properties": {"precip_mm": 0.8}}, {"type": "Feature", "geometry": {"type": "Point", "coordinates": [-70.47500610351562, -49.474998474121094]}, "properties": {"precip_mm": 1.6}}, {"type": "Feature", "geometry": {"type": "Point", "coordinates": [-69.97500610351562, -49.474998474121094]}, "properties": {"precip_mm": 0.9}}, {"type": "Feature", "geometry": {"type": "Point", "coordinates": [-69.47500610351562, -49.474998474121094]}, "properties": {"precip_mm": 1.2}}, {"type": "Feature", "geometry": {"type": "Point", "coordinates": [-68.97500610351562, -49.474998474121094]}, "properties": {"precip_mm": 1.9}}, {"type": "Feature", "geometry": {"type": "Point", "coordinates": [-68.47500610351562, -49.474998474121094]}, "properties": {"precip_mm": 1.4}}, {"type": "Feature", "geometry": {"type": "Point", "coordinates": [-67.97500610351562, -49.474998474121094]}, "properties": {"precip_mm": 1.1}}, {"type": "Feature", "geometry": {"type": "Point", "coordinates": [-75.47500610351562, -48.974998474121094]}, "properties": {"precip_mm": 4.8}}, {"type": "Feature", "geometry": {"type": "Point", "coordinates": [-74.97500610351562, -48.974998474121094]}, "properties": {"precip_mm": 3.1}}, {"type": "Feature", "geometry": {"type": "Point", "coordinates": [-74.47500610351562, -48.974998474121094]}, "properties": {"precip_mm": 0.8}}, {"type": "Feature", "geometry": {"type": "Point", "coordinates": [-73.97500610351562, -48.974998474121094]}, "properties": {"precip_mm": 2.5}}, {"type": "Feature", "geometry": {"type": "Point", "coordinates": [-73.47500610351562, -48.974998474121094]}, "properties": {"precip_mm": 7.9}}, {"type": "Feature", "geometry": {"type": "Point", "coordinates": [-72.97500610351562, -48.974998474121094]}, "properties": {"precip_mm": 3.8}}, {"type": "Feature", "geometry": {"type": "Point", "coordinates": [-72.47500610351562, -48.974998474121094]}, "properties": {"precip_mm": 1.2}}, {"type": "Feature", "geometry": {"type": "Point", "coordinates": [-71.97500610351562, -48.974998474121094]}, "properties": {"precip_mm": 1.1}}, {"type": "Feature", "geometry": {"type": "Point", "coordinates": [-71.47500610351562, -48.974998474121094]}, "properties": {"precip_mm": 0.3}}, {"type": "Feature", "geometry": {"type": "Point", "coordinates": [-70.97500610351562, -48.974998474121094]}, "properties": {"precip_mm": 0.2}}, {"type": "Feature", "geometry": {"type": "Point", "coordinates": [-70.47500610351562, -48.974998474121094]}, "properties": {"precip_mm": 0.4}}, {"type": "Feature", "geometry": {"type": "Point", "coordinates": [-69.97500610351562, -48.974998474121094]}, "properties": {"precip_mm": 0.5}}, {"type": "Feature", "geometry": {"type": "Point", "coordinates": [-69.47500610351562, -48.974998474121094]}, "properties": {"precip_mm": 1.0}}, {"type": "Feature", "geometry": {"type": "Point", "coordinates": [-68.97500610351562, -48.974998474121094]}, "properties": {"precip_mm": 1.2}}, {"type": "Feature", "geometry": {"type": "Point", "coordinates": [-68.47500610351562, -48.974998474121094]}, "properties": {"precip_mm": 1.2}}, {"type": "Feature", "geometry": {"type": "Point", "coordinates": [-67.97500610351562, -48.974998474121094]}, "properties": {"precip_mm": 1.4}}, {"type": "Feature", "geometry": {"type": "Point", "coordinates": [-67.47500610351562, -48.974998474121094]}, "properties": {"precip_mm": 1.3}}, {"type": "Feature", "geometry": {"type": "Point", "coordinates": [-75.47500610351562, -48.474998474121094]}, "properties": {"precip_mm": 7.9}}, {"type": "Feature", "geometry": {"type": "Point", "coordinates": [-74.97500610351562, -48.474998474121094]}, "properties": {"precip_mm": 6.0}}, {"type": "Feature", "geometry": {"type": "Point", "coordinates": [-74.47500610351562, -48.474998474121094]}, "properties": {"precip_mm": 5.5}}, {"type": "Feature", "geometry": {"type": "Point", "coordinates": [-73.97500610351562, -48.474998474121094]}, "properties": {"precip_mm": 5.3}}, {"type": "Feature", "geometry": {"type": "Point", "coordinates": [-73.47500610351562, -48.474998474121094]}, "properties": {"precip_mm": 4.6}}, {"type": "Feature", "geometry": {"type": "Point", "coordinates": [-72.97500610351562, -48.474998474121094]}, "properties": {"precip_mm": 1.8}}, {"type": "Feature", "geometry": {"type": "Point", "coordinates": [-72.47500610351562, -48.474998474121094]}, "properties": {"precip_mm": 0.2}}, {"type": "Feature", "geometry": {"type": "Point", "coordinates": [-71.97500610351562, -48.474998474121094]}, "properties": {"precip_mm": 0.2}}, {"type": "Feature", "geometry": {"type": "Point", "coordinates": [-71.47500610351562, -48.474998474121094]}, "properties": {"precip_mm": 0.5}}, {"type": "Feature", "geometry": {"type": "Point", "coordinates": [-70.97500610351562, -48.474998474121094]}, "properties": {"precip_mm": 0.4}}, {"type": "Feature", "geometry": {"type": "Point", "coordinates": [-70.47500610351562, -48.474998474121094]}, "properties": {"precip_mm": 1.2}}, {"type": "Feature", "geometry": {"type": "Point", "coordinates": [-69.97500610351562, -48.474998474121094]}, "properties": {"precip_mm": 0.5}}, {"type": "Feature", "geometry": {"type": "Point", "coordinates": [-69.47500610351562, -48.474998474121094]}, "properties": {"precip_mm": 0.6}}, {"type": "Feature", "geometry": {"type": "Point", "coordinates": [-68.97500610351562, -48.474998474121094]}, "properties": {"precip_mm": 0.6}}, {"type": "Feature", "geometry": {"type": "Point", "coordinates": [-68.47500610351562, -48.474998474121094]}, "properties": {"precip_mm": 1.0}}, {"type": "Feature", "geometry": {"type": "Point", "coordinates": [-67.97500610351562, -48.474998474121094]}, "properties": {"precip_mm": 2.2}}, {"type": "Feature", "geometry": {"type": "Point", "coordinates": [-67.47500610351562, -48.474998474121094]}, "properties": {"precip_mm": 1.5}}, {"type": "Feature", "geometry": {"type": "Point", "coordinates": [-66.97500610351562, -48.474998474121094]}, "properties": {"precip_mm": 1.3}}, {"type": "Feature", "geometry": {"type": "Point", "coordinates": [-74.97500610351562, -47.974998474121094]}, "properties": {"precip_mm": 8.5}}, {"type": "Feature", "geometry": {"type": "Point", "coordinates": [-74.47500610351562, -47.974998474121094]}, "properties": {"precip_mm": 5.3}}, {"type": "Feature", "geometry": {"type": "Point", "coordinates": [-73.97500610351562, -47.974998474121094]}, "properties": {"precip_mm": 7.9}}, {"type": "Feature", "geometry": {"type": "Point", "coordinates": [-73.47500610351562, -47.974998474121094]}, "properties": {"precip_mm": 4.7}}, {"type": "Feature", "geometry": {"type": "Point", "coordinates": [-72.97500610351562, -47.974998474121094]}, "properties": {"precip_mm": 0.3}}, {"type": "Feature", "geometry": {"type": "Point", "coordinates": [-72.47500610351562, -47.974998474121094]}, "properties": {"precip_mm": 0.5}}, {"type": "Feature", "geometry": {"type": "Point", "coordinates": [-71.97500610351562, -47.974998474121094]}, "properties": {"precip_mm": 0.1}}, {"type": "Feature", "geometry": {"type": "Point", "coordinates": [-71.47500610351562, -47.974998474121094]}, "properties": {"precip_mm": 0.4}}, {"type": "Feature", "geometry": {"type": "Point", "coordinates": [-70.97500610351562, -47.974998474121094]}, "properties": {"precip_mm": 2.0}}, {"type": "Feature", "geometry": {"type": "Point", "coordinates": [-70.47500610351562, -47.974998474121094]}, "properties": {"precip_mm": 0.2}}, {"type": "Feature", "geometry": {"type": "Point", "coordinates": [-69.97500610351562, -47.974998474121094]}, "properties": {"precip_mm": 0.3}}, {"type": "Feature", "geometry": {"type": "Point", "coordinates": [-69.47500610351562, -47.974998474121094]}, "properties": {"precip_mm": 1.3}}, {"type": "Feature", "geometry": {"type": "Point", "coordinates": [-68.97500610351562, -47.974998474121094]}, "properties": {"precip_mm": 1.0}}, {"type": "Feature", "geometry": {"type": "Point", "coordinates": [-68.47500610351562, -47.974998474121094]}, "properties": {"precip_mm": 1.5}}, {"type": "Feature", "geometry": {"type": "Point", "coordinates": [-67.97500610351562, -47.974998474121094]}, "properties": {"precip_mm": 1.3}}, {"type": "Feature", "geometry": {"type": "Point", "coordinates": [-67.47500610351562, -47.974998474121094]}, "properties": {"precip_mm": 1.9}}, {"type": "Feature", "geometry": {"type": "Point", "coordinates": [-66.97500610351562, -47.974998474121094]}, "properties": {"precip_mm": 1.6}}, {"type": "Feature", "geometry": {"type": "Point", "coordinates": [-66.47500610351562, -47.974998474121094]}, "properties": {"precip_mm": 1.4}}, {"type": "Feature", "geometry": {"type": "Point", "coordinates": [-65.97500610351562, -47.974998474121094]}, "properties": {"precip_mm": 1.7}}, {"type": "Feature", "geometry": {"type": "Point", "coordinates": [-74.47500610351562, -47.474998474121094]}, "properties": {"precip_mm": 5.4}}, {"type": "Feature", "geometry": {"type": "Point", "coordinates": [-73.97500610351562, -47.474998474121094]}, "properties": {"precip_mm": 3.0}}, {"type": "Feature", "geometry": {"type": "Point", "coordinates": [-73.47500610351562, -47.474998474121094]}, "properties": {"precip_mm": 0.5}}, {"type": "Feature", "geometry": {"type": "Point", "coordinates": [-72.97500610351562, -47.474998474121094]}, "properties": {"precip_mm": 0.4}}, {"type": "Feature", "geometry": {"type": "Point", "coordinates": [-72.47500610351562, -47.474998474121094]}, "properties": {"precip_mm": 0.5}}, {"type": "Feature", "geometry": {"type": "Point", "coordinates": [-71.97500610351562, -47.474998474121094]}, "properties": {"precip_mm": 0.2}}, {"type": "Feature", "geometry": {"type": "Point", "coordinates": [-71.47500610351562, -47.474998474121094]}, "properties": {"precip_mm": 2.1}}, {"type": "Feature", "geometry": {"type": "Point", "coordinates": [-70.97500610351562, -47.474998474121094]}, "properties": {"precip_mm": 2.9}}, {"type": "Feature", "geometry": {"type": "Point", "coordinates": [-70.47500610351562, -47.474998474121094]}, "properties": {"precip_mm": 0.3}}, {"type": "Feature", "geometry": {"type": "Point", "coordinates": [-69.97500610351562, -47.474998474121094]}, "properties": {"precip_mm": 0.7}}, {"type": "Feature", "geometry": {"type": "Point", "coordinates": [-69.47500610351562, -47.474998474121094]}, "properties": {"precip_mm": 0.4}}, {"type": "Feature", "geometry": {"type": "Point", "coordinates": [-68.97500610351562, -47.474998474121094]}, "properties": {"precip_mm": 0.1}}, {"type": "Feature", "geometry": {"type": "Point", "coordinates": [-68.47500610351562, -47.474998474121094]}, "properties": {"precip_mm": 1.8}}, {"type": "Feature", "geometry": {"type": "Point", "coordinates": [-67.97500610351562, -47.474998474121094]}, "properties": {"precip_mm": 1.0}}, {"type": "Feature", "geometry": {"type": "Point", "coordinates": [-67.47500610351562, -47.474998474121094]}, "properties": {"precip_mm": 1.4}}, {"type": "Feature", "geometry": {"type": "Point", "coordinates": [-66.97500610351562, -47.474998474121094]}, "properties": {"precip_mm": 1.3}}, {"type": "Feature", "geometry": {"type": "Point", "coordinates": [-66.47500610351562, -47.474998474121094]}, "properties": {"precip_mm": 1.4}}, {"type": "Feature", "geometry": {"type": "Point", "coordinates": [-65.97500610351562, -47.474998474121094]}, "properties": {"precip_mm": 1.5}}, {"type": "Feature", "geometry": {"type": "Point", "coordinates": [-73.97500610351562, -46.974998474121094]}, "properties": {"precip_mm": 8.3}}, {"type": "Feature", "geometry": {"type": "Point", "coordinates": [-73.47500610351562, -46.974998474121094]}, "properties": {"precip_mm": 0.4}}, {"type": "Feature", "geometry": {"type": "Point", "coordinates": [-72.97500610351562, -46.974998474121094]}, "properties": {"precip_mm": 3.5}}, {"type": "Feature", "geometry": {"type": "Point", "coordinates": [-72.47500610351562, -46.974998474121094]}, "properties": {"precip_mm": 0.3}}, {"type": "Feature", "geometry": {"type": "Point", "coordinates": [-71.97500610351562, -46.974998474121094]}, "properties": {"precip_mm": 0.2}}, {"type": "Feature", "geometry": {"type": "Point", "coordinates": [-71.47500610351562, -46.974998474121094]}, "properties": {"precip_mm": 0.1}}, {"type": "Feature", "geometry": {"type": "Point", "coordinates": [-70.97500610351562, -46.974998474121094]}, "properties": {"precip_mm": 0.8}}, {"type": "Feature", "geometry": {"type": "Point", "coordinates": [-70.47500610351562, -46.974998474121094]}, "properties": {"precip_mm": 1.4}}, {"type": "Feature", "geometry": {"type": "Point", "coordinates": [-69.97500610351562, -46.974998474121094]}, "properties": {"precip_mm": 1.3}}, {"type": "Feature", "geometry": {"type": "Point", "coordinates": [-69.47500610351562, -46.974998474121094]}, "properties": {"precip_mm": 0.1}}, {"type": "Feature", "geometry": {"type": "Point", "coordinates": [-68.97500610351562, -46.974998474121094]}, "properties": {"precip_mm": 1.2}}, {"type": "Feature", "geometry": {"type": "Point", "coordinates": [-68.47500610351562, -46.974998474121094]}, "properties": {"precip_mm": 1.5}}, {"type": "Feature", "geometry": {"type": "Point", "coordinates": [-67.97500610351562, -46.974998474121094]}, "properties": {"precip_mm": 2.4}}, {"type": "Feature", "geometry": {"type": "Point", "coordinates": [-67.47500610351562, -46.974998474121094]}, "properties": {"precip_mm": 2.7}}, {"type": "Feature", "geometry": {"type": "Point", "coordinates": [-66.97500610351562, -46.974998474121094]}, "properties": {"precip_mm": 1.1}}, {"type": "Feature", "geometry": {"type": "Point", "coordinates": [-75.47500610351562, -46.474998474121094]}, "properties": {"precip_mm": 1.3}}, {"type": "Feature", "geometry": {"type": "Point", "coordinates": [-74.97500610351562, -46.474998474121094]}, "properties": {"precip_mm": 6.4}}, {"type": "Feature", "geometry": {"type": "Point", "coordinates": [-74.47500610351562, -46.474998474121094]}, "properties": {"precip_mm": 5.5}}, {"type": "Feature", "geometry": {"type": "Point", "coordinates": [-73.97500610351562, -46.474998474121094]}, "properties": {"precip_mm": 6.8}}, {"type": "Feature", "geometry": {"type": "Point", "coordinates": [-73.47500610351562, -46.474998474121094]}, "properties": {"precip_mm": 2.4}}, {"type": "Feature", "geometry": {"type": "Point", "coordinates": [-72.97500610351562, -46.474998474121094]}, "properties": {"precip_mm": 0.8}}, {"type": "Feature", "geometry": {"type": "Point", "coordinates": [-72.47500610351562, -46.474998474121094]}, "properties": {"precip_mm": 0.3}}, {"type": "Feature", "geometry": {"type": "Point", "coordinates": [-71.97500610351562, -46.474998474121094]}, "properties": {"precip_mm": 3.8}}, {"type": "Feature", "geometry": {"type": "Point", "coordinates": [-71.47500610351562, -46.474998474121094]}, "properties": {"precip_mm": 1.9}}, {"type": "Feature", "geometry": {"type": "Point", "coordinates": [-70.97500610351562, -46.474998474121094]}, "properties": {"precip_mm": 1.0}}, {"type": "Feature", "geometry": {"type": "Point", "coordinates": [-70.47500610351562, -46.474998474121094]}, "properties": {"precip_mm": 1.8}}, {"type": "Feature", "geometry": {"type": "Point", "coordinates": [-69.97500610351562, -46.474998474121094]}, "properties": {"precip_mm": 3.7}}, {"type": "Feature", "geometry": {"type": "Point", "coordinates": [-69.47500610351562, -46.474998474121094]}, "properties": {"precip_mm": 1.0}}, {"type": "Feature", "geometry": {"type": "Point", "coordinates": [-68.97500610351562, -46.474998474121094]}, "properties": {"precip_mm": 1.3}}, {"type": "Feature", "geometry": {"type": "Point", "coordinates": [-68.47500610351562, -46.474998474121094]}, "properties": {"precip_mm": 1.2}}, {"type": "Feature", "geometry": {"type": "Point", "coordinates": [-67.97500610351562, -46.474998474121094]}, "properties": {"precip_mm": 2.0}}, {"type": "Feature", "geometry": {"type": "Point", "coordinates": [-67.47500610351562, -46.474998474121094]}, "properties": {"precip_mm": 1.7}}, {"type": "Feature", "geometry": {"type": "Point", "coordinates": [-74.97500610351562, -45.974998474121094]}, "properties": {"precip_mm": 5.5}}, {"type": "Feature", "geometry": {"type": "Point", "coordinates": [-74.47500610351562, -45.974998474121094]}, "properties": {"precip_mm": 3.0}}, {"type": "Feature", "geometry": {"type": "Point", "coordinates": [-73.97500610351562, -45.974998474121094]}, "properties": {"precip_mm": 5.9}}, {"type": "Feature", "geometry": {"type": "Point", "coordinates": [-73.47500610351562, -45.974998474121094]}, "properties": {"precip_mm": 4.8}}, {"type": "Feature", "geometry": {"type": "Point", "coordinates": [-72.97500610351562, -45.974998474121094]}, "properties": {"precip_mm": 1.3}}, {"type": "Feature", "geometry": {"type": "Point", "coordinates": [-72.47500610351562, -45.974998474121094]}, "properties": {"precip_mm": 0.3}}, {"type": "Feature", "geometry": {"type": "Point", "coordinates": [-71.97500610351562, -45.974998474121094]}, "properties": {"precip_mm": 0.2}}, {"type": "Feature", "geometry": {"type": "Point", "coordinates": [-71.47500610351562, -45.974998474121094]}, "properties": {"precip_mm": 2.1}}, {"type": "Feature", "geometry": {"type": "Point", "coordinates": [-70.97500610351562, -45.974998474121094]}, "properties": {"precip_mm": 0.1}}, {"type": "Feature", "geometry": {"type": "Point", "coordinates": [-70.47500610351562, -45.974998474121094]}, "properties": {"precip_mm": 3.1}}, {"type": "Feature", "geometry": {"type": "Point", "coordinates": [-69.97500610351562, -45.974998474121094]}, "properties": {"precip_mm": 2.9}}, {"type": "Feature", "geometry": {"type": "Point", "coordinates": [-69.47500610351562, -45.974998474121094]}, "properties": {"precip_mm": 1.2}}, {"type": "Feature", "geometry": {"type": "Point", "coordinates": [-68.97500610351562, -45.974998474121094]}, "properties": {"precip_mm": 0.5}}, {"type": "Feature", "geometry": {"type": "Point", "coordinates": [-68.47500610351562, -45.974998474121094]}, "properties": {"precip_mm": 0.6}}, {"type": "Feature", "geometry": {"type": "Point", "coordinates": [-67.97500610351562, -45.974998474121094]}, "properties": {"precip_mm": 0.9}}, {"type": "Feature", "geometry": {"type": "Point", "coordinates": [-74.47500610351562, -45.474998474121094]}, "properties": {"precip_mm": 5.1}}, {"type": "Feature", "geometry": {"type": "Point", "coordinates": [-73.97500610351562, -45.474998474121094]}, "properties": {"precip_mm": 4.4}}, {"type": "Feature", "geometry": {"type": "Point", "coordinates": [-73.47500610351562, -45.474998474121094]}, "properties": {"precip_mm": 6.7}}, {"type": "Feature", "geometry": {"type": "Point", "coordinates": [-72.97500610351562, -45.474998474121094]}, "properties": {"precip_mm": 6.4}}, {"type": "Feature", "geometry": {"type": "Point", "coordinates": [-72.47500610351562, -45.474998474121094]}, "properties": {"precip_mm": 5.4}}, {"type": "Feature", "geometry": {"type": "Point", "coordinates": [-71.97500610351562, -45.474998474121094]}, "properties": {"precip_mm": 3.8}}, {"type": "Feature", "geometry": {"type": "Point", "coordinates": [-71.47500610351562, -45.474998474121094]}, "properties": {"precip_mm": 3.3}}, {"type": "Feature", "geometry": {"type": "Point", "coordinates": [-70.97500610351562, -45.474998474121094]}, "properties": {"precip_mm": 2.6}}, {"type": "Feature", "geometry": {"type": "Point", "coordinates": [-70.47500610351562, -45.474998474121094]}, "properties": {"precip_mm": 2.8}}, {"type": "Feature", "geometry": {"type": "Point", "coordinates": [-69.97500610351562, -45.474998474121094]}, "properties": {"precip_mm": 2.1}}, {"type": "Feature", "geometry": {"type": "Point", "coordinates": [-69.47500610351562, -45.474998474121094]}, "properties": {"precip_mm": 0.6}}, {"type": "Feature", "geometry": {"type": "Point", "coordinates": [-68.97500610351562, -45.474998474121094]}, "properties": {"precip_mm": 0.5}}, {"type": "Feature", "geometry": {"type": "Point", "coordinates": [-68.47500610351562, -45.474998474121094]}, "properties": {"precip_mm": 0.3}}, {"type": "Feature", "geometry": {"type": "Point", "coordinates": [-67.97500610351562, -45.474998474121094]}, "properties": {"precip_mm": 0.8}}, {"type": "Feature", "geometry": {"type": "Point", "coordinates": [-67.47500610351562, -45.474998474121094]}, "properties": {"precip_mm": 0.3}}, {"type": "Feature", "geometry": {"type": "Point", "coordinates": [-73.97500610351562, -44.974998474121094]}, "properties": {"precip_mm": 5.5}}, {"type": "Feature", "geometry": {"type": "Point", "coordinates": [-73.47500610351562, -44.974998474121094]}, "properties": {"precip_mm": 7.2}}, {"type": "Feature", "geometry": {"type": "Point", "coordinates": [-72.97500610351562, -44.974998474121094]}, "properties": {"precip_mm": 5.8}}, {"type": "Feature", "geometry": {"type": "Point", "coordinates": [-72.47500610351562, -44.974998474121094]}, "properties": {"precip_mm": 6.2}}, {"type": "Feature", "geometry": {"type": "Point", "coordinates": [-71.97500610351562, -44.974998474121094]}, "properties": {"precip_mm": 4.6}}, {"type": "Feature", "geometry": {"type": "Point", "coordinates": [-71.47500610351562, -44.974998474121094]}, "properties": {"precip_mm": 0.4}}, {"type": "Feature", "geometry": {"type": "Point", "coordinates": [-70.97500610351562, -44.974998474121094]}, "properties": {"precip_mm": 2.5}}, {"type": "Feature", "geometry": {"type": "Point", "coordinates": [-70.47500610351562, -44.974998474121094]}, "properties": {"precip_mm": 2.4}}, {"type": "Feature", "geometry": {"type": "Point", "coordinates": [-69.97500610351562, -44.974998474121094]}, "properties": {"precip_mm": 1.4}}, {"type": "Feature", "geometry": {"type": "Point", "coordinates": [-69.47500610351562, -44.974998474121094]}, "properties": {"precip_mm": 0.0}}, {"type": "Feature", "geometry": {"type": "Point", "coordinates": [-68.97500610351562, -44.974998474121094]}, "properties": {"precip_mm": 0.9}}, {"type": "Feature", "geometry": {"type": "Point", "coordinates": [-68.47500610351562, -44.974998474121094]}, "properties": {"precip_mm": 0.3}}, {"type": "Feature", "geometry": {"type": "Point", "coordinates": [-67.97500610351562, -44.974998474121094]}, "properties": {"precip_mm": 0.3}}, {"type": "Feature", "geometry": {"type": "Point", "coordinates": [-67.47500610351562, -44.974998474121094]}, "properties": {"precip_mm": 1.6}}, {"type": "Feature", "geometry": {"type": "Point", "coordinates": [-66.97500610351562, -44.974998474121094]}, "properties": {"precip_mm": 0.4}}, {"type": "Feature", "geometry": {"type": "Point", "coordinates": [-66.47500610351562, -44.974998474121094]}, "properties": {"precip_mm": 0.9}}, {"type": "Feature", "geometry": {"type": "Point", "coordinates": [-65.97500610351562, -44.974998474121094]}, "properties": {"precip_mm": 0.9}}, {"type": "Feature", "geometry": {"type": "Point", "coordinates": [-74.47500610351562, -44.474998474121094]}, "properties": {"precip_mm": 5.3}}, {"type": "Feature", "geometry": {"type": "Point", "coordinates": [-73.97500610351562, -44.474998474121094]}, "properties": {"precip_mm": 7.5}}, {"type": "Feature", "geometry": {"type": "Point", "coordinates": [-72.97500610351562, -44.474998474121094]}, "properties": {"precip_mm": 7.2}}, {"type": "Feature", "geometry": {"type": "Point", "coordinates": [-72.47500610351562, -44.474998474121094]}, "properties": {"precip_mm": 7.5}}, {"type": "Feature", "geometry": {"type": "Point", "coordinates": [-71.97500610351562, -44.474998474121094]}, "properties": {"precip_mm": 5.9}}, {"type": "Feature", "geometry": {"type": "Point", "coordinates": [-71.47500610351562, -44.474998474121094]}, "properties": {"precip_mm": 4.4}}, {"type": "Feature", "geometry": {"type": "Point", "coordinates": [-70.97500610351562, -44.474998474121094]}, "properties": {"precip_mm": 2.6}}, {"type": "Feature", "geometry": {"type": "Point", "coordinates": [-70.47500610351562, -44.474998474121094]}, "properties": {"precip_mm": 3.7}}, {"type": "Feature", "geometry": {"type": "Point", "coordinates": [-69.97500610351562, -44.474998474121094]}, "properties": {"precip_mm": 1.8}}, {"type": "Feature", "geometry": {"type": "Point", "coordinates": [-69.47500610351562, -44.474998474121094]}, "properties": {"precip_mm": 0.0}}, {"type": "Feature", "geometry": {"type": "Point", "coordinates": [-68.97500610351562, -44.474998474121094]}, "properties": {"precip_mm": 1.2}}, {"type": "Feature", "geometry": {"type": "Point", "coordinates": [-68.47500610351562, -44.474998474121094]}, "properties": {"precip_mm": 0.0}}, {"type": "Feature", "geometry": {"type": "Point", "coordinates": [-67.97500610351562, -44.474998474121094]}, "properties": {"precip_mm": 0.6}}, {"type": "Feature", "geometry": {"type": "Point", "coordinates": [-67.47500610351562, -44.474998474121094]}, "properties": {"precip_mm": 0.5}}, {"type": "Feature", "geometry": {"type": "Point", "coordinates": [-66.97500610351562, -44.474998474121094]}, "properties": {"precip_mm": 0.5}}, {"type": "Feature", "geometry": {"type": "Point", "coordinates": [-66.47500610351562, -44.474998474121094]}, "properties": {"precip_mm": 0.8}}, {"type": "Feature", "geometry": {"type": "Point", "coordinates": [-65.97500610351562, -44.474998474121094]}, "properties": {"precip_mm": 0.8}}, {"type": "Feature", "geometry": {"type": "Point", "coordinates": [-65.47500610351562, -44.474998474121094]}, "properties": {"precip_mm": 0.9}}, {"type": "Feature", "geometry": {"type": "Point", "coordinates": [-73.97500610351562, -43.974998474121094]}, "properties": {"precip_mm": 7.6}}, {"type": "Feature", "geometry": {"type": "Point", "coordinates": [-72.97500610351562, -43.974998474121094]}, "properties": {"precip_mm": 7.5}}, {"type": "Feature", "geometry": {"type": "Point", "coordinates": [-72.47500610351562, -43.974998474121094]}, "properties": {"precip_mm": 12.2}}, {"type": "Feature", "geometry": {"type": "Point", "coordinates": [-71.97500610351562, -43.974998474121094]}, "properties": {"precip_mm": 3.9}}, {"type": "Feature", "geometry": {"type": "Point", "coordinates": [-71.47500610351562, -43.974998474121094]}, "properties": {"precip_mm": 4.5}}, {"type": "Feature", "geometry": {"type": "Point", "coordinates": [-70.97500610351562, -43.974998474121094]}, "properties": {"precip_mm": 4.3}}, {"type": "Feature", "geometry": {"type": "Point", "coordinates": [-70.47500610351562, -43.974998474121094]}, "properties": {"precip_mm": 3.4}}, {"type": "Feature", "geometry": {"type": "Point", "coordinates": [-69.97500610351562, -43.974998474121094]}, "properties": {"precip_mm": 2.0}}, {"type": "Feature", "geometry": {"type": "Point", "coordinates": [-69.47500610351562, -43.974998474121094]}, "properties": {"precip_mm": 0.5}}, {"type": "Feature", "geometry": {"type": "Point", "coordinates": [-68.97500610351562, -43.974998474121094]}, "properties": {"precip_mm": 1.5}}, {"type": "Feature", "geometry": {"type": "Point", "coordinates": [-68.47500610351562, -43.974998474121094]}, "properties": {"precip_mm": 0.9}}, {"type": "Feature", "geometry": {"type": "Point", "coordinates": [-67.97500610351562, -43.974998474121094]}, "properties": {"precip_mm": 0.7}}, {"type": "Feature", "geometry": {"type": "Point", "coordinates": [-67.47500610351562, -43.974998474121094]}, "properties": {"precip_mm": 0.5}}, {"type": "Feature", "geometry": {"type": "Point", "coordinates": [-66.97500610351562, -43.974998474121094]}, "properties": {"precip_mm": 0.6}}, {"type": "Feature", "geometry": {"type": "Point", "coordinates": [-66.47500610351562, -43.974998474121094]}, "properties": {"precip_mm": 0.8}}, {"type": "Feature", "geometry": {"type": "Point", "coordinates": [-65.97500610351562, -43.974998474121094]}, "properties": {"precip_mm": 0.8}}, {"type": "Feature", "geometry": {"type": "Point", "coordinates": [-65.47500610351562, -43.974998474121094]}, "properties": {"precip_mm": 0.7}}, {"type": "Feature", "geometry": {"type": "Point", "coordinates": [-72.97500610351562, -43.474998474121094]}, "properties": {"precip_mm": 6.0}}, {"type": "Feature", "geometry": {"type": "Point", "coordinates": [-72.47500610351562, -43.474998474121094]}, "properties": {"precip_mm": 5.0}}, {"type": "Feature", "geometry": {"type": "Point", "coordinates": [-71.97500610351562, -43.474998474121094]}, "properties": {"precip_mm": 5.5}}, {"type": "Feature", "geometry": {"type": "Point", "coordinates": [-71.47500610351562, -43.474998474121094]}, "properties": {"precip_mm": 5.1}}, {"type": "Feature", "geometry": {"type": "Point", "coordinates": [-70.97500610351562, -43.474998474121094]}, "properties": {"precip_mm": 3.3}}, {"type": "Feature", "geometry": {"type": "Point", "coordinates": [-70.47500610351562, -43.474998474121094]}, "properties": {"precip_mm": 3.4}}, {"type": "Feature", "geometry": {"type": "Point", "coordinates": [-69.97500610351562, -43.474998474121094]}, "properties": {"precip_mm": 1.2}}, {"type": "Feature", "geometry": {"type": "Point", "coordinates": [-68.47500610351562, -43.474998474121094]}, "properties": {"precip_mm": 0.4}}, {"type": "Feature", "geometry": {"type": "Point", "coordinates": [-67.97500610351562, -43.474998474121094]}, "properties": {"precip_mm": 0.5}}, {"type": "Feature", "geometry": {"type": "Point", "coordinates": [-67.47500610351562, -43.474998474121094]}, "properties": {"precip_mm": 0.5}}, {"type": "Feature", "geometry": {"type": "Point", "coordinates": [-66.97500610351562, -43.474998474121094]}, "properties": {"precip_mm": 0.9}}, {"type": "Feature", "geometry": {"type": "Point", "coordinates": [-66.47500610351562, -43.474998474121094]}, "properties": {"precip_mm": 0.7}}, {"type": "Feature", "geometry": {"type": "Point", "coordinates": [-65.97500610351562, -43.474998474121094]}, "properties": {"precip_mm": 0.9}}, {"type": "Feature", "geometry": {"type": "Point", "coordinates": [-65.47500610351562, -43.474998474121094]}, "properties": {"precip_mm": 0.7}}, {"type": "Feature", "geometry": {"type": "Point", "coordinates": [-73.97500610351562, -42.974998474121094]}, "properties": {"precip_mm": 5.7}}, {"type": "Feature", "geometry": {"type": "Point", "coordinates": [-73.47500610351562, -42.974998474121094]}, "properties": {"precip_mm": 8.0}}, {"type": "Feature", "geometry": {"type": "Point", "coordinates": [-72.47500610351562, -42.974998474121094]}, "properties": {"precip_mm": 7.8}}, {"type": "Feature", "geometry": {"type": "Point", "coordinates": [-71.97500610351562, -42.974998474121094]}, "properties": {"precip_mm": 7.4}}, {"type": "Feature", "geometry": {"type": "Point", "coordinates": [-71.47500610351562, -42.974998474121094]}, "properties": {"precip_mm": 4.9}}, {"type": "Feature", "geometry": {"type": "Point", "coordinates": [-70.97500610351562, -42.974998474121094]}, "properties": {"precip_mm": 1.9}}, {"type": "Feature", "geometry": {"type": "Point", "coordinates": [-70.47500610351562, -42.974998474121094]}, "properties": {"precip_mm": 2.6}}, {"type": "Feature", "geometry": {"type": "Point", "coordinates": [-69.97500610351562, -42.974998474121094]}, "properties": {"precip_mm": 0.3}}, {"type": "Feature", "geometry": {"type": "Point", "coordinates": [-69.47500610351562, -42.974998474121094]}, "properties": {"precip_mm": 0.9}}, {"type": "Feature", "geometry": {"type": "Point", "coordinates": [-68.97500610351562, -42.974998474121094]}, "properties": {"precip_mm": 0.0}}, {"type": "Feature", "geometry": {"type": "Point", "coordinates": [-68.47500610351562, -42.974998474121094]}, "properties": {"precip_mm": 0.0}}, {"type": "Feature", "geometry": {"type": "Point", "coordinates": [-67.97500610351562, -42.974998474121094]}, "properties": {"precip_mm": 0.0}}, {"type": "Feature", "geometry": {"type": "Point", "coordinates": [-67.47500610351562, -42.974998474121094]}, "properties": {"precip_mm": 0.2}}, {"type": "Feature", "geometry": {"type": "Point", "coordinates": [-66.97500610351562, -42.974998474121094]}, "properties": {"precip_mm": 0.7}}, {"type": "Feature", "geometry": {"type": "Point", "coordinates": [-66.47500610351562, -42.974998474121094]}, "properties": {"precip_mm": 0.9}}, {"type": "Feature", "geometry": {"type": "Point", "coordinates": [-65.97500610351562, -42.974998474121094]}, "properties": {"precip_mm": 0.9}}, {"type": "Feature", "geometry": {"type": "Point", "coordinates": [-65.47500610351562, -42.974998474121094]}, "properties": {"precip_mm": 0.9}}, {"type": "Feature", "geometry": {"type": "Point", "coordinates": [-64.97500610351562, -42.974998474121094]}, "properties": {"precip_mm": 0.9}}, {"type": "Feature", "geometry": {"type": "Point", "coordinates": [-64.47500610351562, -42.974998474121094]}, "properties": {"precip_mm": 1.0}}, {"type": "Feature", "geometry": {"type": "Point", "coordinates": [-73.97500610351562, -42.474998474121094]}, "properties": {"precip_mm": 8.1}}, {"type": "Feature", "geometry": {"type": "Point", "coordinates": [-73.47500610351562, -42.474998474121094]}, "properties": {"precip_mm": 10.0}}, {"type": "Feature", "geometry": {"type": "Point", "coordinates": [-72.47500610351562, -42.474998474121094]}, "properties": {"precip_mm": 9.1}}, {"type": "Feature", "geometry": {"type": "Point", "coordinates": [-71.97500610351562, -42.474998474121094]}, "properties": {"precip_mm": 7.1}}, {"type": "Feature", "geometry": {"type": "Point", "coordinates": [-71.47500610351562, -42.474998474121094]}, "properties": {"precip_mm": 4.7}}, {"type": "Feature", "geometry": {"type": "Point", "coordinates": [-70.97500610351562, -42.474998474121094]}, "properties": {"precip_mm": 2.7}}, {"type": "Feature", "geometry": {"type": "Point", "coordinates": [-70.47500610351562, -42.474998474121094]}, "properties": {"precip_mm": 2.7}}, {"type": "Feature", "geometry": {"type": "Point", "coordinates": [-69.97500610351562, -42.474998474121094]}, "properties": {"precip_mm": 0.4}}, {"type": "Feature", "geometry": {"type": "Point", "coordinates": [-69.47500610351562, -42.474998474121094]}, "properties": {"precip_mm": 0.2}}, {"type": "Feature", "geometry": {"type": "Point", "coordinates": [-68.97500610351562, -42.474998474121094]}, "properties": {"precip_mm": 0.1}}, {"type": "Feature", "geometry": {"type": "Point", "coordinates": [-68.47500610351562, -42.474998474121094]}, "properties": {"precip_mm": 0.0}}, {"type": "Feature", "geometry": {"type": "Point", "coordinates": [-67.97500610351562, -42.474998474121094]}, "properties": {"precip_mm": 0.0}}, {"type": "Feature", "geometry": {"type": "Point", "coordinates": [-67.47500610351562, -42.474998474121094]}, "properties": {"precip_mm": 0.0}}, {"type": "Feature", "geometry": {"type": "Point", "coordinates": [-66.97500610351562, -42.474998474121094]}, "properties": {"precip_mm": 0.1}}, {"type": "Feature", "geometry": {"type": "Point", "coordinates": [-66.47500610351562, -42.474998474121094]}, "properties": {"precip_mm": 0.4}}, {"type": "Feature", "geometry": {"type": "Point", "coordinates": [-65.97500610351562, -42.474998474121094]}, "properties": {"precip_mm": 0.8}}, {"type": "Feature", "geometry": {"type": "Point", "coordinates": [-65.47500610351562, -42.474998474121094]}, "properties": {"precip_mm": 0.8}}, {"type": "Feature", "geometry": {"type": "Point", "coordinates": [-64.97500610351562, -42.474998474121094]}, "properties": {"precip_mm": 0.8}}, {"type": "Feature", "geometry": {"type": "Point", "coordinates": [-64.47500610351562, -42.474998474121094]}, "properties": {"precip_mm": 1.1}}, {"type": "Feature", "geometry": {"type": "Point", "coordinates": [-63.975006103515625, -42.474998474121094]}, "properties": {"precip_mm": 1.2}}, {"type": "Feature", "geometry": {"type": "Point", "coordinates": [-73.97500610351562, -41.974998474121094]}, "properties": {"precip_mm": 8.4}}, {"type": "Feature", "geometry": {"type": "Point", "coordinates": [-72.47500610351562, -41.974998474121094]}, "properties": {"precip_mm": 8.9}}, {"type": "Feature", "geometry": {"type": "Point", "coordinates": [-71.97500610351562, -41.974998474121094]}, "properties": {"precip_mm": 11.9}}, {"type": "Feature", "geometry": {"type": "Point", "coordinates": [-71.47500610351562, -41.974998474121094]}, "properties": {"precip_mm": 6.5}}, {"type": "Feature", "geometry": {"type": "Point", "coordinates": [-70.97500610351562, -41.974998474121094]}, "properties": {"precip_mm": 4.5}}, {"type": "Feature", "geometry": {"type": "Point", "coordinates": [-70.47500610351562, -41.974998474121094]}, "properties": {"precip_mm": 3.0}}, {"type": "Feature", "geometry": {"type": "Point", "coordinates": [-69.97500610351562, -41.974998474121094]}, "properties": {"precip_mm": 1.1}}, {"type": "Feature", "geometry": {"type": "Point", "coordinates": [-69.47500610351562, -41.974998474121094]}, "properties": {"precip_mm": 1.5}}, {"type": "Feature", "geometry": {"type": "Point", "coordinates": [-68.97500610351562, -41.974998474121094]}, "properties": {"precip_mm": 2.2}}, {"type": "Feature", "geometry": {"type": "Point", "coordinates": [-68.47500610351562, -41.974998474121094]}, "properties": {"precip_mm": 1.4}}, {"type": "Feature", "geometry": {"type": "Point", "coordinates": [-67.97500610351562, -41.974998474121094]}, "properties": {"precip_mm": 0.5}}, {"type": "Feature", "geometry": {"type": "Point", "coordinates": [-67.47500610351562, -41.974998474121094]}, "properties": {"precip_mm": 0.2}}, {"type": "Feature", "geometry": {"type": "Point", "coordinates": [-66.97500610351562, -41.974998474121094]}, "properties": {"precip_mm": 0.5}}, {"type": "Feature", "geometry": {"type": "Point", "coordinates": [-66.47500610351562, -41.974998474121094]}, "properties": {"precip_mm": 0.2}}, {"type": "Feature", "geometry": {"type": "Point", "coordinates": [-65.97500610351562, -41.974998474121094]}, "properties": {"precip_mm": 0.3}}, {"type": "Feature", "geometry": {"type": "Point", "coordinates": [-65.47500610351562, -41.974998474121094]}, "properties": {"precip_mm": 0.5}}, {"type": "Feature", "geometry": {"type": "Point", "coordinates": [-73.47500610351562, -41.474998474121094]}, "properties": {"precip_mm": 8.4}}, {"type": "Feature", "geometry": {"type": "Point", "coordinates": [-72.97500610351562, -41.474998474121094]}, "properties": {"precip_mm": 9.5}}, {"type": "Feature", "geometry": {"type": "Point", "coordinates": [-72.47500610351562, -41.474998474121094]}, "properties": {"precip_mm": 14.0}}, {"type": "Feature", "geometry": {"type": "Point", "coordinates": [-71.97500610351562, -41.474998474121094]}, "properties": {"precip_mm": 18.9}}, {"type": "Feature", "geometry": {"type": "Point", "coordinates": [-71.47500610351562, -41.474998474121094]}, "properties": {"precip_mm": 11.0}}, {"type": "Feature", "geometry": {"type": "Point", "coordinates": [-70.97500610351562, -41.474998474121094]}, "properties": {"precip_mm": 6.3}}, {"type": "Feature", "geometry": {"type": "Point", "coordinates": [-70.47500610351562, -41.474998474121094]}, "properties": {"precip_mm": 4.8}}, {"type": "Feature", "geometry": {"type": "Point", "coordinates": [-69.97500610351562, -41.474998474121094]}, "properties": {"precip_mm": 3.3}}, {"type": "Feature", "geometry": {"type": "Point", "coordinates": [-69.47500610351562, -41.474998474121094]}, "properties": {"precip_mm": 1.1}}, {"type": "Feature", "geometry": {"type": "Point", "coordinates": [-68.97500610351562, -41.474998474121094]}, "properties": {"precip_mm": 0.1}}, {"type": "Feature", "geometry": {"type": "Point", "coordinates": [-68.47500610351562, -41.474998474121094]}, "properties": {"precip_mm": 0.0}}, {"type": "Feature", "geometry": {"type": "Point", "coordinates": [-67.97500610351562, -41.474998474121094]}, "properties": {"precip_mm": 0.6}}, {"type": "Feature", "geometry": {"type": "Point", "coordinates": [-67.47500610351562, -41.474998474121094]}, "properties": {"precip_mm": 0.4}}, {"type": "Feature", "geometry": {"type": "Point", "coordinates": [-66.97500610351562, -41.474998474121094]}, "properties": {"precip_mm": 0.0}}, {"type": "Feature", "geometry": {"type": "Point", "coordinates": [-66.47500610351562, -41.474998474121094]}, "properties": {"precip_mm": 0.0}}, {"type": "Feature", "geometry": {"type": "Point", "coordinates": [-65.97500610351562, -41.474998474121094]}, "properties": {"precip_mm": 0.4}}, {"type": "Feature", "geometry": {"type": "Point", "coordinates": [-65.47500610351562, -41.474998474121094]}, "properties": {"precip_mm": 1.0}}, {"type": "Feature", "geometry": {"type": "Point", "coordinates": [-73.97500610351562, -40.974998474121094]}, "properties": {"precip_mm": 3.6}}, {"type": "Feature", "geometry": {"type": "Point", "coordinates": [-73.47500610351562, -40.974998474121094]}, "properties": {"precip_mm": 11.3}}, {"type": "Feature", "geometry": {"type": "Point", "coordinates": [-72.97500610351562, -40.974998474121094]}, "properties": {"precip_mm": 9.8}}, {"type": "Feature", "geometry": {"type": "Point", "coordinates": [-72.47500610351562, -40.974998474121094]}, "properties": {"precip_mm": 14.8}}, {"type": "Feature", "geometry": {"type": "Point", "coordinates": [-71.97500610351562, -40.974998474121094]}, "properties": {"precip_mm": 22.7}}, {"type": "Feature", "geometry": {"type": "Point", "coordinates": [-71.47500610351562, -40.974998474121094]}, "properties": {"precip_mm": 15.1}}, {"type": "Feature", "geometry": {"type": "Point", "coordinates": [-70.97500610351562, -40.974998474121094]}, "properties": {"precip_mm": 7.1}}, {"type": "Feature", "geometry": {"type": "Point", "coordinates": [-70.47500610351562, -40.974998474121094]}, "properties": {"precip_mm": 6.2}}, {"type": "Feature", "geometry": {"type": "Point", "coordinates": [-69.97500610351562, -40.974998474121094]}, "properties": {"precip_mm": 4.4}}, {"type": "Feature", "geometry": {"type": "Point", "coordinates": [-69.47500610351562, -40.974998474121094]}, "properties": {"precip_mm": 2.5}}, {"type": "Feature", "geometry": {"type": "Point", "coordinates": [-68.97500610351562, -40.974998474121094]}, "properties": {"precip_mm": 2.5}}, {"type": "Feature", "geometry": {"type": "Point", "coordinates": [-68.47500610351562, -40.974998474121094]}, "properties": {"precip_mm": 0.5}}, {"type": "Feature", "geometry": {"type": "Point", "coordinates": [-67.97500610351562, -40.974998474121094]}, "properties": {"precip_mm": 0.0}}, {"type": "Feature", "geometry": {"type": "Point", "coordinates": [-67.47500610351562, -40.974998474121094]}, "properties": {"precip_mm": 0.0}}, {"type": "Feature", "geometry": {"type": "Point", "coordinates": [-66.97500610351562, -40.974998474121094]}, "properties": {"precip_mm": 0.1}}, {"type": "Feature", "geometry": {"type": "Point", "coordinates": [-66.47500610351562, -40.974998474121094]}, "properties": {"precip_mm": 0.3}}, {"type": "Feature", "geometry": {"type": "Point", "coordinates": [-65.97500610351562, -40.974998474121094]}, "properties": {"precip_mm": 0.7}}, {"type": "Feature", "geometry": {"type": "Point", "coordinates": [-65.47500610351562, -40.974998474121094]}, "properties": {"precip_mm": 1.2}}, {"type": "Feature", "geometry": {"type": "Point", "coordinates": [-63.975006103515625, -40.974998474121094]}, "properties": {"precip_mm": 1.2}}, {"type": "Feature", "geometry": {"type": "Point", "coordinates": [-63.475006103515625, -40.974998474121094]}, "properties": {"precip_mm": 1.1}}, {"type": "Feature", "geometry": {"type": "Point", "coordinates": [-62.975006103515625, -40.974998474121094]}, "properties": {"precip_mm": 1.3}}, {"type": "Feature", "geometry": {"type": "Point", "coordinates": [-73.47500610351562, -40.474998474121094]}, "properties": {"precip_mm": 11.9}}, {"type": "Feature", "geometry": {"type": "Point", "coordinates": [-72.97500610351562, -40.474998474121094]}, "properties": {"precip_mm": 9.5}}, {"type": "Feature", "geometry": {"type": "Point", "coordinates": [-72.47500610351562, -40.474998474121094]}, "properties": {"precip_mm": 14.9}}, {"type": "Feature", "geometry": {"type": "Point", "coordinates": [-71.97500610351562, -40.474998474121094]}, "properties": {"precip_mm": 18.8}}, {"type": "Feature", "geometry": {"type": "Point", "coordinates": [-71.47500610351562, -40.474998474121094]}, "properties": {"precip_mm": 13.8}}, {"type": "Feature", "geometry": {"type": "Point", "coordinates": [-70.97500610351562, -40.474998474121094]}, "properties": {"precip_mm": 8.5}}, {"type": "Feature", "geometry": {"type": "Point", "coordinates": [-70.47500610351562, -40.474998474121094]}, "properties": {"precip_mm": 4.5}}, {"type": "Feature", "geometry": {"type": "Point", "coordinates": [-69.97500610351562, -40.474998474121094]}, "properties": {"precip_mm": 3.5}}, {"type": "Feature", "geometry": {"type": "Point", "coordinates": [-69.47500610351562, -40.474998474121094]}, "properties": {"precip_mm": 4.4}}, {"type": "Feature", "geometry": {"type": "Point", "coordinates": [-68.97500610351562, -40.474998474121094]}, "properties": {"precip_mm": 1.1}}, {"type": "Feature", "geometry": {"type": "Point", "coordinates": [-68.47500610351562, -40.474998474121094]}, "properties": {"precip_mm": 0.6}}, {"type": "Feature", "geometry": {"type": "Point", "coordinates": [-67.97500610351562, -40.474998474121094]}, "properties": {"precip_mm": 0.0}}, {"type": "Feature", "geometry": {"type": "Point", "coordinates": [-67.47500610351562, -40.474998474121094]}, "properties": {"precip_mm": 0.6}}, {"type": "Feature", "geometry": {"type": "Point", "coordinates": [-66.97500610351562, -40.474998474121094]}, "properties": {"precip_mm": 1.1}}, {"type": "Feature", "geometry": {"type": "Point", "coordinates": [-66.47500610351562, -40.474998474121094]}, "properties": {"precip_mm": 1.6}}, {"type": "Feature", "geometry": {"type": "Point", "coordinates": [-65.97500610351562, -40.474998474121094]}, "properties": {"precip_mm": 1.6}}, {"type": "Feature", "geometry": {"type": "Point", "coordinates": [-65.47500610351562, -40.474998474121094]}, "properties": {"precip_mm": 2.3}}, {"type": "Feature", "geometry": {"type": "Point", "coordinates": [-64.97500610351562, -40.474998474121094]}, "properties": {"precip_mm": 1.3}}, {"type": "Feature", "geometry": {"type": "Point", "coordinates": [-64.47500610351562, -40.474998474121094]}, "properties": {"precip_mm": 0.9}}, {"type": "Feature", "geometry": {"type": "Point", "coordinates": [-63.975006103515625, -40.474998474121094]}, "properties": {"precip_mm": 1.0}}, {"type": "Feature", "geometry": {"type": "Point", "coordinates": [-63.475006103515625, -40.474998474121094]}, "properties": {"precip_mm": 1.3}}, {"type": "Feature", "geometry": {"type": "Point", "coordinates": [-62.975006103515625, -40.474998474121094]}, "properties": {"precip_mm": 1.8}}, {"type": "Feature", "geometry": {"type": "Point", "coordinates": [-62.475006103515625, -40.474998474121094]}, "properties": {"precip_mm": 2.0}}, {"type": "Feature", "geometry": {"type": "Point", "coordinates": [-73.47500610351562, -39.974998474121094]}, "properties": {"precip_mm": 15.5}}, {"type": "Feature", "geometry": {"type": "Point", "coordinates": [-72.97500610351562, -39.974998474121094]}, "properties": {"precip_mm": 17.5}}, {"type": "Feature", "geometry": {"type": "Point", "coordinates": [-72.47500610351562, -39.974998474121094]}, "properties": {"precip_mm": 18.6}}, {"type": "Feature", "geometry": {"type": "Point", "coordinates": [-71.97500610351562, -39.974998474121094]}, "properties": {"precip_mm": 24.7}}, {"type": "Feature", "geometry": {"type": "Point", "coordinates": [-71.47500610351562, -39.974998474121094]}, "properties": {"precip_mm": 18.2}}, {"type": "Feature", "geometry": {"type": "Point", "coordinates": [-70.97500610351562, -39.974998474121094]}, "properties": {"precip_mm": 7.2}}, {"type": "Feature", "geometry": {"type": "Point", "coordinates": [-70.47500610351562, -39.974998474121094]}, "properties": {"precip_mm": 5.9}}, {"type": "Feature", "geometry": {"type": "Point", "coordinates": [-69.97500610351562, -39.974998474121094]}, "properties": {"precip_mm": 0.1}}, {"type": "Feature", "geometry": {"type": "Point", "coordinates": [-69.47500610351562, -39.974998474121094]}, "properties": {"precip_mm": 0.1}}, {"type": "Feature", "geometry": {"type": "Point", "coordinates": [-68.97500610351562, -39.974998474121094]}, "properties": {"precip_mm": 0.1}}, {"type": "Feature", "geometry": {"type": "Point", "coordinates": [-68.47500610351562, -39.974998474121094]}, "properties": {"precip_mm": 0.0}}, {"type": "Feature", "geometry": {"type": "Point", "coordinates": [-67.97500610351562, -39.974998474121094]}, "properties": {"precip_mm": 0.1}}, {"type": "Feature", "geometry": {"type": "Point", "coordinates": [-67.47500610351562, -39.974998474121094]}, "properties": {"precip_mm": 0.9}}, {"type": "Feature", "geometry": {"type": "Point", "coordinates": [-66.97500610351562, -39.974998474121094]}, "properties": {"precip_mm": 1.8}}, {"type": "Feature", "geometry": {"type": "Point", "coordinates": [-66.47500610351562, -39.974998474121094]}, "properties": {"precip_mm": 2.0}}, {"type": "Feature", "geometry": {"type": "Point", "coordinates": [-65.97500610351562, -39.974998474121094]}, "properties": {"precip_mm": 2.0}}, {"type": "Feature", "geometry": {"type": "Point", "coordinates": [-65.47500610351562, -39.974998474121094]}, "properties": {"precip_mm": 1.6}}, {"type": "Feature", "geometry": {"type": "Point", "coordinates": [-64.97500610351562, -39.974998474121094]}, "properties": {"precip_mm": 1.5}}, {"type": "Feature", "geometry": {"type": "Point", "coordinates": [-64.47500610351562, -39.974998474121094]}, "properties": {"precip_mm": 1.0}}, {"type": "Feature", "geometry": {"type": "Point", "coordinates": [-63.975006103515625, -39.974998474121094]}, "properties": {"precip_mm": 0.9}}, {"type": "Feature", "geometry": {"type": "Point", "coordinates": [-63.475006103515625, -39.974998474121094]}, "properties": {"precip_mm": 1.5}}, {"type": "Feature", "geometry": {"type": "Point", "coordinates": [-62.975006103515625, -39.974998474121094]}, "properties": {"precip_mm": 1.8}}, {"type": "Feature", "geometry": {"type": "Point", "coordinates": [-62.475006103515625, -39.974998474121094]}, "properties": {"precip_mm": 1.7}}, {"type": "Feature", "geometry": {"type": "Point", "coordinates": [-72.97500610351562, -39.474998474121094]}, "properties": {"precip_mm": 16.4}}, {"type": "Feature", "geometry": {"type": "Point", "coordinates": [-72.47500610351562, -39.474998474121094]}, "properties": {"precip_mm": 21.9}}, {"type": "Feature", "geometry": {"type": "Point", "coordinates": [-71.97500610351562, -39.474998474121094]}, "properties": {"precip_mm": 23.6}}, {"type": "Feature", "geometry": {"type": "Point", "coordinates": [-71.47500610351562, -39.474998474121094]}, "properties": {"precip_mm": 21.2}}, {"type": "Feature", "geometry": {"type": "Point", "coordinates": [-70.97500610351562, -39.474998474121094]}, "properties": {"precip_mm": 9.4}}, {"type": "Feature", "geometry": {"type": "Point", "coordinates": [-70.47500610351562, -39.474998474121094]}, "properties": {"precip_mm": 6.4}}, {"type": "Feature", "geometry": {"type": "Point", "coordinates": [-69.97500610351562, -39.474998474121094]}, "properties": {"precip_mm": 1.6}}, {"type": "Feature", "geometry": {"type": "Point", "coordinates": [-69.47500610351562, -39.474998474121094]}, "properties": {"precip_mm": 0.9}}, {"type": "Feature", "geometry": {"type": "Point", "coordinates": [-68.97500610351562, -39.474998474121094]}, "properties": {"precip_mm": 0.0}}, {"type": "Feature", "geometry": {"type": "Point", "coordinates": [-68.47500610351562, -39.474998474121094]}, "properties": {"precip_mm": 0.1}}, {"type": "Feature", "geometry": {"type": "Point", "coordinates": [-67.97500610351562, -39.474998474121094]}, "properties": {"precip_mm": 0.1}}, {"type": "Feature", "geometry": {"type": "Point", "coordinates": [-67.47500610351562, -39.474998474121094]}, "properties": {"precip_mm": 0.5}}, {"type": "Feature", "geometry": {"type": "Point", "coordinates": [-66.97500610351562, -39.474998474121094]}, "properties": {"precip_mm": 1.2}}, {"type": "Feature", "geometry": {"type": "Point", "coordinates": [-66.47500610351562, -39.474998474121094]}, "properties": {"precip_mm": 1.3}}, {"type": "Feature", "geometry": {"type": "Point", "coordinates": [-65.97500610351562, -39.474998474121094]}, "properties": {"precip_mm": 1.6}}, {"type": "Feature", "geometry": {"type": "Point", "coordinates": [-65.47500610351562, -39.474998474121094]}, "properties": {"precip_mm": 1.6}}, {"type": "Feature", "geometry": {"type": "Point", "coordinates": [-64.97500610351562, -39.474998474121094]}, "properties": {"precip_mm": 1.0}}, {"type": "Feature", "geometry": {"type": "Point", "coordinates": [-64.47500610351562, -39.474998474121094]}, "properties": {"precip_mm": 0.9}}, {"type": "Feature", "geometry": {"type": "Point", "coordinates": [-63.975006103515625, -39.474998474121094]}, "properties": {"precip_mm": 1.0}}, {"type": "Feature", "geometry": {"type": "Point", "coordinates": [-63.475006103515625, -39.474998474121094]}, "properties": {"precip_mm": 1.9}}, {"type": "Feature", "geometry": {"type": "Point", "coordinates": [-62.975006103515625, -39.474998474121094]}, "properties": {"precip_mm": 2.5}}, {"type": "Feature", "geometry": {"type": "Point", "coordinates": [-62.475006103515625, -39.474998474121094]}, "properties": {"precip_mm": 2.3}}, {"type": "Feature", "geometry": {"type": "Point", "coordinates": [-72.97500610351562, -38.974998474121094]}, "properties": {"precip_mm": 11.2}}, {"type": "Feature", "geometry": {"type": "Point", "coordinates": [-72.47500610351562, -38.974998474121094]}, "properties": {"precip_mm": 15.4}}, {"type": "Feature", "geometry": {"type": "Point", "coordinates": [-71.97500610351562, -38.974998474121094]}, "properties": {"precip_mm": 23.1}}, {"type": "Feature", "geometry": {"type": "Point", "coordinates": [-71.47500610351562, -38.974998474121094]}, "properties": {"precip_mm": 27.9}}, {"type": "Feature", "geometry": {"type": "Point", "coordinates": [-70.97500610351562, -38.974998474121094]}, "properties": {"precip_mm": 14.3}}, {"type": "Feature", "geometry": {"type": "Point", "coordinates": [-70.47500610351562, -38.974998474121094]}, "properties": {"precip_mm": 6.9}}, {"type": "Feature", "geometry": {"type": "Point", "coordinates": [-69.97500610351562, -38.974998474121094]}, "properties": {"precip_mm": 2.2}}, {"type": "Feature", "geometry": {"type": "Point", "coordinates": [-69.47500610351562, -38.974998474121094]}, "properties": {"precip_mm": 1.0}}, {"type": "Feature", "geometry": {"type": "Point", "coordinates": [-68.97500610351562, -38.974998474121094]}, "properties": {"precip_mm": 0.0}}, {"type": "Feature", "geometry": {"type": "Point", "coordinates": [-68.47500610351562, -38.974998474121094]}, "properties": {"precip_mm": 0.0}}, {"type": "Feature", "geometry": {"type": "Point", "coordinates": [-67.97500610351562, -38.974998474121094]}, "properties": {"precip_mm": 1.8}}, {"type": "Feature", "geometry": {"type": "Point", "coordinates": [-67.47500610351562, -38.974998474121094]}, "properties": {"precip_mm": 1.1}}, {"type": "Feature", "geometry": {"type": "Point", "coordinates": [-66.97500610351562, -38.974998474121094]}, "properties": {"precip_mm": 1.2}}, {"type": "Feature", "geometry": {"type": "Point", "coordinates": [-66.47500610351562, -38.974998474121094]}, "properties": {"precip_mm": 1.7}}, {"type": "Feature", "geometry": {"type": "Point", "coordinates": [-65.97500610351562, -38.974998474121094]}, "properties": {"precip_mm": 1.3}}, {"type": "Feature", "geometry": {"type": "Point", "coordinates": [-65.47500610351562, -38.974998474121094]}, "properties": {"precip_mm": 1.2}}, {"type": "Feature", "geometry": {"type": "Point", "coordinates": [-64.97500610351562, -38.974998474121094]}, "properties": {"precip_mm": 1.2}}, {"type": "Feature", "geometry": {"type": "Point", "coordinates": [-64.47500610351562, -38.974998474121094]}, "properties": {"precip_mm": 0.9}}, {"type": "Feature", "geometry": {"type": "Point", "coordinates": [-63.975006103515625, -38.974998474121094]}, "properties": {"precip_mm": 1.1}}, {"type": "Feature", "geometry": {"type": "Point", "coordinates": [-63.475006103515625, -38.974998474121094]}, "properties": {"precip_mm": 2.2}}, {"type": "Feature", "geometry": {"type": "Point", "coordinates": [-62.975006103515625, -38.974998474121094]}, "properties": {"precip_mm": 2.0}}, {"type": "Feature", "geometry": {"type": "Point", "coordinates": [-62.475006103515625, -38.974998474121094]}, "properties": {"precip_mm": 2.1}}, {"type": "Feature", "geometry": {"type": "Point", "coordinates": [-61.975006103515625, -38.974998474121094]}, "properties": {"precip_mm": 2.7}}, {"type": "Feature", "geometry": {"type": "Point", "coordinates": [-61.475006103515625, -38.974998474121094]}, "properties": {"precip_mm": 2.7}}, {"type": "Feature", "geometry": {"type": "Point", "coordinates": [-60.975006103515625, -38.974998474121094]}, "properties": {"precip_mm": 3.9}}, {"type": "Feature", "geometry": {"type": "Point", "coordinates": [-73.47500610351562, -38.474998474121094]}, "properties": {"precip_mm": 7.0}}, {"type": "Feature", "geometry": {"type": "Point", "coordinates": [-72.97500610351562, -38.474998474121094]}, "properties": {"precip_mm": 9.3}}, {"type": "Feature", "geometry": {"type": "Point", "coordinates": [-72.47500610351562, -38.474998474121094]}, "properties": {"precip_mm": 11.9}}, {"type": "Feature", "geometry": {"type": "Point", "coordinates": [-71.97500610351562, -38.474998474121094]}, "properties": {"precip_mm": 20.8}}, {"type": "Feature", "geometry": {"type": "Point", "coordinates": [-71.47500610351562, -38.474998474121094]}, "properties": {"precip_mm": 27.0}}, {"type": "Feature", "geometry": {"type": "Point", "coordinates": [-70.97500610351562, -38.474998474121094]}, "properties": {"precip_mm": 16.1}}, {"type": "Feature", "geometry": {"type": "Point", "coordinates": [-70.47500610351562, -38.474998474121094]}, "properties": {"precip_mm": 2.8}}, {"type": "Feature", "geometry": {"type": "Point", "coordinates": [-69.97500610351562, -38.474998474121094]}, "properties": {"precip_mm": 0.5}}, {"type": "Feature", "geometry": {"type": "Point", "coordinates": [-69.47500610351562, -38.474998474121094]}, "properties": {"precip_mm": 0.0}}, {"type": "Feature", "geometry": {"type": "Point", "coordinates": [-68.97500610351562, -38.474998474121094]}, "properties": {"precip_mm": 0.0}}, {"type": "Feature", "geometry": {"type": "Point", "coordinates": [-68.47500610351562, -38.474998474121094]}, "properties": {"precip_mm": 0.0}}, {"type": "Feature", "geometry": {"type": "Point", "coordinates": [-67.97500610351562, -38.474998474121094]}, "properties": {"precip_mm": 0.0}}, {"type": "Feature", "geometry": {"type": "Point", "coordinates": [-67.47500610351562, -38.474998474121094]}, "properties": {"precip_mm": 0.2}}, {"type": "Feature", "geometry": {"type": "Point", "coordinates": [-66.97500610351562, -38.474998474121094]}, "properties": {"precip_mm": 1.1}}, {"type": "Feature", "geometry": {"type": "Point", "coordinates": [-66.47500610351562, -38.474998474121094]}, "properties": {"precip_mm": 1.4}}, {"type": "Feature", "geometry": {"type": "Point", "coordinates": [-65.97500610351562, -38.474998474121094]}, "properties": {"precip_mm": 0.8}}, {"type": "Feature", "geometry": {"type": "Point", "coordinates": [-65.47500610351562, -38.474998474121094]}, "properties": {"precip_mm": 0.9}}, {"type": "Feature", "geometry": {"type": "Point", "coordinates": [-64.97500610351562, -38.474998474121094]}, "properties": {"precip_mm": 0.9}}, {"type": "Feature", "geometry": {"type": "Point", "coordinates": [-64.47500610351562, -38.474998474121094]}, "properties": {"precip_mm": 0.9}}, {"type": "Feature", "geometry": {"type": "Point", "coordinates": [-63.975006103515625, -38.474998474121094]}, "properties": {"precip_mm": 1.9}}, {"type": "Feature", "geometry": {"type": "Point", "coordinates": [-63.475006103515625, -38.474998474121094]}, "properties": {"precip_mm": 1.8}}, {"type": "Feature", "geometry": {"type": "Point", "coordinates": [-62.975006103515625, -38.474998474121094]}, "properties": {"precip_mm": 2.2}}, {"type": "Feature", "geometry": {"type": "Point", "coordinates": [-62.475006103515625, -38.474998474121094]}, "properties": {"precip_mm": 2.0}}, {"type": "Feature", "geometry": {"type": "Point", "coordinates": [-61.975006103515625, -38.474998474121094]}, "properties": {"precip_mm": 2.5}}, {"type": "Feature", "geometry": {"type": "Point", "coordinates": [-61.475006103515625, -38.474998474121094]}, "properties": {"precip_mm": 2.6}}, {"type": "Feature", "geometry": {"type": "Point", "coordinates": [-60.975006103515625, -38.474998474121094]}, "properties": {"precip_mm": 3.6}}, {"type": "Feature", "geometry": {"type": "Point", "coordinates": [-60.475006103515625, -38.474998474121094]}, "properties": {"precip_mm": 3.3}}, {"type": "Feature", "geometry": {"type": "Point", "coordinates": [-59.975006103515625, -38.474998474121094]}, "properties": {"precip_mm": 3.5}}, {"type": "Feature", "geometry": {"type": "Point", "coordinates": [-59.475006103515625, -38.474998474121094]}, "properties": {"precip_mm": 3.8}}, {"type": "Feature", "geometry": {"type": "Point", "coordinates": [-58.975006103515625, -38.474998474121094]}, "properties": {"precip_mm": 4.6}}, {"type": "Feature", "geometry": {"type": "Point", "coordinates": [-58.475006103515625, -38.474998474121094]}, "properties": {"precip_mm": 4.2}}, {"type": "Feature", "geometry": {"type": "Point", "coordinates": [-73.47500610351562, -37.974998474121094]}, "properties": {"precip_mm": 7.9}}, {"type": "Feature", "geometry": {"type": "Point", "coordinates": [-72.97500610351562, -37.974998474121094]}, "properties": {"precip_mm": 12.2}}, {"type": "Feature", "geometry": {"type": "Point", "coordinates": [-72.47500610351562, -37.974998474121094]}, "properties": {"precip_mm": 10.8}}, {"type": "Feature", "geometry": {"type": "Point", "coordinates": [-71.97500610351562, -37.974998474121094]}, "properties": {"precip_mm": 20.5}}, {"type": "Feature", "geometry": {"type": "Point", "coordinates": [-71.47500610351562, -37.974998474121094]}, "properties": {"precip_mm": 25.3}}, {"type": "Feature", "geometry": {"type": "Point", "coordinates": [-70.97500610351562, -37.974998474121094]}, "properties": {"precip_mm": 13.3}}, {"type": "Feature", "geometry": {"type": "Point", "coordinates": [-70.47500610351562, -37.974998474121094]}, "properties": {"precip_mm": 3.7}}, {"type": "Feature", "geometry": {"type": "Point", "coordinates": [-69.97500610351562, -37.974998474121094]}, "properties": {"precip_mm": 1.0}}, {"type": "Feature", "geometry": {"type": "Point", "coordinates": [-69.47500610351562, -37.974998474121094]}, "properties": {"precip_mm": 0.1}}, {"type": "Feature", "geometry": {"type": "Point", "coordinates": [-68.97500610351562, -37.974998474121094]}, "properties": {"precip_mm": 0.0}}, {"type": "Feature", "geometry": {"type": "Point", "coordinates": [-68.47500610351562, -37.974998474121094]}, "properties": {"precip_mm": 0.0}}, {"type": "Feature", "geometry": {"type": "Point", "coordinates": [-67.97500610351562, -37.974998474121094]}, "properties": {"precip_mm": 0.0}}, {"type": "Feature", "geometry": {"type": "Point", "coordinates": [-67.47500610351562, -37.974998474121094]}, "properties": {"precip_mm": 0.1}}, {"type": "Feature", "geometry": {"type": "Point", "coordinates": [-66.97500610351562, -37.974998474121094]}, "properties": {"precip_mm": 0.3}}, {"type": "Feature", "geometry": {"type": "Point", "coordinates": [-66.47500610351562, -37.974998474121094]}, "properties": {"precip_mm": 0.5}}, {"type": "Feature", "geometry": {"type": "Point", "coordinates": [-65.97500610351562, -37.974998474121094]}, "properties": {"precip_mm": 0.7}}, {"type": "Feature", "geometry": {"type": "Point", "coordinates": [-65.47500610351562, -37.974998474121094]}, "properties": {"precip_mm": 0.6}}, {"type": "Feature", "geometry": {"type": "Point", "coordinates": [-64.97500610351562, -37.974998474121094]}, "properties": {"precip_mm": 0.7}}, {"type": "Feature", "geometry": {"type": "Point", "coordinates": [-64.47500610351562, -37.974998474121094]}, "properties": {"precip_mm": 0.9}}, {"type": "Feature", "geometry": {"type": "Point", "coordinates": [-63.975006103515625, -37.974998474121094]}, "properties": {"precip_mm": 1.3}}, {"type": "Feature", "geometry": {"type": "Point", "coordinates": [-63.475006103515625, -37.974998474121094]}, "properties": {"precip_mm": 1.4}}, {"type": "Feature", "geometry": {"type": "Point", "coordinates": [-62.975006103515625, -37.974998474121094]}, "properties": {"precip_mm": 1.6}}, {"type": "Feature", "geometry": {"type": "Point", "coordinates": [-62.475006103515625, -37.974998474121094]}, "properties": {"precip_mm": 2.1}}, {"type": "Feature", "geometry": {"type": "Point", "coordinates": [-61.975006103515625, -37.974998474121094]}, "properties": {"precip_mm": 1.1}}, {"type": "Feature", "geometry": {"type": "Point", "coordinates": [-61.475006103515625, -37.974998474121094]}, "properties": {"precip_mm": 3.0}}, {"type": "Feature", "geometry": {"type": "Point", "coordinates": [-60.975006103515625, -37.974998474121094]}, "properties": {"precip_mm": 3.8}}, {"type": "Feature", "geometry": {"type": "Point", "coordinates": [-60.475006103515625, -37.974998474121094]}, "properties": {"precip_mm": 3.5}}, {"type": "Feature", "geometry": {"type": "Point", "coordinates": [-59.975006103515625, -37.974998474121094]}, "properties": {"precip_mm": 3.4}}, {"type": "Feature", "geometry": {"type": "Point", "coordinates": [-59.475006103515625, -37.974998474121094]}, "properties": {"precip_mm": 3.8}}, {"type": "Feature", "geometry": {"type": "Point", "coordinates": [-58.975006103515625, -37.974998474121094]}, "properties": {"precip_mm": 4.4}}, {"type": "Feature", "geometry": {"type": "Point", "coordinates": [-58.475006103515625, -37.974998474121094]}, "properties": {"precip_mm": 4.4}}, {"type": "Feature", "geometry": {"type": "Point", "coordinates": [-57.975006103515625, -37.974998474121094]}, "properties": {"precip_mm": 3.8}}, {"type": "Feature", "geometry": {"type": "Point", "coordinates": [-73.47500610351562, -37.474998474121094]}, "properties": {"precip_mm": 11.1}}, {"type": "Feature", "geometry": {"type": "Point", "coordinates": [-72.97500610351562, -37.474998474121094]}, "properties": {"precip_mm": 15.7}}, {"type": "Feature", "geometry": {"type": "Point", "coordinates": [-72.47500610351562, -37.474998474121094]}, "properties": {"precip_mm": 11.3}}, {"type": "Feature", "geometry": {"type": "Point", "coordinates": [-71.97500610351562, -37.474998474121094]}, "properties": {"precip_mm": 14.2}}, {"type": "Feature", "geometry": {"type": "Point", "coordinates": [-71.47500610351562, -37.474998474121094]}, "properties": {"precip_mm": 16.3}}, {"type": "Feature", "geometry": {"type": "Point", "coordinates": [-70.97500610351562, -37.474998474121094]}, "properties": {"precip_mm": 12.7}}, {"type": "Feature", "geometry": {"type": "Point", "coordinates": [-70.47500610351562, -37.474998474121094]}, "properties": {"precip_mm": 3.7}}, {"type": "Feature", "geometry": {"type": "Point", "coordinates": [-69.97500610351562, -37.474998474121094]}, "properties": {"precip_mm": 1.4}}, {"type": "Feature", "geometry": {"type": "Point", "coordinates": [-69.47500610351562, -37.474998474121094]}, "properties": {"precip_mm": 0.1}}, {"type": "Feature", "geometry": {"type": "Point", "coordinates": [-68.97500610351562, -37.474998474121094]}, "properties": {"precip_mm": 0.0}}, {"type": "Feature", "geometry": {"type": "Point", "coordinates": [-68.47500610351562, -37.474998474121094]}, "properties": {"precip_mm": 0.0}}, {"type": "Feature", "geometry": {"type": "Point", "coordinates": [-67.97500610351562, -37.474998474121094]}, "properties": {"precip_mm": 0.0}}, {"type": "Feature", "geometry": {"type": "Point", "coordinates": [-67.47500610351562, -37.474998474121094]}, "properties": {"precip_mm": 0.0}}, {"type": "Feature", "geometry": {"type": "Point", "coordinates": [-66.97500610351562, -37.474998474121094]}, "properties": {"precip_mm": 0.4}}, {"type": "Feature", "geometry": {"type": "Point", "coordinates": [-66.47500610351562, -37.474998474121094]}, "properties": {"precip_mm": 0.8}}, {"type": "Feature", "geometry": {"type": "Point", "coordinates": [-65.97500610351562, -37.474998474121094]}, "properties": {"precip_mm": 0.8}}, {"type": "Feature", "geometry": {"type": "Point", "coordinates": [-65.47500610351562, -37.474998474121094]}, "properties": {"precip_mm": 0.8}}, {"type": "Feature", "geometry": {"type": "Point", "coordinates": [-64.97500610351562, -37.474998474121094]}, "properties": {"precip_mm": 0.5}}, {"type": "Feature", "geometry": {"type": "Point", "coordinates": [-64.47500610351562, -37.474998474121094]}, "properties": {"precip_mm": 0.6}}, {"type": "Feature", "geometry": {"type": "Point", "coordinates": [-63.975006103515625, -37.474998474121094]}, "properties": {"precip_mm": 1.6}}, {"type": "Feature", "geometry": {"type": "Point", "coordinates": [-63.475006103515625, -37.474998474121094]}, "properties": {"precip_mm": 1.7}}, {"type": "Feature", "geometry": {"type": "Point", "coordinates": [-62.975006103515625, -37.474998474121094]}, "properties": {"precip_mm": 1.4}}, {"type": "Feature", "geometry": {"type": "Point", "coordinates": [-62.475006103515625, -37.474998474121094]}, "properties": {"precip_mm": 1.9}}, {"type": "Feature", "geometry": {"type": "Point", "coordinates": [-61.975006103515625, -37.474998474121094]}, "properties": {"precip_mm": 2.4}}, {"type": "Feature", "geometry": {"type": "Point", "coordinates": [-61.475006103515625, -37.474998474121094]}, "properties": {"precip_mm": 3.2}}, {"type": "Feature", "geometry": {"type": "Point", "coordinates": [-60.975006103515625, -37.474998474121094]}, "properties": {"precip_mm": 3.9}}, {"type": "Feature", "geometry": {"type": "Point", "coordinates": [-60.475006103515625, -37.474998474121094]}, "properties": {"precip_mm": 3.9}}, {"type": "Feature", "geometry": {"type": "Point", "coordinates": [-59.975006103515625, -37.474998474121094]}, "properties": {"precip_mm": 3.4}}, {"type": "Feature", "geometry": {"type": "Point", "coordinates": [-59.475006103515625, -37.474998474121094]}, "properties": {"precip_mm": 3.2}}, {"type": "Feature", "geometry": {"type": "Point", "coordinates": [-58.975006103515625, -37.474998474121094]}, "properties": {"precip_mm": 3.3}}, {"type": "Feature", "geometry": {"type": "Point", "coordinates": [-58.475006103515625, -37.474998474121094]}, "properties": {"precip_mm": 4.9}}, {"type": "Feature", "geometry": {"type": "Point", "coordinates": [-57.975006103515625, -37.474998474121094]}, "properties": {"precip_mm": 4.9}}, {"type": "Feature", "geometry": {"type": "Point", "coordinates": [-57.475006103515625, -37.474998474121094]}, "properties": {"precip_mm": 3.7}}, {"type": "Feature", "geometry": {"type": "Point", "coordinates": [-72.97500610351562, -36.974998474121094]}, "properties": {"precip_mm": 14.1}}, {"type": "Feature", "geometry": {"type": "Point", "coordinates": [-72.47500610351562, -36.974998474121094]}, "properties": {"precip_mm": 11.8}}, {"type": "Feature", "geometry": {"type": "Point", "coordinates": [-71.97500610351562, -36.974998474121094]}, "properties": {"precip_mm": 10.5}}, {"type": "Feature", "geometry": {"type": "Point", "coordinates": [-71.47500610351562, -36.974998474121094]}, "properties": {"precip_mm": 11.8}}, {"type": "Feature", "geometry": {"type": "Point", "coordinates": [-70.97500610351562, -36.974998474121094]}, "properties": {"precip_mm": 11.6}}, {"type": "Feature", "geometry": {"type": "Point", "coordinates": [-70.47500610351562, -36.974998474121094]}, "properties": {"precip_mm": 5.8}}, {"type": "Feature", "geometry": {"type": "Point", "coordinates": [-69.97500610351562, -36.974998474121094]}, "properties": {"precip_mm": 5.2}}, {"type": "Feature", "geometry": {"type": "Point", "coordinates": [-69.47500610351562, -36.974998474121094]}, "properties": {"precip_mm": 0.8}}, {"type": "Feature", "geometry": {"type": "Point", "coordinates": [-68.97500610351562, -36.974998474121094]}, "properties": {"precip_mm": 0.0}}, {"type": "Feature", "geometry": {"type": "Point", "coordinates": [-68.47500610351562, -36.974998474121094]}, "properties": {"precip_mm": 0.0}}, {"type": "Feature", "geometry": {"type": "Point", "coordinates": [-67.97500610351562, -36.974998474121094]}, "properties": {"precip_mm": 0.0}}, {"type": "Feature", "geometry": {"type": "Point", "coordinates": [-67.47500610351562, -36.974998474121094]}, "properties": {"precip_mm": 0.0}}, {"type": "Feature", "geometry": {"type": "Point", "coordinates": [-66.97500610351562, -36.974998474121094]}, "properties": {"precip_mm": 0.6}}, {"type": "Feature", "geometry": {"type": "Point", "coordinates": [-66.47500610351562, -36.974998474121094]}, "properties": {"precip_mm": 1.4}}, {"type": "Feature", "geometry": {"type": "Point", "coordinates": [-65.97500610351562, -36.974998474121094]}, "properties": {"precip_mm": 1.2}}, {"type": "Feature", "geometry": {"type": "Point", "coordinates": [-65.47500610351562, -36.974998474121094]}, "properties": {"precip_mm": 0.9}}, {"type": "Feature", "geometry": {"type": "Point", "coordinates": [-64.97500610351562, -36.974998474121094]}, "properties": {"precip_mm": 0.6}}, {"type": "Feature", "geometry": {"type": "Point", "coordinates": [-64.47500610351562, -36.974998474121094]}, "properties": {"precip_mm": 1.0}}, {"type": "Feature", "geometry": {"type": "Point", "coordinates": [-63.975006103515625, -36.974998474121094]}, "properties": {"precip_mm": 1.5}}, {"type": "Feature", "geometry": {"type": "Point", "coordinates": [-63.475006103515625, -36.974998474121094]}, "properties": {"precip_mm": 1.6}}, {"type": "Feature", "geometry": {"type": "Point", "coordinates": [-62.975006103515625, -36.974998474121094]}, "properties": {"precip_mm": 1.9}}, {"type": "Feature", "geometry": {"type": "Point", "coordinates": [-62.475006103515625, -36.974998474121094]}, "properties": {"precip_mm": 1.9}}, {"type": "Feature", "geometry": {"type": "Point", "coordinates": [-61.975006103515625, -36.974998474121094]}, "properties": {"precip_mm": 2.7}}, {"type": "Feature", "geometry": {"type": "Point", "coordinates": [-61.475006103515625, -36.974998474121094]}, "properties": {"precip_mm": 3.0}}, {"type": "Feature", "geometry": {"type": "Point", "coordinates": [-60.975006103515625, -36.974998474121094]}, "properties": {"precip_mm": 3.6}}, {"type": "Feature", "geometry": {"type": "Point", "coordinates": [-60.475006103515625, -36.974998474121094]}, "properties": {"precip_mm": 3.5}}, {"type": "Feature", "geometry": {"type": "Point", "coordinates": [-59.975006103515625, -36.974998474121094]}, "properties": {"precip_mm": 3.9}}, {"type": "Feature", "geometry": {"type": "Point", "coordinates": [-59.475006103515625, -36.974998474121094]}, "properties": {"precip_mm": 4.3}}, {"type": "Feature", "geometry": {"type": "Point", "coordinates": [-58.975006103515625, -36.974998474121094]}, "properties": {"precip_mm": 4.0}}, {"type": "Feature", "geometry": {"type": "Point", "coordinates": [-58.475006103515625, -36.974998474121094]}, "properties": {"precip_mm": 4.3}}, {"type": "Feature", "geometry": {"type": "Point", "coordinates": [-57.975006103515625, -36.974998474121094]}, "properties": {"precip_mm": 4.5}}, {"type": "Feature", "geometry": {"type": "Point", "coordinates": [-57.475006103515625, -36.974998474121094]}, "properties": {"precip_mm": 3.4}}, {"type": "Feature", "geometry": {"type": "Point", "coordinates": [-56.975006103515625, -36.974998474121094]}, "properties": {"precip_mm": 4.2}}, {"type": "Feature", "geometry": {"type": "Point", "coordinates": [-72.47500610351562, -36.474998474121094]}, "properties": {"precip_mm": 10.6}}, {"type": "Feature", "geometry": {"type": "Point", "coordinates": [-71.97500610351562, -36.474998474121094]}, "properties": {"precip_mm": 9.8}}, {"type": "Feature", "geometry": {"type": "Point", "coordinates": [-71.47500610351562, -36.474998474121094]}, "properties": {"precip_mm": 11.4}}, {"type": "Feature", "geometry": {"type": "Point", "coordinates": [-70.97500610351562, -36.474998474121094]}, "properties": {"precip_mm": 11.3}}, {"type": "Feature", "geometry": {"type": "Point", "coordinates": [-70.47500610351562, -36.474998474121094]}, "properties": {"precip_mm": 8.5}}, {"type": "Feature", "geometry": {"type": "Point", "coordinates": [-69.97500610351562, -36.474998474121094]}, "properties": {"precip_mm": 2.8}}, {"type": "Feature", "geometry": {"type": "Point", "coordinates": [-69.47500610351562, -36.474998474121094]}, "properties": {"precip_mm": 2.4}}, {"type": "Feature", "geometry": {"type": "Point", "coordinates": [-68.97500610351562, -36.474998474121094]}, "properties": {"precip_mm": 2.4}}, {"type": "Feature", "geometry": {"type": "Point", "coordinates": [-68.47500610351562, -36.474998474121094]}, "properties": {"precip_mm": 0.2}}, {"type": "Feature", "geometry": {"type": "Point", "coordinates": [-67.97500610351562, -36.474998474121094]}, "properties": {"precip_mm": 0.0}}, {"type": "Feature", "geometry": {"type": "Point", "coordinates": [-67.47500610351562, -36.474998474121094]}, "properties": {"precip_mm": 0.3}}, {"type": "Feature", "geometry": {"type": "Point", "coordinates": [-66.97500610351562, -36.474998474121094]}, "properties": {"precip_mm": 0.8}}, {"type": "Feature", "geometry": {"type": "Point", "coordinates": [-66.47500610351562, -36.474998474121094]}, "properties": {"precip_mm": 1.2}}, {"type": "Feature", "geometry": {"type": "Point", "coordinates": [-65.97500610351562, -36.474998474121094]}, "properties": {"precip_mm": 1.0}}, {"type": "Feature", "geometry": {"type": "Point", "coordinates": [-65.47500610351562, -36.474998474121094]}, "properties": {"precip_mm": 0.6}}, {"type": "Feature", "geometry": {"type": "Point", "coordinates": [-64.97500610351562, -36.474998474121094]}, "properties": {"precip_mm": 0.6}}, {"type": "Feature", "geometry": {"type": "Point", "coordinates": [-64.47500610351562, -36.474998474121094]}, "properties": {"precip_mm": 0.9}}, {"type": "Feature", "geometry": {"type": "Point", "coordinates": [-63.975006103515625, -36.474998474121094]}, "properties": {"precip_mm": 1.3}}, {"type": "Feature", "geometry": {"type": "Point", "coordinates": [-63.475006103515625, -36.474998474121094]}, "properties": {"precip_mm": 1.3}}, {"type": "Feature", "geometry": {"type": "Point", "coordinates": [-62.975006103515625, -36.474998474121094]}, "properties": {"precip_mm": 1.9}}, {"type": "Feature", "geometry": {"type": "Point", "coordinates": [-62.475006103515625, -36.474998474121094]}, "properties": {"precip_mm": 2.8}}, {"type": "Feature", "geometry": {"type": "Point", "coordinates": [-61.975006103515625, -36.474998474121094]}, "properties": {"precip_mm": 3.1}}, {"type": "Feature", "geometry": {"type": "Point", "coordinates": [-61.475006103515625, -36.474998474121094]}, "properties": {"precip_mm": 3.3}}, {"type": "Feature", "geometry": {"type": "Point", "coordinates": [-60.975006103515625, -36.474998474121094]}, "properties": {"precip_mm": 3.9}}, {"type": "Feature", "geometry": {"type": "Point", "coordinates": [-60.475006103515625, -36.474998474121094]}, "properties": {"precip_mm": 4.1}}, {"type": "Feature", "geometry": {"type": "Point", "coordinates": [-59.975006103515625, -36.474998474121094]}, "properties": {"precip_mm": 4.5}}, {"type": "Feature", "geometry": {"type": "Point", "coordinates": [-59.475006103515625, -36.474998474121094]}, "properties": {"precip_mm": 4.0}}, {"type": "Feature", "geometry": {"type": "Point", "coordinates": [-58.975006103515625, -36.474998474121094]}, "properties": {"precip_mm": 3.9}}, {"type": "Feature", "geometry": {"type": "Point", "coordinates": [-58.475006103515625, -36.474998474121094]}, "properties": {"precip_mm": 4.5}}, {"type": "Feature", "geometry": {"type": "Point", "coordinates": [-57.975006103515625, -36.474998474121094]}, "properties": {"precip_mm": 4.5}}, {"type": "Feature", "geometry": {"type": "Point", "coordinates": [-57.475006103515625, -36.474998474121094]}, "properties": {"precip_mm": 3.5}}, {"type": "Feature", "geometry": {"type": "Point", "coordinates": [-56.975006103515625, -36.474998474121094]}, "properties": {"precip_mm": 3.2}}, {"type": "Feature", "geometry": {"type": "Point", "coordinates": [-72.47500610351562, -35.974998474121094]}, "properties": {"precip_mm": 8.8}}, {"type": "Feature", "geometry": {"type": "Point", "coordinates": [-71.97500610351562, -35.974998474121094]}, "properties": {"precip_mm": 7.6}}, {"type": "Feature", "geometry": {"type": "Point", "coordinates": [-71.47500610351562, -35.974998474121094]}, "properties": {"precip_mm": 8.2}}, {"type": "Feature", "geometry": {"type": "Point", "coordinates": [-70.97500610351562, -35.974998474121094]}, "properties": {"precip_mm": 10.6}}, {"type": "Feature", "geometry": {"type": "Point", "coordinates": [-70.47500610351562, -35.974998474121094]}, "properties": {"precip_mm": 9.0}}, {"type": "Feature", "geometry": {"type": "Point", "coordinates": [-69.97500610351562, -35.974998474121094]}, "properties": {"precip_mm": 2.8}}, {"type": "Feature", "geometry": {"type": "Point", "coordinates": [-69.47500610351562, -35.974998474121094]}, "properties": {"precip_mm": 2.5}}, {"type": "Feature", "geometry": {"type": "Point", "coordinates": [-68.97500610351562, -35.974998474121094]}, "properties": {"precip_mm": 0.5}}, {"type": "Feature", "geometry": {"type": "Point", "coordinates": [-68.47500610351562, -35.974998474121094]}, "properties": {"precip_mm": 1.7}}, {"type": "Feature", "geometry": {"type": "Point", "coordinates": [-67.97500610351562, -35.974998474121094]}, "properties": {"precip_mm": 0.6}}, {"type": "Feature", "geometry": {"type": "Point", "coordinates": [-67.47500610351562, -35.974998474121094]}, "properties": {"precip_mm": 0.7}}, {"type": "Feature", "geometry": {"type": "Point", "coordinates": [-66.97500610351562, -35.974998474121094]}, "properties": {"precip_mm": 0.9}}, {"type": "Feature", "geometry": {"type": "Point", "coordinates": [-66.47500610351562, -35.974998474121094]}, "properties": {"precip_mm": 0.7}}, {"type": "Feature", "geometry": {"type": "Point", "coordinates": [-65.97500610351562, -35.974998474121094]}, "properties": {"precip_mm": 0.5}}, {"type": "Feature", "geometry": {"type": "Point", "coordinates": [-65.47500610351562, -35.974998474121094]}, "properties": {"precip_mm": 0.5}}, {"type": "Feature", "geometry": {"type": "Point", "coordinates": [-64.97500610351562, -35.974998474121094]}, "properties": {"precip_mm": 0.6}}, {"type": "Feature", "geometry": {"type": "Point", "coordinates": [-64.47500610351562, -35.974998474121094]}, "properties": {"precip_mm": 1.0}}, {"type": "Feature", "geometry": {"type": "Point", "coordinates": [-63.975006103515625, -35.974998474121094]}, "properties": {"precip_mm": 1.3}}, {"type": "Feature", "geometry": {"type": "Point", "coordinates": [-63.475006103515625, -35.974998474121094]}, "properties": {"precip_mm": 1.5}}, {"type": "Feature", "geometry": {"type": "Point", "coordinates": [-62.975006103515625, -35.974998474121094]}, "properties": {"precip_mm": 1.8}}, {"type": "Feature", "geometry": {"type": "Point", "coordinates": [-62.475006103515625, -35.974998474121094]}, "properties": {"precip_mm": 2.6}}, {"type": "Feature", "geometry": {"type": "Point", "coordinates": [-61.975006103515625, -35.974998474121094]}, "properties": {"precip_mm": 3.0}}, {"type": "Feature", "geometry": {"type": "Point", "coordinates": [-61.475006103515625, -35.974998474121094]}, "properties": {"precip_mm": 3.5}}, {"type": "Feature", "geometry": {"type": "Point", "coordinates": [-60.975006103515625, -35.974998474121094]}, "properties": {"precip_mm": 3.9}}, {"type": "Feature", "geometry": {"type": "Point", "coordinates": [-60.475006103515625, -35.974998474121094]}, "properties": {"precip_mm": 4.8}}, {"type": "Feature", "geometry": {"type": "Point", "coordinates": [-59.975006103515625, -35.974998474121094]}, "properties": {"precip_mm": 4.4}}, {"type": "Feature", "geometry": {"type": "Point", "coordinates": [-59.475006103515625, -35.974998474121094]}, "properties": {"precip_mm": 4.6}}, {"type": "Feature", "geometry": {"type": "Point", "coordinates": [-58.975006103515625, -35.974998474121094]}, "properties": {"precip_mm": 4.6}}, {"type": "Feature", "geometry": {"type": "Point", "coordinates": [-58.475006103515625, -35.974998474121094]}, "properties": {"precip_mm": 4.9}}, {"type": "Feature", "geometry": {"type": "Point", "coordinates": [-57.975006103515625, -35.974998474121094]}, "properties": {"precip_mm": 4.4}}, {"type": "Feature", "geometry": {"type": "Point", "coordinates": [-57.475006103515625, -35.974998474121094]}, "properties": {"precip_mm": 3.2}}, {"type": "Feature", "geometry": {"type": "Point", "coordinates": [-72.47500610351562, -35.474998474121094]}, "properties": {"precip_mm": 8.7}}, {"type": "Feature", "geometry": {"type": "Point", "coordinates": [-71.97500610351562, -35.474998474121094]}, "properties": {"precip_mm": 11.9}}, {"type": "Feature", "geometry": {"type": "Point", "coordinates": [-71.47500610351562, -35.474998474121094]}, "properties": {"precip_mm": 9.6}}, {"type": "Feature", "geometry": {"type": "Point", "coordinates": [-70.97500610351562, -35.474998474121094]}, "properties": {"precip_mm": 10.2}}, {"type": "Feature", "geometry": {"type": "Point", "coordinates": [-70.47500610351562, -35.474998474121094]}, "properties": {"precip_mm": 10.9}}, {"type": "Feature", "geometry": {"type": "Point", "coordinates": [-69.97500610351562, -35.474998474121094]}, "properties": {"precip_mm": 4.7}}, {"type": "Feature", "geometry": {"type": "Point", "coordinates": [-69.47500610351562, -35.474998474121094]}, "properties": {"precip_mm": 1.2}}, {"type": "Feature", "geometry": {"type": "Point", "coordinates": [-68.97500610351562, -35.474998474121094]}, "properties": {"precip_mm": 0.4}}, {"type": "Feature", "geometry": {"type": "Point", "coordinates": [-68.47500610351562, -35.474998474121094]}, "properties": {"precip_mm": 1.9}}, {"type": "Feature", "geometry": {"type": "Point", "coordinates": [-67.97500610351562, -35.474998474121094]}, "properties": {"precip_mm": 0.4}}, {"type": "Feature", "geometry": {"type": "Point", "coordinates": [-67.47500610351562, -35.474998474121094]}, "properties": {"precip_mm": 0.5}}, {"type": "Feature", "geometry": {"type": "Point", "coordinates": [-66.97500610351562, -35.474998474121094]}, "properties": {"precip_mm": 0.8}}, {"type": "Feature", "geometry": {"type": "Point", "coordinates": [-66.47500610351562, -35.474998474121094]}, "properties": {"precip_mm": 0.5}}, {"type": "Feature", "geometry": {"type": "Point", "coordinates": [-65.97500610351562, -35.474998474121094]}, "properties": {"precip_mm": 0.4}}, {"type": "Feature", "geometry": {"type": "Point", "coordinates": [-65.47500610351562, -35.474998474121094]}, "properties": {"precip_mm": 0.5}}, {"type": "Feature", "geometry": {"type": "Point", "coordinates": [-64.97500610351562, -35.474998474121094]}, "properties": {"precip_mm": 0.6}}, {"type": "Feature", "geometry": {"type": "Point", "coordinates": [-64.47500610351562, -35.474998474121094]}, "properties": {"precip_mm": 1.1}}, {"type": "Feature", "geometry": {"type": "Point", "coordinates": [-63.975006103515625, -35.474998474121094]}, "properties": {"precip_mm": 1.3}}, {"type": "Feature", "geometry": {"type": "Point", "coordinates": [-63.475006103515625, -35.474998474121094]}, "properties": {"precip_mm": 1.4}}, {"type": "Feature", "geometry": {"type": "Point", "coordinates": [-62.975006103515625, -35.474998474121094]}, "properties": {"precip_mm": 1.8}}, {"type": "Feature", "geometry": {"type": "Point", "coordinates": [-62.475006103515625, -35.474998474121094]}, "properties": {"precip_mm": 2.7}}, {"type": "Feature", "geometry": {"type": "Point", "coordinates": [-61.975006103515625, -35.474998474121094]}, "properties": {"precip_mm": 3.7}}, {"type": "Feature", "geometry": {"type": "Point", "coordinates": [-61.475006103515625, -35.474998474121094]}, "properties": {"precip_mm": 3.7}}, {"type": "Feature", "geometry": {"type": "Point", "coordinates": [-60.975006103515625, -35.474998474121094]}, "properties": {"precip_mm": 3.5}}, {"type": "Feature", "geometry": {"type": "Point", "coordinates": [-60.475006103515625, -35.474998474121094]}, "properties": {"precip_mm": 3.6}}, {"type": "Feature", "geometry": {"type": "Point", "coordinates": [-59.975006103515625, -35.474998474121094]}, "properties": {"precip_mm": 3.8}}, {"type": "Feature", "geometry": {"type": "Point", "coordinates": [-59.475006103515625, -35.474998474121094]}, "properties": {"precip_mm": 4.0}}, {"type": "Feature", "geometry": {"type": "Point", "coordinates": [-58.975006103515625, -35.474998474121094]}, "properties": {"precip_mm": 4.1}}, {"type": "Feature", "geometry": {"type": "Point", "coordinates": [-58.475006103515625, -35.474998474121094]}, "properties": {"precip_mm": 3.8}}, {"type": "Feature", "geometry": {"type": "Point", "coordinates": [-57.975006103515625, -35.474998474121094]}, "properties": {"precip_mm": 3.3}}, {"type": "Feature", "geometry": {"type": "Point", "coordinates": [-57.475006103515625, -35.474998474121094]}, "properties": {"precip_mm": 3.2}}, {"type": "Feature", "geometry": {"type": "Point", "coordinates": [-71.97500610351562, -34.974998474121094]}, "properties": {"precip_mm": 9.6}}, {"type": "Feature", "geometry": {"type": "Point", "coordinates": [-71.47500610351562, -34.974998474121094]}, "properties": {"precip_mm": 9.2}}, {"type": "Feature", "geometry": {"type": "Point", "coordinates": [-70.97500610351562, -34.974998474121094]}, "properties": {"precip_mm": 8.3}}, {"type": "Feature", "geometry": {"type": "Point", "coordinates": [-70.47500610351562, -34.974998474121094]}, "properties": {"precip_mm": 9.8}}, {"type": "Feature", "geometry": {"type": "Point", "coordinates": [-69.97500610351562, -34.974998474121094]}, "properties": {"precip_mm": 5.0}}, {"type": "Feature", "geometry": {"type": "Point", "coordinates": [-69.47500610351562, -34.974998474121094]}, "properties": {"precip_mm": 1.4}}, {"type": "Feature", "geometry": {"type": "Point", "coordinates": [-68.97500610351562, -34.974998474121094]}, "properties": {"precip_mm": 0.5}}, {"type": "Feature", "geometry": {"type": "Point", "coordinates": [-68.47500610351562, -34.974998474121094]}, "properties": {"precip_mm": 0.3}}, {"type": "Feature", "geometry": {"type": "Point", "coordinates": [-67.97500610351562, -34.974998474121094]}, "properties": {"precip_mm": 0.3}}, {"type": "Feature", "geometry": {"type": "Point", "coordinates": [-67.47500610351562, -34.974998474121094]}, "properties": {"precip_mm": 0.5}}, {"type": "Feature", "geometry": {"type": "Point", "coordinates": [-66.97500610351562, -34.974998474121094]}, "properties": {"precip_mm": 0.8}}, {"type": "Feature", "geometry": {"type": "Point", "coordinates": [-66.47500610351562, -34.974998474121094]}, "properties": {"precip_mm": 0.6}}, {"type": "Feature", "geometry": {"type": "Point", "coordinates": [-65.97500610351562, -34.974998474121094]}, "properties": {"precip_mm": 0.5}}, {"type": "Feature", "geometry": {"type": "Point", "coordinates": [-65.47500610351562, -34.974998474121094]}, "properties": {"precip_mm": 0.7}}, {"type": "Feature", "geometry": {"type": "Point", "coordinates": [-64.97500610351562, -34.974998474121094]}, "properties": {"precip_mm": 0.7}}, {"type": "Feature", "geometry": {"type": "Point", "coordinates": [-64.47500610351562, -34.974998474121094]}, "properties": {"precip_mm": 1.0}}, {"type": "Feature", "geometry": {"type": "Point", "coordinates": [-63.975006103515625, -34.974998474121094]}, "properties": {"precip_mm": 1.4}}, {"type": "Feature", "geometry": {"type": "Point", "coordinates": [-63.475006103515625, -34.974998474121094]}, "properties": {"precip_mm": 1.8}}, {"type": "Feature", "geometry": {"type": "Point", "coordinates": [-62.975006103515625, -34.974998474121094]}, "properties": {"precip_mm": 1.7}}, {"type": "Feature", "geometry": {"type": "Point", "coordinates": [-62.475006103515625, -34.974998474121094]}, "properties": {"precip_mm": 3.1}}, {"type": "Feature", "geometry": {"type": "Point", "coordinates": [-61.975006103515625, -34.974998474121094]}, "properties": {"precip_mm": 3.2}}, {"type": "Feature", "geometry": {"type": "Point", "coordinates": [-61.475006103515625, -34.974998474121094]}, "properties": {"precip_mm": 3.6}}, {"type": "Feature", "geometry": {"type": "Point", "coordinates": [-60.975006103515625, -34.974998474121094]}, "properties": {"precip_mm": 3.1}}, {"type": "Feature", "geometry": {"type": "Point", "coordinates": [-60.475006103515625, -34.974998474121094]}, "properties": {"precip_mm": 3.1}}, {"type": "Feature", "geometry": {"type": "Point", "coordinates": [-59.975006103515625, -34.974998474121094]}, "properties": {"precip_mm": 4.0}}, {"type": "Feature", "geometry": {"type": "Point", "coordinates": [-59.475006103515625, -34.974998474121094]}, "properties": {"precip_mm": 4.4}}, {"type": "Feature", "geometry": {"type": "Point", "coordinates": [-58.975006103515625, -34.974998474121094]}, "properties": {"precip_mm": 3.7}}, {"type": "Feature", "geometry": {"type": "Point", "coordinates": [-58.475006103515625, -34.974998474121094]}, "properties": {"precip_mm": 3.6}}, {"type": "Feature", "geometry": {"type": "Point", "coordinates": [-57.975006103515625, -34.974998474121094]}, "properties": {"precip_mm": 3.4}}, {"type": "Feature", "geometry": {"type": "Point", "coordinates": [-54.975006103515625, -34.974998474121094]}, "properties": {"precip_mm": 2.3}}, {"type": "Feature", "geometry": {"type": "Point", "coordinates": [-71.97500610351562, -34.474998474121094]}, "properties": {"precip_mm": 6.3}}, {"type": "Feature", "geometry": {"type": "Point", "coordinates": [-71.47500610351562, -34.474998474121094]}, "properties": {"precip_mm": 8.7}}, {"type": "Feature", "geometry": {"type": "Point", "coordinates": [-70.97500610351562, -34.474998474121094]}, "properties": {"precip_mm": 7.2}}, {"type": "Feature", "geometry": {"type": "Point", "coordinates": [-70.47500610351562, -34.474998474121094]}, "properties": {"precip_mm": 7.9}}, {"type": "Feature", "geometry": {"type": "Point", "coordinates": [-69.97500610351562, -34.474998474121094]}, "properties": {"precip_mm": 4.1}}, {"type": "Feature", "geometry": {"type": "Point", "coordinates": [-69.47500610351562, -34.474998474121094]}, "properties": {"precip_mm": 0.6}}, {"type": "Feature", "geometry": {"type": "Point", "coordinates": [-68.97500610351562, -34.474998474121094]}, "properties": {"precip_mm": 0.4}}, {"type": "Feature", "geometry": {"type": "Point", "coordinates": [-68.47500610351562, -34.474998474121094]}, "properties": {"precip_mm": 0.6}}, {"type": "Feature", "geometry": {"type": "Point", "coordinates": [-67.97500610351562, -34.474998474121094]}, "properties": {"precip_mm": 0.8}}, {"type": "Feature", "geometry": {"type": "Point", "coordinates": [-67.47500610351562, -34.474998474121094]}, "properties": {"precip_mm": 0.7}}, {"type": "Feature", "geometry": {"type": "Point", "coordinates": [-66.97500610351562, -34.474998474121094]}, "properties": {"precip_mm": 0.7}}, {"type": "Feature", "geometry": {"type": "Point", "coordinates": [-66.47500610351562, -34.474998474121094]}, "properties": {"precip_mm": 0.4}}, {"type": "Feature", "geometry": {"type": "Point", "coordinates": [-65.97500610351562, -34.474998474121094]}, "properties": {"precip_mm": 0.4}}, {"type": "Feature", "geometry": {"type": "Point", "coordinates": [-65.47500610351562, -34.474998474121094]}, "properties": {"precip_mm": 0.5}}, {"type": "Feature", "geometry": {"type": "Point", "coordinates": [-64.97500610351562, -34.474998474121094]}, "properties": {"precip_mm": 0.8}}, {"type": "Feature", "geometry": {"type": "Point", "coordinates": [-64.47500610351562, -34.474998474121094]}, "properties": {"precip_mm": 1.0}}, {"type": "Feature", "geometry": {"type": "Point", "coordinates": [-63.975006103515625, -34.474998474121094]}, "properties": {"precip_mm": 1.2}}, {"type": "Feature", "geometry": {"type": "Point", "coordinates": [-63.475006103515625, -34.474998474121094]}, "properties": {"precip_mm": 1.6}}, {"type": "Feature", "geometry": {"type": "Point", "coordinates": [-62.975006103515625, -34.474998474121094]}, "properties": {"precip_mm": 1.9}}, {"type": "Feature", "geometry": {"type": "Point", "coordinates": [-62.475006103515625, -34.474998474121094]}, "properties": {"precip_mm": 2.8}}, {"type": "Feature", "geometry": {"type": "Point", "coordinates": [-61.975006103515625, -34.474998474121094]}, "properties": {"precip_mm": 3.3}}, {"type": "Feature", "geometry": {"type": "Point", "coordinates": [-61.475006103515625, -34.474998474121094]}, "properties": {"precip_mm": 3.4}}, {"type": "Feature", "geometry": {"type": "Point", "coordinates": [-60.975006103515625, -34.474998474121094]}, "properties": {"precip_mm": 2.7}}, {"type": "Feature", "geometry": {"type": "Point", "coordinates": [-60.475006103515625, -34.474998474121094]}, "properties": {"precip_mm": 2.7}}, {"type": "Feature", "geometry": {"type": "Point", "coordinates": [-59.975006103515625, -34.474998474121094]}, "properties": {"precip_mm": 3.9}}, {"type": "Feature", "geometry": {"type": "Point", "coordinates": [-59.475006103515625, -34.474998474121094]}, "properties": {"precip_mm": 3.7}}, {"type": "Feature", "geometry": {"type": "Point", "coordinates": [-58.975006103515625, -34.474998474121094]}, "properties": {"precip_mm": 3.6}}, {"type": "Feature", "geometry": {"type": "Point", "coordinates": [-58.475006103515625, -34.474998474121094]}, "properties": {"precip_mm": 3.1}}, {"type": "Feature", "geometry": {"type": "Point", "coordinates": [-56.975006103515625, -34.474998474121094]}, "properties": {"precip_mm": 2.3}}, {"type": "Feature", "geometry": {"type": "Point", "coordinates": [-56.475006103515625, -34.474998474121094]}, "properties": {"precip_mm": 2.8}}, {"type": "Feature", "geometry": {"type": "Point", "coordinates": [-55.975006103515625, -34.474998474121094]}, "properties": {"precip_mm": 2.9}}, {"type": "Feature", "geometry": {"type": "Point", "coordinates": [-55.475006103515625, -34.474998474121094]}, "properties": {"precip_mm": 3.3}}, {"type": "Feature", "geometry": {"type": "Point", "coordinates": [-54.975006103515625, -34.474998474121094]}, "properties": {"precip_mm": 3.6}}, {"type": "Feature", "geometry": {"type": "Point", "coordinates": [-54.475006103515625, -34.474998474121094]}, "properties": {"precip_mm": 2.9}}, {"type": "Feature", "geometry": {"type": "Point", "coordinates": [-53.975006103515625, -34.474998474121094]}, "properties": {"precip_mm": 2.5}}, {"type": "Feature", "geometry": {"type": "Point", "coordinates": [-71.47500610351562, -33.974998474121094]}, "properties": {"precip_mm": 8.7}}, {"type": "Feature", "geometry": {"type": "Point", "coordinates": [-70.97500610351562, -33.974998474121094]}, "properties": {"precip_mm": 6.5}}, {"type": "Feature", "geometry": {"type": "Point", "coordinates": [-70.47500610351562, -33.974998474121094]}, "properties": {"precip_mm": 6.2}}, {"type": "Feature", "geometry": {"type": "Point", "coordinates": [-69.97500610351562, -33.974998474121094]}, "properties": {"precip_mm": 6.0}}, {"type": "Feature", "geometry": {"type": "Point", "coordinates": [-69.47500610351562, -33.974998474121094]}, "properties": {"precip_mm": 1.6}}, {"type": "Feature", "geometry": {"type": "Point", "coordinates": [-68.97500610351562, -33.974998474121094]}, "properties": {"precip_mm": 0.6}}, {"type": "Feature", "geometry": {"type": "Point", "coordinates": [-68.47500610351562, -33.974998474121094]}, "properties": {"precip_mm": 0.6}}, {"type": "Feature", "geometry": {"type": "Point", "coordinates": [-67.97500610351562, -33.974998474121094]}, "properties": {"precip_mm": 0.4}}, {"type": "Feature", "geometry": {"type": "Point", "coordinates": [-67.47500610351562, -33.974998474121094]}, "properties": {"precip_mm": 0.6}}, {"type": "Feature", "geometry": {"type": "Point", "coordinates": [-66.97500610351562, -33.974998474121094]}, "properties": {"precip_mm": 0.9}}, {"type": "Feature", "geometry": {"type": "Point", "coordinates": [-66.47500610351562, -33.974998474121094]}, "properties": {"precip_mm": 0.8}}, {"type": "Feature", "geometry": {"type": "Point", "coordinates": [-65.97500610351562, -33.974998474121094]}, "properties": {"precip_mm": 0.6}}, {"type": "Feature", "geometry": {"type": "Point", "coordinates": [-65.47500610351562, -33.974998474121094]}, "properties": {"precip_mm": 0.6}}, {"type": "Feature", "geometry": {"type": "Point", "coordinates": [-64.97500610351562, -33.974998474121094]}, "properties": {"precip_mm": 0.8}}, {"type": "Feature", "geometry": {"type": "Point", "coordinates": [-64.47500610351562, -33.974998474121094]}, "properties": {"precip_mm": 0.9}}, {"type": "Feature", "geometry": {"type": "Point", "coordinates": [-63.975006103515625, -33.974998474121094]}, "properties": {"precip_mm": 1.0}}, {"type": "Feature", "geometry": {"type": "Point", "coordinates": [-63.475006103515625, -33.974998474121094]}, "properties": {"precip_mm": 1.1}}, {"type": "Feature", "geometry": {"type": "Point", "coordinates": [-62.975006103515625, -33.974998474121094]}, "properties": {"precip_mm": 1.5}}, {"type": "Feature", "geometry": {"type": "Point", "coordinates": [-62.475006103515625, -33.974998474121094]}, "properties": {"precip_mm": 2.1}}, {"type": "Feature", "geometry": {"type": "Point", "coordinates": [-61.975006103515625, -33.974998474121094]}, "properties": {"precip_mm": 2.2}}, {"type": "Feature", "geometry": {"type": "Point", "coordinates": [-61.475006103515625, -33.974998474121094]}, "properties": {"precip_mm": 2.1}}, {"type": "Feature", "geometry": {"type": "Point", "coordinates": [-60.975006103515625, -33.974998474121094]}, "properties": {"precip_mm": 2.5}}, {"type": "Feature", "geometry": {"type": "Point", "coordinates": [-60.475006103515625, -33.974998474121094]}, "properties": {"precip_mm": 2.9}}, {"type": "Feature", "geometry": {"type": "Point", "coordinates": [-59.975006103515625, -33.974998474121094]}, "properties": {"precip_mm": 3.5}}, {"type": "Feature", "geometry": {"type": "Point", "coordinates": [-59.475006103515625, -33.974998474121094]}, "properties": {"precip_mm": 4.5}}, {"type": "Feature", "geometry": {"type": "Point", "coordinates": [-58.975006103515625, -33.974998474121094]}, "properties": {"precip_mm": 4.1}}, {"type": "Feature", "geometry": {"type": "Point", "coordinates": [-58.475006103515625, -33.974998474121094]}, "properties": {"precip_mm": 3.5}}, {"type": "Feature", "geometry": {"type": "Point", "coordinates": [-57.975006103515625, -33.974998474121094]}, "properties": {"precip_mm": 3.2}}, {"type": "Feature", "geometry": {"type": "Point", "coordinates": [-57.475006103515625, -33.974998474121094]}, "properties": {"precip_mm": 3.7}}, {"type": "Feature", "geometry": {"type": "Point", "coordinates": [-56.975006103515625, -33.974998474121094]}, "properties": {"precip_mm": 3.0}}, {"type": "Feature", "geometry": {"type": "Point", "coordinates": [-56.475006103515625, -33.974998474121094]}, "properties": {"precip_mm": 3.8}}, {"type": "Feature", "geometry": {"type": "Point", "coordinates": [-55.975006103515625, -33.974998474121094]}, "properties": {"precip_mm": 3.4}}, {"type": "Feature", "geometry": {"type": "Point", "coordinates": [-55.475006103515625, -33.974998474121094]}, "properties": {"precip_mm": 3.3}}, {"type": "Feature", "geometry": {"type": "Point", "coordinates": [-54.975006103515625, -33.974998474121094]}, "properties": {"precip_mm": 3.1}}, {"type": "Feature", "geometry": {"type": "Point", "coordinates": [-54.475006103515625, -33.974998474121094]}, "properties": {"precip_mm": 3.1}}, {"type": "Feature", "geometry": {"type": "Point", "coordinates": [-53.975006103515625, -33.974998474121094]}, "properties": {"precip_mm": 3.4}}, {"type": "Feature", "geometry": {"type": "Point", "coordinates": [-71.47500610351562, -33.474998474121094]}, "properties": {"precip_mm": 8.2}}, {"type": "Feature", "geometry": {"type": "Point", "coordinates": [-70.97500610351562, -33.474998474121094]}, "properties": {"precip_mm": 5.5}}, {"type": "Feature", "geometry": {"type": "Point", "coordinates": [-70.47500610351562, -33.474998474121094]}, "properties": {"precip_mm": 6.6}}, {"type": "Feature", "geometry": {"type": "Point", "coordinates": [-69.97500610351562, -33.474998474121094]}, "properties": {"precip_mm": 6.4}}, {"type": "Feature", "geometry": {"type": "Point", "coordinates": [-69.47500610351562, -33.474998474121094]}, "properties": {"precip_mm": 1.2}}, {"type": "Feature", "geometry": {"type": "Point", "coordinates": [-68.97500610351562, -33.474998474121094]}, "properties": {"precip_mm": 1.2}}, {"type": "Feature", "geometry": {"type": "Point", "coordinates": [-68.47500610351562, -33.474998474121094]}, "properties": {"precip_mm": 0.4}}, {"type": "Feature", "geometry": {"type": "Point", "coordinates": [-67.97500610351562, -33.474998474121094]}, "properties": {"precip_mm": 0.4}}, {"type": "Feature", "geometry": {"type": "Point", "coordinates": [-67.47500610351562, -33.474998474121094]}, "properties": {"precip_mm": 0.9}}, {"type": "Feature", "geometry": {"type": "Point", "coordinates": [-66.97500610351562, -33.474998474121094]}, "properties": {"precip_mm": 1.5}}, {"type": "Feature", "geometry": {"type": "Point", "coordinates": [-66.47500610351562, -33.474998474121094]}, "properties": {"precip_mm": 0.7}}, {"type": "Feature", "geometry": {"type": "Point", "coordinates": [-65.97500610351562, -33.474998474121094]}, "properties": {"precip_mm": 0.6}}, {"type": "Feature", "geometry": {"type": "Point", "coordinates": [-65.47500610351562, -33.474998474121094]}, "properties": {"precip_mm": 0.5}}, {"type": "Feature", "geometry": {"type": "Point", "coordinates": [-64.97500610351562, -33.474998474121094]}, "properties": {"precip_mm": 0.6}}, {"type": "Feature", "geometry": {"type": "Point", "coordinates": [-64.47500610351562, -33.474998474121094]}, "properties": {"precip_mm": 0.8}}, {"type": "Feature", "geometry": {"type": "Point", "coordinates": [-63.975006103515625, -33.474998474121094]}, "properties": {"precip_mm": 0.8}}, {"type": "Feature", "geometry": {"type": "Point", "coordinates": [-63.475006103515625, -33.474998474121094]}, "properties": {"precip_mm": 0.9}}, {"type": "Feature", "geometry": {"type": "Point", "coordinates": [-62.975006103515625, -33.474998474121094]}, "properties": {"precip_mm": 1.5}}, {"type": "Feature", "geometry": {"type": "Point", "coordinates": [-62.475006103515625, -33.474998474121094]}, "properties": {"precip_mm": 1.9}}, {"type": "Feature", "geometry": {"type": "Point", "coordinates": [-61.975006103515625, -33.474998474121094]}, "properties": {"precip_mm": 2.1}}, {"type": "Feature", "geometry": {"type": "Point", "coordinates": [-61.475006103515625, -33.474998474121094]}, "properties": {"precip_mm": 2.2}}, {"type": "Feature", "geometry": {"type": "Point", "coordinates": [-60.975006103515625, -33.474998474121094]}, "properties": {"precip_mm": 2.5}}, {"type": "Feature", "geometry": {"type": "Point", "coordinates": [-60.475006103515625, -33.474998474121094]}, "properties": {"precip_mm": 3.7}}, {"type": "Feature", "geometry": {"type": "Point", "coordinates": [-59.975006103515625, -33.474998474121094]}, "properties": {"precip_mm": 4.4}}, {"type": "Feature", "geometry": {"type": "Point", "coordinates": [-59.475006103515625, -33.474998474121094]}, "properties": {"precip_mm": 4.8}}, {"type": "Feature", "geometry": {"type": "Point", "coordinates": [-58.975006103515625, -33.474998474121094]}, "properties": {"precip_mm": 3.1}}, {"type": "Feature", "geometry": {"type": "Point", "coordinates": [-58.475006103515625, -33.474998474121094]}, "properties": {"precip_mm": 2.9}}, {"type": "Feature", "geometry": {"type": "Point", "coordinates": [-57.975006103515625, -33.474998474121094]}, "properties": {"precip_mm": 3.4}}, {"type": "Feature", "geometry": {"type": "Point", "coordinates": [-57.475006103515625, -33.474998474121094]}, "properties": {"precip_mm": 4.4}}, {"type": "Feature", "geometry": {"type": "Point", "coordinates": [-56.975006103515625, -33.474998474121094]}, "properties": {"precip_mm": 3.8}}, {"type": "Feature", "geometry": {"type": "Point", "coordinates": [-56.475006103515625, -33.474998474121094]}, "properties": {"precip_mm": 3.9}}, {"type": "Feature", "geometry": {"type": "Point", "coordinates": [-55.975006103515625, -33.474998474121094]}, "properties": {"precip_mm": 4.2}}, {"type": "Feature", "geometry": {"type": "Point", "coordinates": [-55.475006103515625, -33.474998474121094]}, "properties": {"precip_mm": 4.0}}, {"type": "Feature", "geometry": {"type": "Point", "coordinates": [-54.975006103515625, -33.474998474121094]}, "properties": {"precip_mm": 3.3}}, {"type": "Feature", "geometry": {"type": "Point", "coordinates": [-54.475006103515625, -33.474998474121094]}, "properties": {"precip_mm": 3.0}}, {"type": "Feature", "geometry": {"type": "Point", "coordinates": [-53.975006103515625, -33.474998474121094]}, "properties": {"precip_mm": 3.0}}, {"type": "Feature", "geometry": {"type": "Point", "coordinates": [-53.475006103515625, -33.474998474121094]}, "properties": {"precip_mm": 3.2}}, {"type": "Feature", "geometry": {"type": "Point", "coordinates": [-52.975006103515625, -33.474998474121094]}, "properties": {"precip_mm": 2.8}}, {"type": "Feature", "geometry": {"type": "Point", "coordinates": [-71.47500610351562, -32.974998474121094]}, "properties": {"precip_mm": 7.0}}, {"type": "Feature", "geometry": {"type": "Point", "coordinates": [-70.97500610351562, -32.974998474121094]}, "properties": {"precip_mm": 5.8}}, {"type": "Feature", "geometry": {"type": "Point", "coordinates": [-70.47500610351562, -32.974998474121094]}, "properties": {"precip_mm": 6.8}}, {"type": "Feature", "geometry": {"type": "Point", "coordinates": [-69.97500610351562, -32.974998474121094]}, "properties": {"precip_mm": 4.7}}, {"type": "Feature", "geometry": {"type": "Point", "coordinates": [-69.47500610351562, -32.974998474121094]}, "properties": {"precip_mm": 0.2}}, {"type": "Feature", "geometry": {"type": "Point", "coordinates": [-68.97500610351562, -32.974998474121094]}, "properties": {"precip_mm": 1.2}}, {"type": "Feature", "geometry": {"type": "Point", "coordinates": [-68.47500610351562, -32.974998474121094]}, "properties": {"precip_mm": 0.3}}, {"type": "Feature", "geometry": {"type": "Point", "coordinates": [-67.97500610351562, -32.974998474121094]}, "properties": {"precip_mm": 0.4}}, {"type": "Feature", "geometry": {"type": "Point", "coordinates": [-67.47500610351562, -32.974998474121094]}, "properties": {"precip_mm": 0.4}}, {"type": "Feature", "geometry": {"type": "Point", "coordinates": [-66.97500610351562, -32.974998474121094]}, "properties": {"precip_mm": 0.4}}, {"type": "Feature", "geometry": {"type": "Point", "coordinates": [-66.47500610351562, -32.974998474121094]}, "properties": {"precip_mm": 0.5}}, {"type": "Feature", "geometry": {"type": "Point", "coordinates": [-65.97500610351562, -32.974998474121094]}, "properties": {"precip_mm": 0.3}}, {"type": "Feature", "geometry": {"type": "Point", "coordinates": [-65.47500610351562, -32.974998474121094]}, "properties": {"precip_mm": 0.5}}, {"type": "Feature", "geometry": {"type": "Point", "coordinates": [-64.97500610351562, -32.974998474121094]}, "properties": {"precip_mm": 0.3}}, {"type": "Feature", "geometry": {"type": "Point", "coordinates": [-64.47500610351562, -32.974998474121094]}, "properties": {"precip_mm": 0.6}}, {"type": "Feature", "geometry": {"type": "Point", "coordinates": [-63.975006103515625, -32.974998474121094]}, "properties": {"precip_mm": 0.7}}, {"type": "Feature", "geometry": {"type": "Point", "coordinates": [-63.475006103515625, -32.974998474121094]}, "properties": {"precip_mm": 1.0}}, {"type": "Feature", "geometry": {"type": "Point", "coordinates": [-62.975006103515625, -32.974998474121094]}, "properties": {"precip_mm": 1.8}}, {"type": "Feature", "geometry": {"type": "Point", "coordinates": [-62.475006103515625, -32.974998474121094]}, "properties": {"precip_mm": 1.8}}, {"type": "Feature", "geometry": {"type": "Point", "coordinates": [-61.975006103515625, -32.974998474121094]}, "properties": {"precip_mm": 1.8}}, {"type": "Feature", "geometry": {"type": "Point", "coordinates": [-61.475006103515625, -32.974998474121094]}, "properties": {"precip_mm": 2.0}}, {"type": "Feature", "geometry": {"type": "Point", "coordinates": [-60.975006103515625, -32.974998474121094]}, "properties": {"precip_mm": 2.1}}, {"type": "Feature", "geometry": {"type": "Point", "coordinates": [-60.475006103515625, -32.974998474121094]}, "properties": {"precip_mm": 2.7}}, {"type": "Feature", "geometry": {"type": "Point", "coordinates": [-59.975006103515625, -32.974998474121094]}, "properties": {"precip_mm": 2.9}}, {"type": "Feature", "geometry": {"type": "Point", "coordinates": [-59.475006103515625, -32.974998474121094]}, "properties": {"precip_mm": 3.1}}, {"type": "Feature", "geometry": {"type": "Point", "coordinates": [-58.975006103515625, -32.974998474121094]}, "properties": {"precip_mm": 2.9}}, {"type": "Feature", "geometry": {"type": "Point", "coordinates": [-58.475006103515625, -32.974998474121094]}, "properties": {"precip_mm": 2.7}}, {"type": "Feature", "geometry": {"type": "Point", "coordinates": [-57.975006103515625, -32.974998474121094]}, "properties": {"precip_mm": 3.8}}, {"type": "Feature", "geometry": {"type": "Point", "coordinates": [-57.475006103515625, -32.974998474121094]}, "properties": {"precip_mm": 3.6}}, {"type": "Feature", "geometry": {"type": "Point", "coordinates": [-56.975006103515625, -32.974998474121094]}, "properties": {"precip_mm": 3.4}}, {"type": "Feature", "geometry": {"type": "Point", "coordinates": [-56.475006103515625, -32.974998474121094]}, "properties": {"precip_mm": 4.4}}, {"type": "Feature", "geometry": {"type": "Point", "coordinates": [-55.975006103515625, -32.974998474121094]}, "properties": {"precip_mm": 3.8}}, {"type": "Feature", "geometry": {"type": "Point", "coordinates": [-55.475006103515625, -32.974998474121094]}, "properties": {"precip_mm": 3.5}}, {"type": "Feature", "geometry": {"type": "Point", "coordinates": [-54.975006103515625, -32.974998474121094]}, "properties": {"precip_mm": 3.6}}, {"type": "Feature", "geometry": {"type": "Point", "coordinates": [-54.475006103515625, -32.974998474121094]}, "properties": {"precip_mm": 3.5}}, {"type": "Feature", "geometry": {"type": "Point", "coordinates": [-53.975006103515625, -32.974998474121094]}, "properties": {"precip_mm": 3.1}}, {"type": "Feature", "geometry": {"type": "Point", "coordinates": [-53.475006103515625, -32.974998474121094]}, "properties": {"precip_mm": 3.2}}, {"type": "Feature", "geometry": {"type": "Point", "coordinates": [-52.975006103515625, -32.974998474121094]}, "properties": {"precip_mm": 3.5}}, {"type": "Feature", "geometry": {"type": "Point", "coordinates": [-71.47500610351562, -32.474998474121094]}, "properties": {"precip_mm": 2.8}}, {"type": "Feature", "geometry": {"type": "Point", "coordinates": [-70.97500610351562, -32.474998474121094]}, "properties": {"precip_mm": 6.2}}, {"type": "Feature", "geometry": {"type": "Point", "coordinates": [-70.47500610351562, -32.474998474121094]}, "properties": {"precip_mm": 6.4}}, {"type": "Feature", "geometry": {"type": "Point", "coordinates": [-69.97500610351562, -32.474998474121094]}, "properties": {"precip_mm": 2.8}}, {"type": "Feature", "geometry": {"type": "Point", "coordinates": [-69.47500610351562, -32.474998474121094]}, "properties": {"precip_mm": 0.1}}, {"type": "Feature", "geometry": {"type": "Point", "coordinates": [-68.97500610351562, -32.474998474121094]}, "properties": {"precip_mm": 2.1}}, {"type": "Feature", "geometry": {"type": "Point", "coordinates": [-68.47500610351562, -32.474998474121094]}, "properties": {"precip_mm": 0.4}}, {"type": "Feature", "geometry": {"type": "Point", "coordinates": [-67.97500610351562, -32.474998474121094]}, "properties": {"precip_mm": 0.7}}, {"type": "Feature", "geometry": {"type": "Point", "coordinates": [-67.47500610351562, -32.474998474121094]}, "properties": {"precip_mm": 0.5}}, {"type": "Feature", "geometry": {"type": "Point", "coordinates": [-66.97500610351562, -32.474998474121094]}, "properties": {"precip_mm": 0.5}}, {"type": "Feature", "geometry": {"type": "Point", "coordinates": [-66.47500610351562, -32.474998474121094]}, "properties": {"precip_mm": 0.7}}, {"type": "Feature", "geometry": {"type": "Point", "coordinates": [-65.97500610351562, -32.474998474121094]}, "properties": {"precip_mm": 0.5}}, {"type": "Feature", "geometry": {"type": "Point", "coordinates": [-65.47500610351562, -32.474998474121094]}, "properties": {"precip_mm": 0.5}}, {"type": "Feature", "geometry": {"type": "Point", "coordinates": [-64.97500610351562, -32.474998474121094]}, "properties": {"precip_mm": 0.6}}, {"type": "Feature", "geometry": {"type": "Point", "coordinates": [-64.47500610351562, -32.474998474121094]}, "properties": {"precip_mm": 0.5}}, {"type": "Feature", "geometry": {"type": "Point", "coordinates": [-63.975006103515625, -32.474998474121094]}, "properties": {"precip_mm": 0.7}}, {"type": "Feature", "geometry": {"type": "Point", "coordinates": [-63.475006103515625, -32.474998474121094]}, "properties": {"precip_mm": 1.0}}, {"type": "Feature", "geometry": {"type": "Point", "coordinates": [-62.975006103515625, -32.474998474121094]}, "properties": {"precip_mm": 1.2}}, {"type": "Feature", "geometry": {"type": "Point", "coordinates": [-62.475006103515625, -32.474998474121094]}, "properties": {"precip_mm": 1.1}}, {"type": "Feature", "geometry": {"type": "Point", "coordinates": [-61.975006103515625, -32.474998474121094]}, "properties": {"precip_mm": 1.2}}, {"type": "Feature", "geometry": {"type": "Point", "coordinates": [-61.475006103515625, -32.474998474121094]}, "properties": {"precip_mm": 1.6}}, {"type": "Feature", "geometry": {"type": "Point", "coordinates": [-60.975006103515625, -32.474998474121094]}, "properties": {"precip_mm": 1.6}}, {"type": "Feature", "geometry": {"type": "Point", "coordinates": [-60.475006103515625, -32.474998474121094]}, "properties": {"precip_mm": 1.5}}, {"type": "Feature", "geometry": {"type": "Point", "coordinates": [-59.975006103515625, -32.474998474121094]}, "properties": {"precip_mm": 2.6}}, {"type": "Feature", "geometry": {"type": "Point", "coordinates": [-59.475006103515625, -32.474998474121094]}, "properties": {"precip_mm": 2.9}}, {"type": "Feature", "geometry": {"type": "Point", "coordinates": [-58.975006103515625, -32.474998474121094]}, "properties": {"precip_mm": 3.1}}, {"type": "Feature", "geometry": {"type": "Point", "coordinates": [-58.475006103515625, -32.474998474121094]}, "properties": {"precip_mm": 3.3}}, {"type": "Feature", "geometry": {"type": "Point", "coordinates": [-57.975006103515625, -32.474998474121094]}, "properties": {"precip_mm": 3.5}}, {"type": "Feature", "geometry": {"type": "Point", "coordinates": [-57.475006103515625, -32.474998474121094]}, "properties": {"precip_mm": 3.0}}, {"type": "Feature", "geometry": {"type": "Point", "coordinates": [-56.975006103515625, -32.474998474121094]}, "properties": {"precip_mm": 3.5}}, {"type": "Feature", "geometry": {"type": "Point", "coordinates": [-56.475006103515625, -32.474998474121094]}, "properties": {"precip_mm": 2.8}}, {"type": "Feature", "geometry": {"type": "Point", "coordinates": [-55.975006103515625, -32.474998474121094]}, "properties": {"precip_mm": 3.0}}, {"type": "Feature", "geometry": {"type": "Point", "coordinates": [-55.475006103515625, -32.474998474121094]}, "properties": {"precip_mm": 2.8}}, {"type": "Feature", "geometry": {"type": "Point", "coordinates": [-54.975006103515625, -32.474998474121094]}, "properties": {"precip_mm": 3.5}}, {"type": "Feature", "geometry": {"type": "Point", "coordinates": [-54.475006103515625, -32.474998474121094]}, "properties": {"precip_mm": 3.8}}, {"type": "Feature", "geometry": {"type": "Point", "coordinates": [-53.975006103515625, -32.474998474121094]}, "properties": {"precip_mm": 3.9}}, {"type": "Feature", "geometry": {"type": "Point", "coordinates": [-53.475006103515625, -32.474998474121094]}, "properties": {"precip_mm": 3.9}}, {"type": "Feature", "geometry": {"type": "Point", "coordinates": [-52.975006103515625, -32.474998474121094]}, "properties": {"precip_mm": 4.0}}, {"type": "Feature", "geometry": {"type": "Point", "coordinates": [-52.475006103515625, -32.474998474121094]}, "properties": {"precip_mm": 4.4}}, {"type": "Feature", "geometry": {"type": "Point", "coordinates": [-71.47500610351562, -31.975000381469727]}, "properties": {"precip_mm": 4.0}}, {"type": "Feature", "geometry": {"type": "Point", "coordinates": [-70.97500610351562, -31.975000381469727]}, "properties": {"precip_mm": 4.8}}, {"type": "Feature", "geometry": {"type": "Point", "coordinates": [-70.47500610351562, -31.975000381469727]}, "properties": {"precip_mm": 5.2}}, {"type": "Feature", "geometry": {"type": "Point", "coordinates": [-69.97500610351562, -31.975000381469727]}, "properties": {"precip_mm": 0.1}}, {"type": "Feature", "geometry": {"type": "Point", "coordinates": [-69.47500610351562, -31.975000381469727]}, "properties": {"precip_mm": 0.0}}, {"type": "Feature", "geometry": {"type": "Point", "coordinates": [-68.97500610351562, -31.975000381469727]}, "properties": {"precip_mm": 0.8}}, {"type": "Feature", "geometry": {"type": "Point", "coordinates": [-68.47500610351562, -31.975000381469727]}, "properties": {"precip_mm": 0.8}}, {"type": "Feature", "geometry": {"type": "Point", "coordinates": [-67.97500610351562, -31.975000381469727]}, "properties": {"precip_mm": 0.4}}, {"type": "Feature", "geometry": {"type": "Point", "coordinates": [-67.47500610351562, -31.975000381469727]}, "properties": {"precip_mm": 0.8}}, {"type": "Feature", "geometry": {"type": "Point", "coordinates": [-66.97500610351562, -31.975000381469727]}, "properties": {"precip_mm": 0.7}}, {"type": "Feature", "geometry": {"type": "Point", "coordinates": [-66.47500610351562, -31.975000381469727]}, "properties": {"precip_mm": 0.7}}, {"type": "Feature", "geometry": {"type": "Point", "coordinates": [-65.97500610351562, -31.975000381469727]}, "properties": {"precip_mm": 0.5}}, {"type": "Feature", "geometry": {"type": "Point", "coordinates": [-65.47500610351562, -31.975000381469727]}, "properties": {"precip_mm": 0.5}}, {"type": "Feature", "geometry": {"type": "Point", "coordinates": [-64.97500610351562, -31.975000381469727]}, "properties": {"precip_mm": 0.4}}, {"type": "Feature", "geometry": {"type": "Point", "coordinates": [-64.47500610351562, -31.975000381469727]}, "properties": {"precip_mm": 0.5}}, {"type": "Feature", "geometry": {"type": "Point", "coordinates": [-63.975006103515625, -31.975000381469727]}, "properties": {"precip_mm": 0.7}}, {"type": "Feature", "geometry": {"type": "Point", "coordinates": [-63.475006103515625, -31.975000381469727]}, "properties": {"precip_mm": 0.8}}, {"type": "Feature", "geometry": {"type": "Point", "coordinates": [-62.975006103515625, -31.975000381469727]}, "properties": {"precip_mm": 1.0}}, {"type": "Feature", "geometry": {"type": "Point", "coordinates": [-62.475006103515625, -31.975000381469727]}, "properties": {"precip_mm": 1.2}}, {"type": "Feature", "geometry": {"type": "Point", "coordinates": [-61.975006103515625, -31.975000381469727]}, "properties": {"precip_mm": 1.1}}, {"type": "Feature", "geometry": {"type": "Point", "coordinates": [-61.475006103515625, -31.975000381469727]}, "properties": {"precip_mm": 1.1}}, {"type": "Feature", "geometry": {"type": "Point", "coordinates": [-60.975006103515625, -31.975000381469727]}, "properties": {"precip_mm": 1.1}}, {"type": "Feature", "geometry": {"type": "Point", "coordinates": [-60.475006103515625, -31.975000381469727]}, "properties": {"precip_mm": 1.2}}, {"type": "Feature", "geometry": {"type": "Point", "coordinates": [-59.975006103515625, -31.975000381469727]}, "properties": {"precip_mm": 2.3}}, {"type": "Feature", "geometry": {"type": "Point", "coordinates": [-59.475006103515625, -31.975000381469727]}, "properties": {"precip_mm": 2.7}}, {"type": "Feature", "geometry": {"type": "Point", "coordinates": [-58.975006103515625, -31.975000381469727]}, "properties": {"precip_mm": 2.8}}, {"type": "Feature", "geometry": {"type": "Point", "coordinates": [-58.475006103515625, -31.975000381469727]}, "properties": {"precip_mm": 2.5}}, {"type": "Feature", "geometry": {"type": "Point", "coordinates": [-57.975006103515625, -31.975000381469727]}, "properties": {"precip_mm": 1.9}}, {"type": "Feature", "geometry": {"type": "Point", "coordinates": [-57.475006103515625, -31.975000381469727]}, "properties": {"precip_mm": 2.7}}, {"type": "Feature", "geometry": {"type": "Point", "coordinates": [-56.975006103515625, -31.975000381469727]}, "properties": {"precip_mm": 3.1}}, {"type": "Feature", "geometry": {"type": "Point", "coordinates": [-56.475006103515625, -31.975000381469727]}, "properties": {"precip_mm": 3.6}}, {"type": "Feature", "geometry": {"type": "Point", "coordinates": [-55.975006103515625, -31.975000381469727]}, "properties": {"precip_mm": 4.2}}, {"type": "Feature", "geometry": {"type": "Point", "coordinates": [-55.475006103515625, -31.975000381469727]}, "properties": {"precip_mm": 4.0}}, {"type": "Feature", "geometry": {"type": "Point", "coordinates": [-54.975006103515625, -31.975000381469727]}, "properties": {"precip_mm": 4.4}}, {"type": "Feature", "geometry": {"type": "Point", "coordinates": [-54.475006103515625, -31.975000381469727]}, "properties": {"precip_mm": 3.8}}, {"type": "Feature", "geometry": {"type": "Point", "coordinates": [-53.975006103515625, -31.975000381469727]}, "properties": {"precip_mm": 3.9}}, {"type": "Feature", "geometry": {"type": "Point", "coordinates": [-53.475006103515625, -31.975000381469727]}, "properties": {"precip_mm": 4.1}}, {"type": "Feature", "geometry": {"type": "Point", "coordinates": [-52.975006103515625, -31.975000381469727]}, "properties": {"precip_mm": 4.5}}, {"type": "Feature", "geometry": {"type": "Point", "coordinates": [-52.475006103515625, -31.975000381469727]}, "properties": {"precip_mm": 4.1}}, {"type": "Feature", "geometry": {"type": "Point", "coordinates": [-51.975006103515625, -31.975000381469727]}, "properties": {"precip_mm": 4.4}}, {"type": "Feature", "geometry": {"type": "Point", "coordinates": [-71.47500610351562, -31.475000381469727]}, "properties": {"precip_mm": 3.7}}, {"type": "Feature", "geometry": {"type": "Point", "coordinates": [-70.97500610351562, -31.475000381469727]}, "properties": {"precip_mm": 3.3}}, {"type": "Feature", "geometry": {"type": "Point", "coordinates": [-70.47500610351562, -31.475000381469727]}, "properties": {"precip_mm": 8.4}}, {"type": "Feature", "geometry": {"type": "Point", "coordinates": [-69.97500610351562, -31.475000381469727]}, "properties": {"precip_mm": 0.0}}, {"type": "Feature", "geometry": {"type": "Point", "coordinates": [-69.47500610351562, -31.475000381469727]}, "properties": {"precip_mm": 0.0}}, {"type": "Feature", "geometry": {"type": "Point", "coordinates": [-68.97500610351562, -31.475000381469727]}, "properties": {"precip_mm": 0.2}}, {"type": "Feature", "geometry": {"type": "Point", "coordinates": [-68.47500610351562, -31.475000381469727]}, "properties": {"precip_mm": 0.5}}, {"type": "Feature", "geometry": {"type": "Point", "coordinates": [-67.97500610351562, -31.475000381469727]}, "properties": {"precip_mm": 0.0}}, {"type": "Feature", "geometry": {"type": "Point", "coordinates": [-67.47500610351562, -31.475000381469727]}, "properties": {"precip_mm": 0.6}}, {"type": "Feature", "geometry": {"type": "Point", "coordinates": [-66.97500610351562, -31.475000381469727]}, "properties": {"precip_mm": 0.7}}, {"type": "Feature", "geometry": {"type": "Point", "coordinates": [-66.47500610351562, -31.475000381469727]}, "properties": {"precip_mm": 0.5}}, {"type": "Feature", "geometry": {"type": "Point", "coordinates": [-65.97500610351562, -31.475000381469727]}, "properties": {"precip_mm": 0.5}}, {"type": "Feature", "geometry": {"type": "Point", "coordinates": [-65.47500610351562, -31.475000381469727]}, "properties": {"precip_mm": 0.6}}, {"type": "Feature", "geometry": {"type": "Point", "coordinates": [-64.97500610351562, -31.475000381469727]}, "properties": {"precip_mm": 0.3}}, {"type": "Feature", "geometry": {"type": "Point", "coordinates": [-64.47500610351562, -31.475000381469727]}, "properties": {"precip_mm": 0.5}}, {"type": "Feature", "geometry": {"type": "Point", "coordinates": [-63.975006103515625, -31.475000381469727]}, "properties": {"precip_mm": 0.6}}, {"type": "Feature", "geometry": {"type": "Point", "coordinates": [-63.475006103515625, -31.475000381469727]}, "properties": {"precip_mm": 0.7}}, {"type": "Feature", "geometry": {"type": "Point", "coordinates": [-62.975006103515625, -31.475000381469727]}, "properties": {"precip_mm": 0.8}}, {"type": "Feature", "geometry": {"type": "Point", "coordinates": [-62.475006103515625, -31.475000381469727]}, "properties": {"precip_mm": 0.8}}, {"type": "Feature", "geometry": {"type": "Point", "coordinates": [-61.975006103515625, -31.475000381469727]}, "properties": {"precip_mm": 0.8}}, {"type": "Feature", "geometry": {"type": "Point", "coordinates": [-61.475006103515625, -31.475000381469727]}, "properties": {"precip_mm": 0.8}}, {"type": "Feature", "geometry": {"type": "Point", "coordinates": [-60.975006103515625, -31.475000381469727]}, "properties": {"precip_mm": 1.2}}, {"type": "Feature", "geometry": {"type": "Point", "coordinates": [-60.475006103515625, -31.475000381469727]}, "properties": {"precip_mm": 1.4}}, {"type": "Feature", "geometry": {"type": "Point", "coordinates": [-59.975006103515625, -31.475000381469727]}, "properties": {"precip_mm": 1.6}}, {"type": "Feature", "geometry": {"type": "Point", "coordinates": [-59.475006103515625, -31.475000381469727]}, "properties": {"precip_mm": 1.6}}, {"type": "Feature", "geometry": {"type": "Point", "coordinates": [-58.975006103515625, -31.475000381469727]}, "properties": {"precip_mm": 1.6}}, {"type": "Feature", "geometry": {"type": "Point", "coordinates": [-58.475006103515625, -31.475000381469727]}, "properties": {"precip_mm": 1.9}}, {"type": "Feature", "geometry": {"type": "Point", "coordinates": [-57.975006103515625, -31.475000381469727]}, "properties": {"precip_mm": 2.2}}, {"type": "Feature", "geometry": {"type": "Point", "coordinates": [-57.475006103515625, -31.475000381469727]}, "properties": {"precip_mm": 2.5}}, {"type": "Feature", "geometry": {"type": "Point", "coordinates": [-56.975006103515625, -31.475000381469727]}, "properties": {"precip_mm": 2.8}}, {"type": "Feature", "geometry": {"type": "Point", "coordinates": [-56.475006103515625, -31.475000381469727]}, "properties": {"precip_mm": 4.0}}, {"type": "Feature", "geometry": {"type": "Point", "coordinates": [-55.975006103515625, -31.475000381469727]}, "properties": {"precip_mm": 4.5}}, {"type": "Feature", "geometry": {"type": "Point", "coordinates": [-55.475006103515625, -31.475000381469727]}, "properties": {"precip_mm": 4.3}}, {"type": "Feature", "geometry": {"type": "Point", "coordinates": [-54.975006103515625, -31.475000381469727]}, "properties": {"precip_mm": 5.5}}, {"type": "Feature", "geometry": {"type": "Point", "coordinates": [-54.475006103515625, -31.475000381469727]}, "properties": {"precip_mm": 4.0}}, {"type": "Feature", "geometry": {"type": "Point", "coordinates": [-53.975006103515625, -31.475000381469727]}, "properties": {"precip_mm": 4.6}}, {"type": "Feature", "geometry": {"type": "Point", "coordinates": [-53.475006103515625, -31.475000381469727]}, "properties": {"precip_mm": 5.0}}, {"type": "Feature", "geometry": {"type": "Point", "coordinates": [-52.975006103515625, -31.475000381469727]}, "properties": {"precip_mm": 5.0}}, {"type": "Feature", "geometry": {"type": "Point", "coordinates": [-52.475006103515625, -31.475000381469727]}, "properties": {"precip_mm": 7.4}}, {"type": "Feature", "geometry": {"type": "Point", "coordinates": [-51.975006103515625, -31.475000381469727]}, "properties": {"precip_mm": 7.0}}, {"type": "Feature", "geometry": {"type": "Point", "coordinates": [-51.475006103515625, -31.475000381469727]}, "properties": {"precip_mm": 6.3}}, {"type": "Feature", "geometry": {"type": "Point", "coordinates": [-71.47500610351562, -30.975000381469727]}, "properties": {"precip_mm": 4.6}}, {"type": "Feature", "geometry": {"type": "Point", "coordinates": [-70.97500610351562, -30.975000381469727]}, "properties": {"precip_mm": 5.4}}, {"type": "Feature", "geometry": {"type": "Point", "coordinates": [-70.47500610351562, -30.975000381469727]}, "properties": {"precip_mm": 10.9}}, {"type": "Feature", "geometry": {"type": "Point", "coordinates": [-69.97500610351562, -30.975000381469727]}, "properties": {"precip_mm": 1.4}}, {"type": "Feature", "geometry": {"type": "Point", "coordinates": [-69.47500610351562, -30.975000381469727]}, "properties": {"precip_mm": 0.0}}, {"type": "Feature", "geometry": {"type": "Point", "coordinates": [-68.97500610351562, -30.975000381469727]}, "properties": {"precip_mm": 0.0}}, {"type": "Feature", "geometry": {"type": "Point", "coordinates": [-68.47500610351562, -30.975000381469727]}, "properties": {"precip_mm": 0.5}}, {"type": "Feature", "geometry": {"type": "Point", "coordinates": [-67.97500610351562, -30.975000381469727]}, "properties": {"precip_mm": 0.5}}, {"type": "Feature", "geometry": {"type": "Point", "coordinates": [-67.47500610351562, -30.975000381469727]}, "properties": {"precip_mm": 0.2}}, {"type": "Feature", "geometry": {"type": "Point", "coordinates": [-66.97500610351562, -30.975000381469727]}, "properties": {"precip_mm": 0.5}}, {"type": "Feature", "geometry": {"type": "Point", "coordinates": [-66.47500610351562, -30.975000381469727]}, "properties": {"precip_mm": 0.4}}, {"type": "Feature", "geometry": {"type": "Point", "coordinates": [-65.97500610351562, -30.975000381469727]}, "properties": {"precip_mm": 0.4}}, {"type": "Feature", "geometry": {"type": "Point", "coordinates": [-65.47500610351562, -30.975000381469727]}, "properties": {"precip_mm": 0.6}}, {"type": "Feature", "geometry": {"type": "Point", "coordinates": [-64.97500610351562, -30.975000381469727]}, "properties": {"precip_mm": 0.6}}, {"type": "Feature", "geometry": {"type": "Point", "coordinates": [-64.47500610351562, -30.975000381469727]}, "properties": {"precip_mm": 0.4}}, {"type": "Feature", "geometry": {"type": "Point", "coordinates": [-63.975006103515625, -30.975000381469727]}, "properties": {"precip_mm": 0.8}}, {"type": "Feature", "geometry": {"type": "Point", "coordinates": [-63.475006103515625, -30.975000381469727]}, "properties": {"precip_mm": 1.0}}, {"type": "Feature", "geometry": {"type": "Point", "coordinates": [-62.975006103515625, -30.975000381469727]}, "properties": {"precip_mm": 1.0}}, {"type": "Feature", "geometry": {"type": "Point", "coordinates": [-62.475006103515625, -30.975000381469727]}, "properties": {"precip_mm": 0.9}}, {"type": "Feature", "geometry": {"type": "Point", "coordinates": [-61.975006103515625, -30.975000381469727]}, "properties": {"precip_mm": 0.8}}, {"type": "Feature", "geometry": {"type": "Point", "coordinates": [-61.475006103515625, -30.975000381469727]}, "properties": {"precip_mm": 0.9}}, {"type": "Feature", "geometry": {"type": "Point", "coordinates": [-60.975006103515625, -30.975000381469727]}, "properties": {"precip_mm": 1.5}}, {"type": "Feature", "geometry": {"type": "Point", "coordinates": [-60.475006103515625, -30.975000381469727]}, "properties": {"precip_mm": 1.3}}, {"type": "Feature", "geometry": {"type": "Point", "coordinates": [-59.975006103515625, -30.975000381469727]}, "properties": {"precip_mm": 1.1}}, {"type": "Feature", "geometry": {"type": "Point", "coordinates": [-59.475006103515625, -30.975000381469727]}, "properties": {"precip_mm": 1.1}}, {"type": "Feature", "geometry": {"type": "Point", "coordinates": [-58.975006103515625, -30.975000381469727]}, "properties": {"precip_mm": 1.3}}, {"type": "Feature", "geometry": {"type": "Point", "coordinates": [-58.475006103515625, -30.975000381469727]}, "properties": {"precip_mm": 2.0}}, {"type": "Feature", "geometry": {"type": "Point", "coordinates": [-57.975006103515625, -30.975000381469727]}, "properties": {"precip_mm": 2.1}}, {"type": "Feature", "geometry": {"type": "Point", "coordinates": [-57.475006103515625, -30.975000381469727]}, "properties": {"precip_mm": 2.5}}, {"type": "Feature", "geometry": {"type": "Point", "coordinates": [-56.975006103515625, -30.975000381469727]}, "properties": {"precip_mm": 2.6}}, {"type": "Feature", "geometry": {"type": "Point", "coordinates": [-56.475006103515625, -30.975000381469727]}, "properties": {"precip_mm": 4.4}}, {"type": "Feature", "geometry": {"type": "Point", "coordinates": [-55.975006103515625, -30.975000381469727]}, "properties": {"precip_mm": 5.4}}, {"type": "Feature", "geometry": {"type": "Point", "coordinates": [-55.475006103515625, -30.975000381469727]}, "properties": {"precip_mm": 5.3}}, {"type": "Feature", "geometry": {"type": "Point", "coordinates": [-54.975006103515625, -30.975000381469727]}, "properties": {"precip_mm": 4.9}}, {"type": "Feature", "geometry": {"type": "Point", "coordinates": [-54.475006103515625, -30.975000381469727]}, "properties": {"precip_mm": 4.9}}, {"type": "Feature", "geometry": {"type": "Point", "coordinates": [-53.975006103515625, -30.975000381469727]}, "properties": {"precip_mm": 4.9}}, {"type": "Feature", "geometry": {"type": "Point", "coordinates": [-53.475006103515625, -30.975000381469727]}, "properties": {"precip_mm": 7.2}}, {"type": "Feature", "geometry": {"type": "Point", "coordinates": [-52.975006103515625, -30.975000381469727]}, "properties": {"precip_mm": 7.0}}, {"type": "Feature", "geometry": {"type": "Point", "coordinates": [-52.475006103515625, -30.975000381469727]}, "properties": {"precip_mm": 6.8}}, {"type": "Feature", "geometry": {"type": "Point", "coordinates": [-51.975006103515625, -30.975000381469727]}, "properties": {"precip_mm": 6.4}}, {"type": "Feature", "geometry": {"type": "Point", "coordinates": [-51.475006103515625, -30.975000381469727]}, "properties": {"precip_mm": 6.3}}, {"type": "Feature", "geometry": {"type": "Point", "coordinates": [-50.975006103515625, -30.975000381469727]}, "properties": {"precip_mm": 6.2}}, {"type": "Feature", "geometry": {"type": "Point", "coordinates": [-71.47500610351562, -30.475000381469727]}, "properties": {"precip_mm": 5.1}}, {"type": "Feature", "geometry": {"type": "Point", "coordinates": [-70.97500610351562, -30.475000381469727]}, "properties": {"precip_mm": 4.5}}, {"type": "Feature", "geometry": {"type": "Point", "coordinates": [-70.47500610351562, -30.475000381469727]}, "properties": {"precip_mm": 11.2}}, {"type": "Feature", "geometry": {"type": "Point", "coordinates": [-69.97500610351562, -30.475000381469727]}, "properties": {"precip_mm": 0.7}}, {"type": "Feature", "geometry": {"type": "Point", "coordinates": [-69.47500610351562, -30.475000381469727]}, "properties": {"precip_mm": 0.0}}, {"type": "Feature", "geometry": {"type": "Point", "coordinates": [-68.97500610351562, -30.475000381469727]}, "properties": {"precip_mm": 0.0}}, {"type": "Feature", "geometry": {"type": "Point", "coordinates": [-68.47500610351562, -30.475000381469727]}, "properties": {"precip_mm": 0.6}}, {"type": "Feature", "geometry": {"type": "Point", "coordinates": [-67.97500610351562, -30.475000381469727]}, "properties": {"precip_mm": 0.6}}, {"type": "Feature", "geometry": {"type": "Point", "coordinates": [-67.47500610351562, -30.475000381469727]}, "properties": {"precip_mm": 0.4}}, {"type": "Feature", "geometry": {"type": "Point", "coordinates": [-66.97500610351562, -30.475000381469727]}, "properties": {"precip_mm": 0.4}}, {"type": "Feature", "geometry": {"type": "Point", "coordinates": [-66.47500610351562, -30.475000381469727]}, "properties": {"precip_mm": 0.4}}, {"type": "Feature", "geometry": {"type": "Point", "coordinates": [-65.97500610351562, -30.475000381469727]}, "properties": {"precip_mm": 0.3}}, {"type": "Feature", "geometry": {"type": "Point", "coordinates": [-65.47500610351562, -30.475000381469727]}, "properties": {"precip_mm": 0.4}}, {"type": "Feature", "geometry": {"type": "Point", "coordinates": [-64.97500610351562, -30.475000381469727]}, "properties": {"precip_mm": 0.5}}, {"type": "Feature", "geometry": {"type": "Point", "coordinates": [-64.47500610351562, -30.475000381469727]}, "properties": {"precip_mm": 0.5}}, {"type": "Feature", "geometry": {"type": "Point", "coordinates": [-63.975006103515625, -30.475000381469727]}, "properties": {"precip_mm": 0.7}}, {"type": "Feature", "geometry": {"type": "Point", "coordinates": [-63.475006103515625, -30.475000381469727]}, "properties": {"precip_mm": 0.8}}, {"type": "Feature", "geometry": {"type": "Point", "coordinates": [-62.975006103515625, -30.475000381469727]}, "properties": {"precip_mm": 0.9}}, {"type": "Feature", "geometry": {"type": "Point", "coordinates": [-62.475006103515625, -30.475000381469727]}, "properties": {"precip_mm": 0.9}}, {"type": "Feature", "geometry": {"type": "Point", "coordinates": [-61.975006103515625, -30.475000381469727]}, "properties": {"precip_mm": 0.9}}, {"type": "Feature", "geometry": {"type": "Point", "coordinates": [-61.475006103515625, -30.475000381469727]}, "properties": {"precip_mm": 0.8}}, {"type": "Feature", "geometry": {"type": "Point", "coordinates": [-60.975006103515625, -30.475000381469727]}, "properties": {"precip_mm": 1.2}}, {"type": "Feature", "geometry": {"type": "Point", "coordinates": [-60.475006103515625, -30.475000381469727]}, "properties": {"precip_mm": 1.0}}, {"type": "Feature", "geometry": {"type": "Point", "coordinates": [-59.975006103515625, -30.475000381469727]}, "properties": {"precip_mm": 1.0}}, {"type": "Feature", "geometry": {"type": "Point", "coordinates": [-59.475006103515625, -30.475000381469727]}, "properties": {"precip_mm": 1.2}}, {"type": "Feature", "geometry": {"type": "Point", "coordinates": [-58.975006103515625, -30.475000381469727]}, "properties": {"precip_mm": 1.9}}, {"type": "Feature", "geometry": {"type": "Point", "coordinates": [-58.475006103515625, -30.475000381469727]}, "properties": {"precip_mm": 2.3}}, {"type": "Feature", "geometry": {"type": "Point", "coordinates": [-57.975006103515625, -30.475000381469727]}, "properties": {"precip_mm": 2.2}}, {"type": "Feature", "geometry": {"type": "Point", "coordinates": [-57.475006103515625, -30.475000381469727]}, "properties": {"precip_mm": 2.8}}, {"type": "Feature", "geometry": {"type": "Point", "coordinates": [-56.975006103515625, -30.475000381469727]}, "properties": {"precip_mm": 3.8}}, {"type": "Feature", "geometry": {"type": "Point", "coordinates": [-56.475006103515625, -30.475000381469727]}, "properties": {"precip_mm": 4.7}}, {"type": "Feature", "geometry": {"type": "Point", "coordinates": [-55.975006103515625, -30.475000381469727]}, "properties": {"precip_mm": 6.2}}, {"type": "Feature", "geometry": {"type": "Point", "coordinates": [-55.475006103515625, -30.475000381469727]}, "properties": {"precip_mm": 4.4}}, {"type": "Feature", "geometry": {"type": "Point", "coordinates": [-54.975006103515625, -30.475000381469727]}, "properties": {"precip_mm": 4.1}}, {"type": "Feature", "geometry": {"type": "Point", "coordinates": [-54.475006103515625, -30.475000381469727]}, "properties": {"precip_mm": 8.3}}, {"type": "Feature", "geometry": {"type": "Point", "coordinates": [-53.975006103515625, -30.475000381469727]}, "properties": {"precip_mm": 6.8}}, {"type": "Feature", "geometry": {"type": "Point", "coordinates": [-53.475006103515625, -30.475000381469727]}, "properties": {"precip_mm": 5.7}}, {"type": "Feature", "geometry": {"type": "Point", "coordinates": [-52.975006103515625, -30.475000381469727]}, "properties": {"precip_mm": 6.5}}, {"type": "Feature", "geometry": {"type": "Point", "coordinates": [-52.475006103515625, -30.475000381469727]}, "properties": {"precip_mm": 6.8}}, {"type": "Feature", "geometry": {"type": "Point", "coordinates": [-51.975006103515625, -30.475000381469727]}, "properties": {"precip_mm": 7.8}}, {"type": "Feature", "geometry": {"type": "Point", "coordinates": [-51.475006103515625, -30.475000381469727]}, "properties": {"precip_mm": 7.3}}, {"type": "Feature", "geometry": {"type": "Point", "coordinates": [-50.975006103515625, -30.475000381469727]}, "properties": {"precip_mm": 3.8}}, {"type": "Feature", "geometry": {"type": "Point", "coordinates": [-50.475006103515625, -30.475000381469727]}, "properties": {"precip_mm": 5.7}}, {"type": "Feature", "geometry": {"type": "Point", "coordinates": [-70.97500610351562, -29.975000381469727]}, "properties": {"precip_mm": 4.5}}, {"type": "Feature", "geometry": {"type": "Point", "coordinates": [-70.47500610351562, -29.975000381469727]}, "properties": {"precip_mm": 2.4}}, {"type": "Feature", "geometry": {"type": "Point", "coordinates": [-69.97500610351562, -29.975000381469727]}, "properties": {"precip_mm": 0.2}}, {"type": "Feature", "geometry": {"type": "Point", "coordinates": [-69.47500610351562, -29.975000381469727]}, "properties": {"precip_mm": 0.0}}, {"type": "Feature", "geometry": {"type": "Point", "coordinates": [-68.97500610351562, -29.975000381469727]}, "properties": {"precip_mm": 0.0}}, {"type": "Feature", "geometry": {"type": "Point", "coordinates": [-68.47500610351562, -29.975000381469727]}, "properties": {"precip_mm": 0.5}}, {"type": "Feature", "geometry": {"type": "Point", "coordinates": [-67.97500610351562, -29.975000381469727]}, "properties": {"precip_mm": 0.4}}, {"type": "Feature", "geometry": {"type": "Point", "coordinates": [-67.47500610351562, -29.975000381469727]}, "properties": {"precip_mm": 0.3}}, {"type": "Feature", "geometry": {"type": "Point", "coordinates": [-66.97500610351562, -29.975000381469727]}, "properties": {"precip_mm": 0.5}}, {"type": "Feature", "geometry": {"type": "Point", "coordinates": [-66.47500610351562, -29.975000381469727]}, "properties": {"precip_mm": 0.4}}, {"type": "Feature", "geometry": {"type": "Point", "coordinates": [-65.97500610351562, -29.975000381469727]}, "properties": {"precip_mm": 0.5}}, {"type": "Feature", "geometry": {"type": "Point", "coordinates": [-65.47500610351562, -29.975000381469727]}, "properties": {"precip_mm": 0.3}}, {"type": "Feature", "geometry": {"type": "Point", "coordinates": [-64.97500610351562, -29.975000381469727]}, "properties": {"precip_mm": 0.4}}, {"type": "Feature", "geometry": {"type": "Point", "coordinates": [-64.47500610351562, -29.975000381469727]}, "properties": {"precip_mm": 0.5}}, {"type": "Feature", "geometry": {"type": "Point", "coordinates": [-63.975006103515625, -29.975000381469727]}, "properties": {"precip_mm": 0.4}}, {"type": "Feature", "geometry": {"type": "Point", "coordinates": [-63.475006103515625, -29.975000381469727]}, "properties": {"precip_mm": 0.7}}, {"type": "Feature", "geometry": {"type": "Point", "coordinates": [-62.975006103515625, -29.975000381469727]}, "properties": {"precip_mm": 0.7}}, {"type": "Feature", "geometry": {"type": "Point", "coordinates": [-62.475006103515625, -29.975000381469727]}, "properties": {"precip_mm": 0.7}}, {"type": "Feature", "geometry": {"type": "Point", "coordinates": [-61.975006103515625, -29.975000381469727]}, "properties": {"precip_mm": 1.1}}, {"type": "Feature", "geometry": {"type": "Point", "coordinates": [-61.475006103515625, -29.975000381469727]}, "properties": {"precip_mm": 0.8}}, {"type": "Feature", "geometry": {"type": "Point", "coordinates": [-60.975006103515625, -29.975000381469727]}, "properties": {"precip_mm": 1.1}}, {"type": "Feature", "geometry": {"type": "Point", "coordinates": [-60.475006103515625, -29.975000381469727]}, "properties": {"precip_mm": 1.2}}, {"type": "Feature", "geometry": {"type": "Point", "coordinates": [-59.975006103515625, -29.975000381469727]}, "properties": {"precip_mm": 1.1}}, {"type": "Feature", "geometry": {"type": "Point", "coordinates": [-59.475006103515625, -29.975000381469727]}, "properties": {"precip_mm": 1.1}}, {"type": "Feature", "geometry": {"type": "Point", "coordinates": [-58.975006103515625, -29.975000381469727]}, "properties": {"precip_mm": 1.8}}, {"type": "Feature", "geometry": {"type": "Point", "coordinates": [-58.475006103515625, -29.975000381469727]}, "properties": {"precip_mm": 2.4}}, {"type": "Feature", "geometry": {"type": "Point", "coordinates": [-57.975006103515625, -29.975000381469727]}, "properties": {"precip_mm": 2.6}}, {"type": "Feature", "geometry": {"type": "Point", "coordinates": [-57.475006103515625, -29.975000381469727]}, "properties": {"precip_mm": 2.6}}, {"type": "Feature", "geometry": {"type": "Point", "coordinates": [-56.975006103515625, -29.975000381469727]}, "properties": {"precip_mm": 2.6}}, {"type": "Feature", "geometry": {"type": "Point", "coordinates": [-56.475006103515625, -29.975000381469727]}, "properties": {"precip_mm": 3.6}}, {"type": "Feature", "geometry": {"type": "Point", "coordinates": [-55.975006103515625, -29.975000381469727]}, "properties": {"precip_mm": 5.5}}, {"type": "Feature", "geometry": {"type": "Point", "coordinates": [-55.475006103515625, -29.975000381469727]}, "properties": {"precip_mm": 4.2}}, {"type": "Feature", "geometry": {"type": "Point", "coordinates": [-54.975006103515625, -29.975000381469727]}, "properties": {"precip_mm": 3.7}}, {"type": "Feature", "geometry": {"type": "Point", "coordinates": [-54.475006103515625, -29.975000381469727]}, "properties": {"precip_mm": 5.7}}, {"type": "Feature", "geometry": {"type": "Point", "coordinates": [-53.975006103515625, -29.975000381469727]}, "properties": {"precip_mm": 5.6}}, {"type": "Feature", "geometry": {"type": "Point", "coordinates": [-53.475006103515625, -29.975000381469727]}, "properties": {"precip_mm": 6.7}}, {"type": "Feature", "geometry": {"type": "Point", "coordinates": [-52.975006103515625, -29.975000381469727]}, "properties": {"precip_mm": 5.6}}, {"type": "Feature", "geometry": {"type": "Point", "coordinates": [-52.475006103515625, -29.975000381469727]}, "properties": {"precip_mm": 6.7}}, {"type": "Feature", "geometry": {"type": "Point", "coordinates": [-51.975006103515625, -29.975000381469727]}, "properties": {"precip_mm": 7.0}}, {"type": "Feature", "geometry": {"type": "Point", "coordinates": [-51.475006103515625, -29.975000381469727]}, "properties": {"precip_mm": 8.5}}, {"type": "Feature", "geometry": {"type": "Point", "coordinates": [-50.975006103515625, -29.975000381469727]}, "properties": {"precip_mm": 6.2}}, {"type": "Feature", "geometry": {"type": "Point", "coordinates": [-50.475006103515625, -29.975000381469727]}, "properties": {"precip_mm": 7.9}}, {"type": "Feature", "geometry": {"type": "Point", "coordinates": [-70.97500610351562, -29.475000381469727]}, "properties": {"precip_mm": 1.6}}, {"type": "Feature", "geometry": {"type": "Point", "coordinates": [-70.47500610351562, -29.475000381469727]}, "properties": {"precip_mm": 1.2}}, {"type": "Feature", "geometry": {"type": "Point", "coordinates": [-69.97500610351562, -29.475000381469727]}, "properties": {"precip_mm": 0.1}}, {"type": "Feature", "geometry": {"type": "Point", "coordinates": [-69.47500610351562, -29.475000381469727]}, "properties": {"precip_mm": 0.0}}, {"type": "Feature", "geometry": {"type": "Point", "coordinates": [-68.97500610351562, -29.475000381469727]}, "properties": {"precip_mm": 0.0}}, {"type": "Feature", "geometry": {"type": "Point", "coordinates": [-68.47500610351562, -29.475000381469727]}, "properties": {"precip_mm": 0.9}}, {"type": "Feature", "geometry": {"type": "Point", "coordinates": [-67.97500610351562, -29.475000381469727]}, "properties": {"precip_mm": 0.5}}, {"type": "Feature", "geometry": {"type": "Point", "coordinates": [-67.47500610351562, -29.475000381469727]}, "properties": {"precip_mm": 0.5}}, {"type": "Feature", "geometry": {"type": "Point", "coordinates": [-66.97500610351562, -29.475000381469727]}, "properties": {"precip_mm": 0.3}}, {"type": "Feature", "geometry": {"type": "Point", "coordinates": [-66.47500610351562, -29.475000381469727]}, "properties": {"precip_mm": 0.3}}, {"type": "Feature", "geometry": {"type": "Point", "coordinates": [-65.97500610351562, -29.475000381469727]}, "properties": {"precip_mm": 0.4}}, {"type": "Feature", "geometry": {"type": "Point", "coordinates": [-65.47500610351562, -29.475000381469727]}, "properties": {"precip_mm": 0.3}}, {"type": "Feature", "geometry": {"type": "Point", "coordinates": [-64.97500610351562, -29.475000381469727]}, "properties": {"precip_mm": 0.4}}, {"type": "Feature", "geometry": {"type": "Point", "coordinates": [-64.47500610351562, -29.475000381469727]}, "properties": {"precip_mm": 0.4}}, {"type": "Feature", "geometry": {"type": "Point", "coordinates": [-63.975006103515625, -29.475000381469727]}, "properties": {"precip_mm": 0.5}}, {"type": "Feature", "geometry": {"type": "Point", "coordinates": [-63.475006103515625, -29.475000381469727]}, "properties": {"precip_mm": 0.5}}, {"type": "Feature", "geometry": {"type": "Point", "coordinates": [-62.975006103515625, -29.475000381469727]}, "properties": {"precip_mm": 0.6}}, {"type": "Feature", "geometry": {"type": "Point", "coordinates": [-62.475006103515625, -29.475000381469727]}, "properties": {"precip_mm": 0.6}}, {"type": "Feature", "geometry": {"type": "Point", "coordinates": [-61.975006103515625, -29.475000381469727]}, "properties": {"precip_mm": 0.9}}, {"type": "Feature", "geometry": {"type": "Point", "coordinates": [-61.475006103515625, -29.475000381469727]}, "properties": {"precip_mm": 1.0}}, {"type": "Feature", "geometry": {"type": "Point", "coordinates": [-60.975006103515625, -29.475000381469727]}, "properties": {"precip_mm": 1.1}}, {"type": "Feature", "geometry": {"type": "Point", "coordinates": [-60.475006103515625, -29.475000381469727]}, "properties": {"precip_mm": 1.2}}, {"type": "Feature", "geometry": {"type": "Point", "coordinates": [-59.975006103515625, -29.475000381469727]}, "properties": {"precip_mm": 1.1}}, {"type": "Feature", "geometry": {"type": "Point", "coordinates": [-59.475006103515625, -29.475000381469727]}, "properties": {"precip_mm": 1.2}}, {"type": "Feature", "geometry": {"type": "Point", "coordinates": [-58.975006103515625, -29.475000381469727]}, "properties": {"precip_mm": 1.4}}, {"type": "Feature", "geometry": {"type": "Point", "coordinates": [-58.475006103515625, -29.475000381469727]}, "properties": {"precip_mm": 2.3}}, {"type": "Feature", "geometry": {"type": "Point", "coordinates": [-57.975006103515625, -29.475000381469727]}, "properties": {"precip_mm": 2.3}}, {"type": "Feature", "geometry": {"type": "Point", "coordinates": [-57.475006103515625, -29.475000381469727]}, "properties": {"precip_mm": 2.4}}, {"type": "Feature", "geometry": {"type": "Point", "coordinates": [-56.975006103515625, -29.475000381469727]}, "properties": {"precip_mm": 3.2}}, {"type": "Feature", "geometry": {"type": "Point", "coordinates": [-56.475006103515625, -29.475000381469727]}, "properties": {"precip_mm": 3.0}}, {"type": "Feature", "geometry": {"type": "Point", "coordinates": [-55.975006103515625, -29.475000381469727]}, "properties": {"precip_mm": 3.2}}, {"type": "Feature", "geometry": {"type": "Point", "coordinates": [-55.475006103515625, -29.475000381469727]}, "properties": {"precip_mm": 4.0}}, {"type": "Feature", "geometry": {"type": "Point", "coordinates": [-54.975006103515625, -29.475000381469727]}, "properties": {"precip_mm": 6.1}}, {"type": "Feature", "geometry": {"type": "Point", "coordinates": [-54.475006103515625, -29.475000381469727]}, "properties": {"precip_mm": 6.5}}, {"type": "Feature", "geometry": {"type": "Point", "coordinates": [-53.975006103515625, -29.475000381469727]}, "properties": {"precip_mm": 6.9}}, {"type": "Feature", "geometry": {"type": "Point", "coordinates": [-53.475006103515625, -29.475000381469727]}, "properties": {"precip_mm": 7.6}}, {"type": "Feature", "geometry": {"type": "Point", "coordinates": [-52.975006103515625, -29.475000381469727]}, "properties": {"precip_mm": 7.5}}, {"type": "Feature", "geometry": {"type": "Point", "coordinates": [-52.475006103515625, -29.475000381469727]}, "properties": {"precip_mm": 7.7}}, {"type": "Feature", "geometry": {"type": "Point", "coordinates": [-51.975006103515625, -29.475000381469727]}, "properties": {"precip_mm": 8.0}}, {"type": "Feature", "geometry": {"type": "Point", "coordinates": [-51.475006103515625, -29.475000381469727]}, "properties": {"precip_mm": 8.7}}, {"type": "Feature", "geometry": {"type": "Point", "coordinates": [-50.975006103515625, -29.475000381469727]}, "properties": {"precip_mm": 10.1}}, {"type": "Feature", "geometry": {"type": "Point", "coordinates": [-50.475006103515625, -29.475000381469727]}, "properties": {"precip_mm": 10.8}}, {"type": "Feature", "geometry": {"type": "Point", "coordinates": [-49.975006103515625, -29.475000381469727]}, "properties": {"precip_mm": 7.8}}, {"type": "Feature", "geometry": {"type": "Point", "coordinates": [-71.47500610351562, -28.975000381469727]}, "properties": {"precip_mm": 2.8}}, {"type": "Feature", "geometry": {"type": "Point", "coordinates": [-70.97500610351562, -28.975000381469727]}, "properties": {"precip_mm": 2.7}}, {"type": "Feature", "geometry": {"type": "Point", "coordinates": [-69.47500610351562, -28.975000381469727]}, "properties": {"precip_mm": 0.0}}, {"type": "Feature", "geometry": {"type": "Point", "coordinates": [-68.97500610351562, -28.975000381469727]}, "properties": {"precip_mm": 0.0}}, {"type": "Feature", "geometry": {"type": "Point", "coordinates": [-68.47500610351562, -28.975000381469727]}, "properties": {"precip_mm": 0.0}}, {"type": "Feature", "geometry": {"type": "Point", "coordinates": [-67.97500610351562, -28.975000381469727]}, "properties": {"precip_mm": 0.2}}, {"type": "Feature", "geometry": {"type": "Point", "coordinates": [-67.47500610351562, -28.975000381469727]}, "properties": {"precip_mm": 0.4}}, {"type": "Feature", "geometry": {"type": "Point", "coordinates": [-66.97500610351562, -28.975000381469727]}, "properties": {"precip_mm": 0.5}}, {"type": "Feature", "geometry": {"type": "Point", "coordinates": [-66.47500610351562, -28.975000381469727]}, "properties": {"precip_mm": 0.3}}, {"type": "Feature", "geometry": {"type": "Point", "coordinates": [-65.97500610351562, -28.975000381469727]}, "properties": {"precip_mm": 0.3}}, {"type": "Feature", "geometry": {"type": "Point", "coordinates": [-65.47500610351562, -28.975000381469727]}, "properties": {"precip_mm": 0.3}}, {"type": "Feature", "geometry": {"type": "Point", "coordinates": [-64.97500610351562, -28.975000381469727]}, "properties": {"precip_mm": 0.4}}, {"type": "Feature", "geometry": {"type": "Point", "coordinates": [-64.47500610351562, -28.975000381469727]}, "properties": {"precip_mm": 0.4}}, {"type": "Feature", "geometry": {"type": "Point", "coordinates": [-63.975006103515625, -28.975000381469727]}, "properties": {"precip_mm": 0.4}}, {"type": "Feature", "geometry": {"type": "Point", "coordinates": [-63.475006103515625, -28.975000381469727]}, "properties": {"precip_mm": 0.5}}, {"type": "Feature", "geometry": {"type": "Point", "coordinates": [-62.975006103515625, -28.975000381469727]}, "properties": {"precip_mm": 0.4}}, {"type": "Feature", "geometry": {"type": "Point", "coordinates": [-62.475006103515625, -28.975000381469727]}, "properties": {"precip_mm": 0.4}}, {"type": "Feature", "geometry": {"type": "Point", "coordinates": [-61.975006103515625, -28.975000381469727]}, "properties": {"precip_mm": 0.7}}, {"type": "Feature", "geometry": {"type": "Point", "coordinates": [-61.475006103515625, -28.975000381469727]}, "properties": {"precip_mm": 0.8}}, {"type": "Feature", "geometry": {"type": "Point", "coordinates": [-60.975006103515625, -28.975000381469727]}, "properties": {"precip_mm": 0.9}}, {"type": "Feature", "geometry": {"type": "Point", "coordinates": [-60.475006103515625, -28.975000381469727]}, "properties": {"precip_mm": 1.0}}, {"type": "Feature", "geometry": {"type": "Point", "coordinates": [-59.975006103515625, -28.975000381469727]}, "properties": {"precip_mm": 1.3}}, {"type": "Feature", "geometry": {"type": "Point", "coordinates": [-59.475006103515625, -28.975000381469727]}, "properties": {"precip_mm": 1.0}}, {"type": "Feature", "geometry": {"type": "Point", "coordinates": [-58.975006103515625, -28.975000381469727]}, "properties": {"precip_mm": 1.2}}, {"type": "Feature", "geometry": {"type": "Point", "coordinates": [-58.475006103515625, -28.975000381469727]}, "properties": {"precip_mm": 1.5}}, {"type": "Feature", "geometry": {"type": "Point", "coordinates": [-57.975006103515625, -28.975000381469727]}, "properties": {"precip_mm": 2.1}}, {"type": "Feature", "geometry": {"type": "Point", "coordinates": [-57.475006103515625, -28.975000381469727]}, "properties": {"precip_mm": 1.8}}, {"type": "Feature", "geometry": {"type": "Point", "coordinates": [-56.975006103515625, -28.975000381469727]}, "properties": {"precip_mm": 2.0}}, {"type": "Feature", "geometry": {"type": "Point", "coordinates": [-56.475006103515625, -28.975000381469727]}, "properties": {"precip_mm": 2.4}}, {"type": "Feature", "geometry": {"type": "Point", "coordinates": [-55.975006103515625, -28.975000381469727]}, "properties": {"precip_mm": 2.8}}, {"type": "Feature", "geometry": {"type": "Point", "coordinates": [-55.475006103515625, -28.975000381469727]}, "properties": {"precip_mm": 4.1}}, {"type": "Feature", "geometry": {"type": "Point", "coordinates": [-54.975006103515625, -28.975000381469727]}, "properties": {"precip_mm": 4.5}}, {"type": "Feature", "geometry": {"type": "Point", "coordinates": [-54.475006103515625, -28.975000381469727]}, "properties": {"precip_mm": 5.8}}, {"type": "Feature", "geometry": {"type": "Point", "coordinates": [-53.975006103515625, -28.975000381469727]}, "properties": {"precip_mm": 6.8}}, {"type": "Feature", "geometry": {"type": "Point", "coordinates": [-53.475006103515625, -28.975000381469727]}, "properties": {"precip_mm": 6.1}}, {"type": "Feature", "geometry": {"type": "Point", "coordinates": [-52.975006103515625, -28.975000381469727]}, "properties": {"precip_mm": 7.5}}, {"type": "Feature", "geometry": {"type": "Point", "coordinates": [-52.475006103515625, -28.975000381469727]}, "properties": {"precip_mm": 8.4}}, {"type": "Feature", "geometry": {"type": "Point", "coordinates": [-51.975006103515625, -28.975000381469727]}, "properties": {"precip_mm": 7.9}}, {"type": "Feature", "geometry": {"type": "Point", "coordinates": [-51.475006103515625, -28.975000381469727]}, "properties": {"precip_mm": 8.5}}, {"type": "Feature", "geometry": {"type": "Point", "coordinates": [-50.975006103515625, -28.975000381469727]}, "properties": {"precip_mm": 10.3}}, {"type": "Feature", "geometry": {"type": "Point", "coordinates": [-50.475006103515625, -28.975000381469727]}, "properties": {"precip_mm": 9.2}}, {"type": "Feature", "geometry": {"type": "Point", "coordinates": [-49.975006103515625, -28.975000381469727]}, "properties": {"precip_mm": 8.2}}, {"type": "Feature", "geometry": {"type": "Point", "coordinates": [-49.475006103515625, -28.975000381469727]}, "properties": {"precip_mm": 6.0}}, {"type": "Feature", "geometry": {"type": "Point", "coordinates": [-70.97500610351562, -28.475000381469727]}, "properties": {"precip_mm": 1.2}}, {"type": "Feature", "geometry": {"type": "Point", "coordinates": [-70.47500610351562, -28.475000381469727]}, "properties": {"precip_mm": 0.5}}, {"type": "Feature", "geometry": {"type": "Point", "coordinates": [-69.47500610351562, -28.475000381469727]}, "properties": {"precip_mm": 0.0}}, {"type": "Feature", "geometry": {"type": "Point", "coordinates": [-68.47500610351562, -28.475000381469727]}, "properties": {"precip_mm": 0.1}}, {"type": "Feature", "geometry": {"type": "Point", "coordinates": [-67.97500610351562, -28.475000381469727]}, "properties": {"precip_mm": 0.2}}, {"type": "Feature", "geometry": {"type": "Point", "coordinates": [-67.47500610351562, -28.475000381469727]}, "properties": {"precip_mm": 0.2}}, {"type": "Feature", "geometry": {"type": "Point", "coordinates": [-66.97500610351562, -28.475000381469727]}, "properties": {"precip_mm": 0.2}}, {"type": "Feature", "geometry": {"type": "Point", "coordinates": [-66.47500610351562, -28.475000381469727]}, "properties": {"precip_mm": 0.3}}, {"type": "Feature", "geometry": {"type": "Point", "coordinates": [-65.97500610351562, -28.475000381469727]}, "properties": {"precip_mm": 0.8}}, {"type": "Feature", "geometry": {"type": "Point", "coordinates": [-65.47500610351562, -28.475000381469727]}, "properties": {"precip_mm": 0.2}}, {"type": "Feature", "geometry": {"type": "Point", "coordinates": [-64.97500610351562, -28.475000381469727]}, "properties": {"precip_mm": 0.4}}, {"type": "Feature", "geometry": {"type": "Point", "coordinates": [-64.47500610351562, -28.475000381469727]}, "properties": {"precip_mm": 0.3}}, {"type": "Feature", "geometry": {"type": "Point", "coordinates": [-63.975006103515625, -28.475000381469727]}, "properties": {"precip_mm": 0.3}}, {"type": "Feature", "geometry": {"type": "Point", "coordinates": [-63.475006103515625, -28.475000381469727]}, "properties": {"precip_mm": 0.2}}, {"type": "Feature", "geometry": {"type": "Point", "coordinates": [-62.975006103515625, -28.475000381469727]}, "properties": {"precip_mm": 0.2}}, {"type": "Feature", "geometry": {"type": "Point", "coordinates": [-62.475006103515625, -28.475000381469727]}, "properties": {"precip_mm": 0.2}}, {"type": "Feature", "geometry": {"type": "Point", "coordinates": [-61.975006103515625, -28.475000381469727]}, "properties": {"precip_mm": 0.5}}, {"type": "Feature", "geometry": {"type": "Point", "coordinates": [-61.475006103515625, -28.475000381469727]}, "properties": {"precip_mm": 0.6}}, {"type": "Feature", "geometry": {"type": "Point", "coordinates": [-60.975006103515625, -28.475000381469727]}, "properties": {"precip_mm": 0.6}}, {"type": "Feature", "geometry": {"type": "Point", "coordinates": [-60.475006103515625, -28.475000381469727]}, "properties": {"precip_mm": 0.6}}, {"type": "Feature", "geometry": {"type": "Point", "coordinates": [-59.975006103515625, -28.475000381469727]}, "properties": {"precip_mm": 0.7}}, {"type": "Feature", "geometry": {"type": "Point", "coordinates": [-59.475006103515625, -28.475000381469727]}, "properties": {"precip_mm": 0.7}}, {"type": "Feature", "geometry": {"type": "Point", "coordinates": [-58.975006103515625, -28.475000381469727]}, "properties": {"precip_mm": 0.8}}, {"type": "Feature", "geometry": {"type": "Point", "coordinates": [-58.475006103515625, -28.475000381469727]}, "properties": {"precip_mm": 0.8}}, {"type": "Feature", "geometry": {"type": "Point", "coordinates": [-57.975006103515625, -28.475000381469727]}, "properties": {"precip_mm": 1.2}}, {"type": "Feature", "geometry": {"type": "Point", "coordinates": [-57.475006103515625, -28.475000381469727]}, "properties": {"precip_mm": 1.3}}, {"type": "Feature", "geometry": {"type": "Point", "coordinates": [-56.975006103515625, -28.475000381469727]}, "properties": {"precip_mm": 2.0}}, {"type": "Feature", "geometry": {"type": "Point", "coordinates": [-56.475006103515625, -28.475000381469727]}, "properties": {"precip_mm": 2.6}}, {"type": "Feature", "geometry": {"type": "Point", "coordinates": [-55.975006103515625, -28.475000381469727]}, "properties": {"precip_mm": 3.1}}, {"type": "Feature", "geometry": {"type": "Point", "coordinates": [-55.475006103515625, -28.475000381469727]}, "properties": {"precip_mm": 4.6}}, {"type": "Feature", "geometry": {"type": "Point", "coordinates": [-54.975006103515625, -28.475000381469727]}, "properties": {"precip_mm": 7.2}}, {"type": "Feature", "geometry": {"type": "Point", "coordinates": [-54.475006103515625, -28.475000381469727]}, "properties": {"precip_mm": 5.0}}, {"type": "Feature", "geometry": {"type": "Point", "coordinates": [-53.975006103515625, -28.475000381469727]}, "properties": {"precip_mm": 5.3}}, {"type": "Feature", "geometry": {"type": "Point", "coordinates": [-53.475006103515625, -28.475000381469727]}, "properties": {"precip_mm": 5.4}}, {"type": "Feature", "geometry": {"type": "Point", "coordinates": [-52.975006103515625, -28.475000381469727]}, "properties": {"precip_mm": 7.7}}, {"type": "Feature", "geometry": {"type": "Point", "coordinates": [-52.475006103515625, -28.475000381469727]}, "properties": {"precip_mm": 9.9}}, {"type": "Feature", "geometry": {"type": "Point", "coordinates": [-51.975006103515625, -28.475000381469727]}, "properties": {"precip_mm": 9.2}}, {"type": "Feature", "geometry": {"type": "Point", "coordinates": [-51.475006103515625, -28.475000381469727]}, "properties": {"precip_mm": 9.0}}, {"type": "Feature", "geometry": {"type": "Point", "coordinates": [-50.975006103515625, -28.475000381469727]}, "properties": {"precip_mm": 10.9}}, {"type": "Feature", "geometry": {"type": "Point", "coordinates": [-50.475006103515625, -28.475000381469727]}, "properties": {"precip_mm": 11.1}}, {"type": "Feature", "geometry": {"type": "Point", "coordinates": [-49.975006103515625, -28.475000381469727]}, "properties": {"precip_mm": 12.2}}, {"type": "Feature", "geometry": {"type": "Point", "coordinates": [-49.475006103515625, -28.475000381469727]}, "properties": {"precip_mm": 6.2}}, {"type": "Feature", "geometry": {"type": "Point", "coordinates": [-48.975006103515625, -28.475000381469727]}, "properties": {"precip_mm": 4.8}}, {"type": "Feature", "geometry": {"type": "Point", "coordinates": [-70.97500610351562, -27.975000381469727]}, "properties": {"precip_mm": 0.8}}, {"type": "Feature", "geometry": {"type": "Point", "coordinates": [-70.47500610351562, -27.975000381469727]}, "properties": {"precip_mm": 1.0}}, {"type": "Feature", "geometry": {"type": "Point", "coordinates": [-69.97500610351562, -27.975000381469727]}, "properties": {"precip_mm": 0.2}}, {"type": "Feature", "geometry": {"type": "Point", "coordinates": [-68.97500610351562, -27.975000381469727]}, "properties": {"precip_mm": 0.0}}, {"type": "Feature", "geometry": {"type": "Point", "coordinates": [-68.47500610351562, -27.975000381469727]}, "properties": {"precip_mm": 0.0}}, {"type": "Feature", "geometry": {"type": "Point", "coordinates": [-67.97500610351562, -27.975000381469727]}, "properties": {"precip_mm": 0.0}}, {"type": "Feature", "geometry": {"type": "Point", "coordinates": [-67.47500610351562, -27.975000381469727]}, "properties": {"precip_mm": 0.1}}, {"type": "Feature", "geometry": {"type": "Point", "coordinates": [-66.97500610351562, -27.975000381469727]}, "properties": {"precip_mm": 0.2}}, {"type": "Feature", "geometry": {"type": "Point", "coordinates": [-66.47500610351562, -27.975000381469727]}, "properties": {"precip_mm": 0.3}}, {"type": "Feature", "geometry": {"type": "Point", "coordinates": [-65.97500610351562, -27.975000381469727]}, "properties": {"precip_mm": 0.5}}, {"type": "Feature", "geometry": {"type": "Point", "coordinates": [-65.47500610351562, -27.975000381469727]}, "properties": {"precip_mm": 0.4}}, {"type": "Feature", "geometry": {"type": "Point", "coordinates": [-64.97500610351562, -27.975000381469727]}, "properties": {"precip_mm": 0.3}}, {"type": "Feature", "geometry": {"type": "Point", "coordinates": [-64.47500610351562, -27.975000381469727]}, "properties": {"precip_mm": 0.2}}, {"type": "Feature", "geometry": {"type": "Point", "coordinates": [-63.975006103515625, -27.975000381469727]}, "properties": {"precip_mm": 0.2}}, {"type": "Feature", "geometry": {"type": "Point", "coordinates": [-63.475006103515625, -27.975000381469727]}, "properties": {"precip_mm": 0.2}}, {"type": "Feature", "geometry": {"type": "Point", "coordinates": [-62.975006103515625, -27.975000381469727]}, "properties": {"precip_mm": 0.3}}, {"type": "Feature", "geometry": {"type": "Point", "coordinates": [-62.475006103515625, -27.975000381469727]}, "properties": {"precip_mm": 0.2}}, {"type": "Feature", "geometry": {"type": "Point", "coordinates": [-61.975006103515625, -27.975000381469727]}, "properties": {"precip_mm": 0.3}}, {"type": "Feature", "geometry": {"type": "Point", "coordinates": [-61.475006103515625, -27.975000381469727]}, "properties": {"precip_mm": 0.4}}, {"type": "Feature", "geometry": {"type": "Point", "coordinates": [-60.975006103515625, -27.975000381469727]}, "properties": {"precip_mm": 0.6}}, {"type": "Feature", "geometry": {"type": "Point", "coordinates": [-60.475006103515625, -27.975000381469727]}, "properties": {"precip_mm": 0.6}}, {"type": "Feature", "geometry": {"type": "Point", "coordinates": [-59.975006103515625, -27.975000381469727]}, "properties": {"precip_mm": 0.6}}, {"type": "Feature", "geometry": {"type": "Point", "coordinates": [-59.475006103515625, -27.975000381469727]}, "properties": {"precip_mm": 0.6}}, {"type": "Feature", "geometry": {"type": "Point", "coordinates": [-58.975006103515625, -27.975000381469727]}, "properties": {"precip_mm": 0.6}}, {"type": "Feature", "geometry": {"type": "Point", "coordinates": [-58.475006103515625, -27.975000381469727]}, "properties": {"precip_mm": 0.7}}, {"type": "Feature", "geometry": {"type": "Point", "coordinates": [-57.975006103515625, -27.975000381469727]}, "properties": {"precip_mm": 1.0}}, {"type": "Feature", "geometry": {"type": "Point", "coordinates": [-57.475006103515625, -27.975000381469727]}, "properties": {"precip_mm": 1.4}}, {"type": "Feature", "geometry": {"type": "Point", "coordinates": [-56.975006103515625, -27.975000381469727]}, "properties": {"precip_mm": 2.0}}, {"type": "Feature", "geometry": {"type": "Point", "coordinates": [-56.475006103515625, -27.975000381469727]}, "properties": {"precip_mm": 2.8}}, {"type": "Feature", "geometry": {"type": "Point", "coordinates": [-55.975006103515625, -27.975000381469727]}, "properties": {"precip_mm": 3.3}}, {"type": "Feature", "geometry": {"type": "Point", "coordinates": [-55.475006103515625, -27.975000381469727]}, "properties": {"precip_mm": 4.2}}, {"type": "Feature", "geometry": {"type": "Point", "coordinates": [-54.975006103515625, -27.975000381469727]}, "properties": {"precip_mm": 6.1}}, {"type": "Feature", "geometry": {"type": "Point", "coordinates": [-54.475006103515625, -27.975000381469727]}, "properties": {"precip_mm": 6.2}}, {"type": "Feature", "geometry": {"type": "Point", "coordinates": [-53.975006103515625, -27.975000381469727]}, "properties": {"precip_mm": 4.8}}, {"type": "Feature", "geometry": {"type": "Point", "coordinates": [-53.475006103515625, -27.975000381469727]}, "properties": {"precip_mm": 5.2}}, {"type": "Feature", "geometry": {"type": "Point", "coordinates": [-52.975006103515625, -27.975000381469727]}, "properties": {"precip_mm": 6.5}}, {"type": "Feature", "geometry": {"type": "Point", "coordinates": [-52.475006103515625, -27.975000381469727]}, "properties": {"precip_mm": 7.7}}, {"type": "Feature", "geometry": {"type": "Point", "coordinates": [-51.975006103515625, -27.975000381469727]}, "properties": {"precip_mm": 8.1}}, {"type": "Feature", "geometry": {"type": "Point", "coordinates": [-51.475006103515625, -27.975000381469727]}, "properties": {"precip_mm": 8.8}}, {"type": "Feature", "geometry": {"type": "Point", "coordinates": [-50.975006103515625, -27.975000381469727]}, "properties": {"precip_mm": 11.4}}, {"type": "Feature", "geometry": {"type": "Point", "coordinates": [-50.475006103515625, -27.975000381469727]}, "properties": {"precip_mm": 11.7}}, {"type": "Feature", "geometry": {"type": "Point", "coordinates": [-49.975006103515625, -27.975000381469727]}, "properties": {"precip_mm": 11.7}}, {"type": "Feature", "geometry": {"type": "Point", "coordinates": [-49.475006103515625, -27.975000381469727]}, "properties": {"precip_mm": 8.1}}, {"type": "Feature", "geometry": {"type": "Point", "coordinates": [-48.975006103515625, -27.975000381469727]}, "properties": {"precip_mm": 5.5}}, {"type": "Feature", "geometry": {"type": "Point", "coordinates": [-70.47500610351562, -27.475000381469727]}, "properties": {"precip_mm": 0.4}}, {"type": "Feature", "geometry": {"type": "Point", "coordinates": [-69.97500610351562, -27.475000381469727]}, "properties": {"precip_mm": 0.2}}, {"type": "Feature", "geometry": {"type": "Point", "coordinates": [-68.47500610351562, -27.475000381469727]}, "properties": {"precip_mm": 0.0}}, {"type": "Feature", "geometry": {"type": "Point", "coordinates": [-67.97500610351562, -27.475000381469727]}, "properties": {"precip_mm": 0.0}}, {"type": "Feature", "geometry": {"type": "Point", "coordinates": [-67.47500610351562, -27.475000381469727]}, "properties": {"precip_mm": 0.2}}, {"type": "Feature", "geometry": {"type": "Point", "coordinates": [-66.97500610351562, -27.475000381469727]}, "properties": {"precip_mm": 0.3}}, {"type": "Feature", "geometry": {"type": "Point", "coordinates": [-66.47500610351562, -27.475000381469727]}, "properties": {"precip_mm": 0.3}}, {"type": "Feature", "geometry": {"type": "Point", "coordinates": [-65.97500610351562, -27.475000381469727]}, "properties": {"precip_mm": 0.5}}, {"type": "Feature", "geometry": {"type": "Point", "coordinates": [-65.47500610351562, -27.475000381469727]}, "properties": {"precip_mm": 0.4}}, {"type": "Feature", "geometry": {"type": "Point", "coordinates": [-64.97500610351562, -27.475000381469727]}, "properties": {"precip_mm": 0.3}}, {"type": "Feature", "geometry": {"type": "Point", "coordinates": [-64.47500610351562, -27.475000381469727]}, "properties": {"precip_mm": 0.2}}, {"type": "Feature", "geometry": {"type": "Point", "coordinates": [-63.975006103515625, -27.475000381469727]}, "properties": {"precip_mm": 0.2}}, {"type": "Feature", "geometry": {"type": "Point", "coordinates": [-63.475006103515625, -27.475000381469727]}, "properties": {"precip_mm": 0.2}}, {"type": "Feature", "geometry": {"type": "Point", "coordinates": [-62.975006103515625, -27.475000381469727]}, "properties": {"precip_mm": 0.2}}, {"type": "Feature", "geometry": {"type": "Point", "coordinates": [-62.475006103515625, -27.475000381469727]}, "properties": {"precip_mm": 0.3}}, {"type": "Feature", "geometry": {"type": "Point", "coordinates": [-61.975006103515625, -27.475000381469727]}, "properties": {"precip_mm": 0.4}}, {"type": "Feature", "geometry": {"type": "Point", "coordinates": [-61.475006103515625, -27.475000381469727]}, "properties": {"precip_mm": 0.3}}, {"type": "Feature", "geometry": {"type": "Point", "coordinates": [-60.975006103515625, -27.475000381469727]}, "properties": {"precip_mm": 0.3}}, {"type": "Feature", "geometry": {"type": "Point", "coordinates": [-60.475006103515625, -27.475000381469727]}, "properties": {"precip_mm": 0.3}}, {"type": "Feature", "geometry": {"type": "Point", "coordinates": [-59.975006103515625, -27.475000381469727]}, "properties": {"precip_mm": 0.4}}, {"type": "Feature", "geometry": {"type": "Point", "coordinates": [-59.475006103515625, -27.475000381469727]}, "properties": {"precip_mm": 0.5}}, {"type": "Feature", "geometry": {"type": "Point", "coordinates": [-58.975006103515625, -27.475000381469727]}, "properties": {"precip_mm": 0.6}}, {"type": "Feature", "geometry": {"type": "Point", "coordinates": [-58.475006103515625, -27.475000381469727]}, "properties": {"precip_mm": 0.8}}, {"type": "Feature", "geometry": {"type": "Point", "coordinates": [-57.975006103515625, -27.475000381469727]}, "properties": {"precip_mm": 1.1}}, {"type": "Feature", "geometry": {"type": "Point", "coordinates": [-57.475006103515625, -27.475000381469727]}, "properties": {"precip_mm": 1.6}}, {"type": "Feature", "geometry": {"type": "Point", "coordinates": [-56.975006103515625, -27.475000381469727]}, "properties": {"precip_mm": 2.1}}, {"type": "Feature", "geometry": {"type": "Point", "coordinates": [-56.475006103515625, -27.475000381469727]}, "properties": {"precip_mm": 2.2}}, {"type": "Feature", "geometry": {"type": "Point", "coordinates": [-55.975006103515625, -27.475000381469727]}, "properties": {"precip_mm": 2.7}}, {"type": "Feature", "geometry": {"type": "Point", "coordinates": [-55.475006103515625, -27.475000381469727]}, "properties": {"precip_mm": 3.7}}, {"type": "Feature", "geometry": {"type": "Point", "coordinates": [-54.975006103515625, -27.475000381469727]}, "properties": {"precip_mm": 4.3}}, {"type": "Feature", "geometry": {"type": "Point", "coordinates": [-54.475006103515625, -27.475000381469727]}, "properties": {"precip_mm": 5.3}}, {"type": "Feature", "geometry": {"type": "Point", "coordinates": [-53.975006103515625, -27.475000381469727]}, "properties": {"precip_mm": 7.2}}, {"type": "Feature", "geometry": {"type": "Point", "coordinates": [-53.475006103515625, -27.475000381469727]}, "properties": {"precip_mm": 9.2}}, {"type": "Feature", "geometry": {"type": "Point", "coordinates": [-52.975006103515625, -27.475000381469727]}, "properties": {"precip_mm": 7.2}}, {"type": "Feature", "geometry": {"type": "Point", "coordinates": [-52.475006103515625, -27.475000381469727]}, "properties": {"precip_mm": 8.1}}, {"type": "Feature", "geometry": {"type": "Point", "coordinates": [-51.975006103515625, -27.475000381469727]}, "properties": {"precip_mm": 8.8}}, {"type": "Feature", "geometry": {"type": "Point", "coordinates": [-51.475006103515625, -27.475000381469727]}, "properties": {"precip_mm": 8.1}}, {"type": "Feature", "geometry": {"type": "Point", "coordinates": [-50.975006103515625, -27.475000381469727]}, "properties": {"precip_mm": 8.4}}, {"type": "Feature", "geometry": {"type": "Point", "coordinates": [-50.475006103515625, -27.475000381469727]}, "properties": {"precip_mm": 9.3}}, {"type": "Feature", "geometry": {"type": "Point", "coordinates": [-49.975006103515625, -27.475000381469727]}, "properties": {"precip_mm": 7.4}}, {"type": "Feature", "geometry": {"type": "Point", "coordinates": [-49.475006103515625, -27.475000381469727]}, "properties": {"precip_mm": 6.2}}, {"type": "Feature", "geometry": {"type": "Point", "coordinates": [-48.975006103515625, -27.475000381469727]}, "properties": {"precip_mm": 4.7}}, {"type": "Feature", "geometry": {"type": "Point", "coordinates": [-48.475006103515625, -27.475000381469727]}, "properties": {"precip_mm": 3.9}}, {"type": "Feature", "geometry": {"type": "Point", "coordinates": [-70.47500610351562, -26.975000381469727]}, "properties": {"precip_mm": 0.6}}, {"type": "Feature", "geometry": {"type": "Point", "coordinates": [-69.97500610351562, -26.975000381469727]}, "properties": {"precip_mm": 0.3}}, {"type": "Feature", "geometry": {"type": "Point", "coordinates": [-69.47500610351562, -26.975000381469727]}, "properties": {"precip_mm": 0.1}}, {"type": "Feature", "geometry": {"type": "Point", "coordinates": [-68.97500610351562, -26.975000381469727]}, "properties": {"precip_mm": 0.1}}, {"type": "Feature", "geometry": {"type": "Point", "coordinates": [-68.47500610351562, -26.975000381469727]}, "properties": {"precip_mm": 0.0}}, {"type": "Feature", "geometry": {"type": "Point", "coordinates": [-67.97500610351562, -26.975000381469727]}, "properties": {"precip_mm": 0.0}}, {"type": "Feature", "geometry": {"type": "Point", "coordinates": [-67.47500610351562, -26.975000381469727]}, "properties": {"precip_mm": 0.1}}, {"type": "Feature", "geometry": {"type": "Point", "coordinates": [-66.97500610351562, -26.975000381469727]}, "properties": {"precip_mm": 0.2}}, {"type": "Feature", "geometry": {"type": "Point", "coordinates": [-66.47500610351562, -26.975000381469727]}, "properties": {"precip_mm": 0.3}}, {"type": "Feature", "geometry": {"type": "Point", "coordinates": [-65.97500610351562, -26.975000381469727]}, "properties": {"precip_mm": 0.4}}, {"type": "Feature", "geometry": {"type": "Point", "coordinates": [-65.47500610351562, -26.975000381469727]}, "properties": {"precip_mm": 0.6}}, {"type": "Feature", "geometry": {"type": "Point", "coordinates": [-64.97500610351562, -26.975000381469727]}, "properties": {"precip_mm": 0.3}}, {"type": "Feature", "geometry": {"type": "Point", "coordinates": [-64.47500610351562, -26.975000381469727]}, "properties": {"precip_mm": 0.2}}, {"type": "Feature", "geometry": {"type": "Point", "coordinates": [-63.975006103515625, -26.975000381469727]}, "properties": {"precip_mm": 0.2}}, {"type": "Feature", "geometry": {"type": "Point", "coordinates": [-63.475006103515625, -26.975000381469727]}, "properties": {"precip_mm": 0.2}}, {"type": "Feature", "geometry": {"type": "Point", "coordinates": [-62.975006103515625, -26.975000381469727]}, "properties": {"precip_mm": 0.2}}, {"type": "Feature", "geometry": {"type": "Point", "coordinates": [-62.475006103515625, -26.975000381469727]}, "properties": {"precip_mm": 0.2}}, {"type": "Feature", "geometry": {"type": "Point", "coordinates": [-61.975006103515625, -26.975000381469727]}, "properties": {"precip_mm": 0.2}}, {"type": "Feature", "geometry": {"type": "Point", "coordinates": [-61.475006103515625, -26.975000381469727]}, "properties": {"precip_mm": 0.3}}, {"type": "Feature", "geometry": {"type": "Point", "coordinates": [-60.975006103515625, -26.975000381469727]}, "properties": {"precip_mm": 0.3}}, {"type": "Feature", "geometry": {"type": "Point", "coordinates": [-60.475006103515625, -26.975000381469727]}, "properties": {"precip_mm": 0.4}}, {"type": "Feature", "geometry": {"type": "Point", "coordinates": [-59.975006103515625, -26.975000381469727]}, "properties": {"precip_mm": 0.4}}, {"type": "Feature", "geometry": {"type": "Point", "coordinates": [-59.475006103515625, -26.975000381469727]}, "properties": {"precip_mm": 0.6}}, {"type": "Feature", "geometry": {"type": "Point", "coordinates": [-58.975006103515625, -26.975000381469727]}, "properties": {"precip_mm": 0.8}}, {"type": "Feature", "geometry": {"type": "Point", "coordinates": [-58.475006103515625, -26.975000381469727]}, "properties": {"precip_mm": 1.2}}, {"type": "Feature", "geometry": {"type": "Point", "coordinates": [-57.975006103515625, -26.975000381469727]}, "properties": {"precip_mm": 1.4}}, {"type": "Feature", "geometry": {"type": "Point", "coordinates": [-57.475006103515625, -26.975000381469727]}, "properties": {"precip_mm": 1.3}}, {"type": "Feature", "geometry": {"type": "Point", "coordinates": [-56.975006103515625, -26.975000381469727]}, "properties": {"precip_mm": 1.5}}, {"type": "Feature", "geometry": {"type": "Point", "coordinates": [-56.475006103515625, -26.975000381469727]}, "properties": {"precip_mm": 1.6}}, {"type": "Feature", "geometry": {"type": "Point", "coordinates": [-55.975006103515625, -26.975000381469727]}, "properties": {"precip_mm": 1.8}}, {"type": "Feature", "geometry": {"type": "Point", "coordinates": [-55.475006103515625, -26.975000381469727]}, "properties": {"precip_mm": 2.5}}, {"type": "Feature", "geometry": {"type": "Point", "coordinates": [-54.975006103515625, -26.975000381469727]}, "properties": {"precip_mm": 3.5}}, {"type": "Feature", "geometry": {"type": "Point", "coordinates": [-54.475006103515625, -26.975000381469727]}, "properties": {"precip_mm": 5.8}}, {"type": "Feature", "geometry": {"type": "Point", "coordinates": [-53.975006103515625, -26.975000381469727]}, "properties": {"precip_mm": 7.0}}, {"type": "Feature", "geometry": {"type": "Point", "coordinates": [-53.475006103515625, -26.975000381469727]}, "properties": {"precip_mm": 10.2}}, {"type": "Feature", "geometry": {"type": "Point", "coordinates": [-52.975006103515625, -26.975000381469727]}, "properties": {"precip_mm": 12.4}}, {"type": "Feature", "geometry": {"type": "Point", "coordinates": [-52.475006103515625, -26.975000381469727]}, "properties": {"precip_mm": 10.3}}, {"type": "Feature", "geometry": {"type": "Point", "coordinates": [-51.975006103515625, -26.975000381469727]}, "properties": {"precip_mm": 9.0}}, {"type": "Feature", "geometry": {"type": "Point", "coordinates": [-51.475006103515625, -26.975000381469727]}, "properties": {"precip_mm": 8.1}}, {"type": "Feature", "geometry": {"type": "Point", "coordinates": [-50.975006103515625, -26.975000381469727]}, "properties": {"precip_mm": 7.5}}, {"type": "Feature", "geometry": {"type": "Point", "coordinates": [-50.475006103515625, -26.975000381469727]}, "properties": {"precip_mm": 6.8}}, {"type": "Feature", "geometry": {"type": "Point", "coordinates": [-49.975006103515625, -26.975000381469727]}, "properties": {"precip_mm": 6.9}}, {"type": "Feature", "geometry": {"type": "Point", "coordinates": [-49.475006103515625, -26.975000381469727]}, "properties": {"precip_mm": 6.1}}, {"type": "Feature", "geometry": {"type": "Point", "coordinates": [-48.975006103515625, -26.975000381469727]}, "properties": {"precip_mm": 5.7}}, {"type": "Feature", "geometry": {"type": "Point", "coordinates": [-70.47500610351562, -26.475000381469727]}, "properties": {"precip_mm": 0.2}}, {"type": "Feature", "geometry": {"type": "Point", "coordinates": [-69.97500610351562, -26.475000381469727]}, "properties": {"precip_mm": 0.3}}, {"type": "Feature", "geometry": {"type": "Point", "coordinates": [-69.47500610351562, -26.475000381469727]}, "properties": {"precip_mm": 0.2}}, {"type": "Feature", "geometry": {"type": "Point", "coordinates": [-68.97500610351562, -26.475000381469727]}, "properties": {"precip_mm": 0.1}}, {"type": "Feature", "geometry": {"type": "Point", "coordinates": [-68.47500610351562, -26.475000381469727]}, "properties": {"precip_mm": 0.0}}, {"type": "Feature", "geometry": {"type": "Point", "coordinates": [-67.97500610351562, -26.475000381469727]}, "properties": {"precip_mm": 0.0}}, {"type": "Feature", "geometry": {"type": "Point", "coordinates": [-67.47500610351562, -26.475000381469727]}, "properties": {"precip_mm": 0.2}}, {"type": "Feature", "geometry": {"type": "Point", "coordinates": [-66.97500610351562, -26.475000381469727]}, "properties": {"precip_mm": 0.4}}, {"type": "Feature", "geometry": {"type": "Point", "coordinates": [-66.47500610351562, -26.475000381469727]}, "properties": {"precip_mm": 0.4}}, {"type": "Feature", "geometry": {"type": "Point", "coordinates": [-65.97500610351562, -26.475000381469727]}, "properties": {"precip_mm": 0.4}}, {"type": "Feature", "geometry": {"type": "Point", "coordinates": [-65.47500610351562, -26.475000381469727]}, "properties": {"precip_mm": 0.3}}, {"type": "Feature", "geometry": {"type": "Point", "coordinates": [-64.97500610351562, -26.475000381469727]}, "properties": {"precip_mm": 0.2}}, {"type": "Feature", "geometry": {"type": "Point", "coordinates": [-64.47500610351562, -26.475000381469727]}, "properties": {"precip_mm": 0.1}}, {"type": "Feature", "geometry": {"type": "Point", "coordinates": [-63.975006103515625, -26.475000381469727]}, "properties": {"precip_mm": 0.2}}, {"type": "Feature", "geometry": {"type": "Point", "coordinates": [-63.475006103515625, -26.475000381469727]}, "properties": {"precip_mm": 0.2}}, {"type": "Feature", "geometry": {"type": "Point", "coordinates": [-62.975006103515625, -26.475000381469727]}, "properties": {"precip_mm": 0.3}}, {"type": "Feature", "geometry": {"type": "Point", "coordinates": [-62.475006103515625, -26.475000381469727]}, "properties": {"precip_mm": 0.2}}, {"type": "Feature", "geometry": {"type": "Point", "coordinates": [-61.975006103515625, -26.475000381469727]}, "properties": {"precip_mm": 0.2}}, {"type": "Feature", "geometry": {"type": "Point", "coordinates": [-61.475006103515625, -26.475000381469727]}, "properties": {"precip_mm": 0.2}}, {"type": "Feature", "geometry": {"type": "Point", "coordinates": [-60.975006103515625, -26.475000381469727]}, "properties": {"precip_mm": 0.3}}, {"type": "Feature", "geometry": {"type": "Point", "coordinates": [-60.475006103515625, -26.475000381469727]}, "properties": {"precip_mm": 0.5}}, {"type": "Feature", "geometry": {"type": "Point", "coordinates": [-59.975006103515625, -26.475000381469727]}, "properties": {"precip_mm": 0.6}}, {"type": "Feature", "geometry": {"type": "Point", "coordinates": [-59.475006103515625, -26.475000381469727]}, "properties": {"precip_mm": 0.7}}, {"type": "Feature", "geometry": {"type": "Point", "coordinates": [-58.975006103515625, -26.475000381469727]}, "properties": {"precip_mm": 0.8}}, {"type": "Feature", "geometry": {"type": "Point", "coordinates": [-58.475006103515625, -26.475000381469727]}, "properties": {"precip_mm": 1.1}}, {"type": "Feature", "geometry": {"type": "Point", "coordinates": [-57.975006103515625, -26.475000381469727]}, "properties": {"precip_mm": 1.3}}, {"type": "Feature", "geometry": {"type": "Point", "coordinates": [-57.475006103515625, -26.475000381469727]}, "properties": {"precip_mm": 1.2}}, {"type": "Feature", "geometry": {"type": "Point", "coordinates": [-56.975006103515625, -26.475000381469727]}, "properties": {"precip_mm": 1.0}}, {"type": "Feature", "geometry": {"type": "Point", "coordinates": [-56.475006103515625, -26.475000381469727]}, "properties": {"precip_mm": 1.4}}, {"type": "Feature", "geometry": {"type": "Point", "coordinates": [-55.975006103515625, -26.475000381469727]}, "properties": {"precip_mm": 2.0}}, {"type": "Feature", "geometry": {"type": "Point", "coordinates": [-55.475006103515625, -26.475000381469727]}, "properties": {"precip_mm": 2.6}}, {"type": "Feature", "geometry": {"type": "Point", "coordinates": [-54.975006103515625, -26.475000381469727]}, "properties": {"precip_mm": 3.6}}, {"type": "Feature", "geometry": {"type": "Point", "coordinates": [-54.475006103515625, -26.475000381469727]}, "properties": {"precip_mm": 4.5}}, {"type": "Feature", "geometry": {"type": "Point", "coordinates": [-53.975006103515625, -26.475000381469727]}, "properties": {"precip_mm": 5.7}}, {"type": "Feature", "geometry": {"type": "Point", "coordinates": [-53.475006103515625, -26.475000381469727]}, "properties": {"precip_mm": 8.1}}, {"type": "Feature", "geometry": {"type": "Point", "coordinates": [-52.975006103515625, -26.475000381469727]}, "properties": {"precip_mm": 11.0}}, {"type": "Feature", "geometry": {"type": "Point", "coordinates": [-52.475006103515625, -26.475000381469727]}, "properties": {"precip_mm": 8.4}}, {"type": "Feature", "geometry": {"type": "Point", "coordinates": [-51.975006103515625, -26.475000381469727]}, "properties": {"precip_mm": 6.1}}, {"type": "Feature", "geometry": {"type": "Point", "coordinates": [-51.475006103515625, -26.475000381469727]}, "properties": {"precip_mm": 6.3}}, {"type": "Feature", "geometry": {"type": "Point", "coordinates": [-50.975006103515625, -26.475000381469727]}, "properties": {"precip_mm": 6.2}}, {"type": "Feature", "geometry": {"type": "Point", "coordinates": [-50.475006103515625, -26.475000381469727]}, "properties": {"precip_mm": 4.6}}, {"type": "Feature", "geometry": {"type": "Point", "coordinates": [-49.975006103515625, -26.475000381469727]}, "properties": {"precip_mm": 5.1}}, {"type": "Feature", "geometry": {"type": "Point", "coordinates": [-49.475006103515625, -26.475000381469727]}, "properties": {"precip_mm": 3.7}}, {"type": "Feature", "geometry": {"type": "Point", "coordinates": [-48.975006103515625, -26.475000381469727]}, "properties": {"precip_mm": 3.6}}, {"type": "Feature", "geometry": {"type": "Point", "coordinates": [-70.47500610351562, -25.975000381469727]}, "properties": {"precip_mm": 0.2}}, {"type": "Feature", "geometry": {"type": "Point", "coordinates": [-69.97500610351562, -25.975000381469727]}, "properties": {"precip_mm": 0.3}}, {"type": "Feature", "geometry": {"type": "Point", "coordinates": [-69.47500610351562, -25.975000381469727]}, "properties": {"precip_mm": 0.2}}, {"type": "Feature", "geometry": {"type": "Point", "coordinates": [-68.97500610351562, -25.975000381469727]}, "properties": {"precip_mm": 0.1}}, {"type": "Feature", "geometry": {"type": "Point", "coordinates": [-68.47500610351562, -25.975000381469727]}, "properties": {"precip_mm": 0.1}}, {"type": "Feature", "geometry": {"type": "Point", "coordinates": [-67.97500610351562, -25.975000381469727]}, "properties": {"precip_mm": 0.1}}, {"type": "Feature", "geometry": {"type": "Point", "coordinates": [-67.47500610351562, -25.975000381469727]}, "properties": {"precip_mm": 0.2}}, {"type": "Feature", "geometry": {"type": "Point", "coordinates": [-66.97500610351562, -25.975000381469727]}, "properties": {"precip_mm": 0.4}}, {"type": "Feature", "geometry": {"type": "Point", "coordinates": [-66.47500610351562, -25.975000381469727]}, "properties": {"precip_mm": 0.4}}, {"type": "Feature", "geometry": {"type": "Point", "coordinates": [-65.97500610351562, -25.975000381469727]}, "properties": {"precip_mm": 0.4}}, {"type": "Feature", "geometry": {"type": "Point", "coordinates": [-65.47500610351562, -25.975000381469727]}, "properties": {"precip_mm": 0.2}}, {"type": "Feature", "geometry": {"type": "Point", "coordinates": [-64.97500610351562, -25.975000381469727]}, "properties": {"precip_mm": 0.2}}, {"type": "Feature", "geometry": {"type": "Point", "coordinates": [-64.47500610351562, -25.975000381469727]}, "properties": {"precip_mm": 0.2}}, {"type": "Feature", "geometry": {"type": "Point", "coordinates": [-63.975006103515625, -25.975000381469727]}, "properties": {"precip_mm": 0.2}}, {"type": "Feature", "geometry": {"type": "Point", "coordinates": [-63.475006103515625, -25.975000381469727]}, "properties": {"precip_mm": 0.2}}, {"type": "Feature", "geometry": {"type": "Point", "coordinates": [-62.975006103515625, -25.975000381469727]}, "properties": {"precip_mm": 0.2}}, {"type": "Feature", "geometry": {"type": "Point", "coordinates": [-62.475006103515625, -25.975000381469727]}, "properties": {"precip_mm": 0.2}}, {"type": "Feature", "geometry": {"type": "Point", "coordinates": [-61.975006103515625, -25.975000381469727]}, "properties": {"precip_mm": 0.2}}, {"type": "Feature", "geometry": {"type": "Point", "coordinates": [-61.475006103515625, -25.975000381469727]}, "properties": {"precip_mm": 0.2}}, {"type": "Feature", "geometry": {"type": "Point", "coordinates": [-60.975006103515625, -25.975000381469727]}, "properties": {"precip_mm": 0.3}}, {"type": "Feature", "geometry": {"type": "Point", "coordinates": [-60.475006103515625, -25.975000381469727]}, "properties": {"precip_mm": 0.5}}, {"type": "Feature", "geometry": {"type": "Point", "coordinates": [-59.975006103515625, -25.975000381469727]}, "properties": {"precip_mm": 0.7}}, {"type": "Feature", "geometry": {"type": "Point", "coordinates": [-59.475006103515625, -25.975000381469727]}, "properties": {"precip_mm": 0.8}}, {"type": "Feature", "geometry": {"type": "Point", "coordinates": [-58.975006103515625, -25.975000381469727]}, "properties": {"precip_mm": 0.6}}, {"type": "Feature", "geometry": {"type": "Point", "coordinates": [-58.475006103515625, -25.975000381469727]}, "properties": {"precip_mm": 1.1}}, {"type": "Feature", "geometry": {"type": "Point", "coordinates": [-57.975006103515625, -25.975000381469727]}, "properties": {"precip_mm": 1.0}}, {"type": "Feature", "geometry": {"type": "Point", "coordinates": [-57.475006103515625, -25.975000381469727]}, "properties": {"precip_mm": 1.2}}, {"type": "Feature", "geometry": {"type": "Point", "coordinates": [-56.975006103515625, -25.975000381469727]}, "properties": {"precip_mm": 1.2}}, {"type": "Feature", "geometry": {"type": "Point", "coordinates": [-56.475006103515625, -25.975000381469727]}, "properties": {"precip_mm": 1.7}}, {"type": "Feature", "geometry": {"type": "Point", "coordinates": [-55.975006103515625, -25.975000381469727]}, "properties": {"precip_mm": 2.2}}, {"type": "Feature", "geometry": {"type": "Point", "coordinates": [-55.475006103515625, -25.975000381469727]}, "properties": {"precip_mm": 2.7}}, {"type": "Feature", "geometry": {"type": "Point", "coordinates": [-54.975006103515625, -25.975000381469727]}, "properties": {"precip_mm": 4.1}}, {"type": "Feature", "geometry": {"type": "Point", "coordinates": [-54.475006103515625, -25.975000381469727]}, "properties": {"precip_mm": 4.7}}, {"type": "Feature", "geometry": {"type": "Point", "coordinates": [-53.975006103515625, -25.975000381469727]}, "properties": {"precip_mm": 5.0}}, {"type": "Feature", "geometry": {"type": "Point", "coordinates": [-53.475006103515625, -25.975000381469727]}, "properties": {"precip_mm": 7.6}}, {"type": "Feature", "geometry": {"type": "Point", "coordinates": [-52.975006103515625, -25.975000381469727]}, "properties": {"precip_mm": 9.6}}, {"type": "Feature", "geometry": {"type": "Point", "coordinates": [-52.475006103515625, -25.975000381469727]}, "properties": {"precip_mm": 7.0}}, {"type": "Feature", "geometry": {"type": "Point", "coordinates": [-51.975006103515625, -25.975000381469727]}, "properties": {"precip_mm": 7.3}}, {"type": "Feature", "geometry": {"type": "Point", "coordinates": [-51.475006103515625, -25.975000381469727]}, "properties": {"precip_mm": 6.4}}, {"type": "Feature", "geometry": {"type": "Point", "coordinates": [-50.975006103515625, -25.975000381469727]}, "properties": {"precip_mm": 4.9}}, {"type": "Feature", "geometry": {"type": "Point", "coordinates": [-50.475006103515625, -25.975000381469727]}, "properties": {"precip_mm": 4.1}}, {"type": "Feature", "geometry": {"type": "Point", "coordinates": [-49.975006103515625, -25.975000381469727]}, "properties": {"precip_mm": 3.6}}, {"type": "Feature", "geometry": {"type": "Point", "coordinates": [-49.475006103515625, -25.975000381469727]}, "properties": {"precip_mm": 3.0}}, {"type": "Feature", "geometry": {"type": "Point", "coordinates": [-48.975006103515625, -25.975000381469727]}, "properties": {"precip_mm": 2.5}}, {"type": "Feature", "geometry": {"type": "Point", "coordinates": [-70.47500610351562, -25.475000381469727]}, "properties": {"precip_mm": 0.2}}, {"type": "Feature", "geometry": {"type": "Point", "coordinates": [-69.97500610351562, -25.475000381469727]}, "properties": {"precip_mm": 0.4}}, {"type": "Feature", "geometry": {"type": "Point", "coordinates": [-69.47500610351562, -25.475000381469727]}, "properties": {"precip_mm": 0.1}}, {"type": "Feature", "geometry": {"type": "Point", "coordinates": [-68.97500610351562, -25.475000381469727]}, "properties": {"precip_mm": 0.0}}, {"type": "Feature", "geometry": {"type": "Point", "coordinates": [-68.47500610351562, -25.475000381469727]}, "properties": {"precip_mm": 0.1}}, {"type": "Feature", "geometry": {"type": "Point", "coordinates": [-67.97500610351562, -25.475000381469727]}, "properties": {"precip_mm": 0.2}}, {"type": "Feature", "geometry": {"type": "Point", "coordinates": [-67.47500610351562, -25.475000381469727]}, "properties": {"precip_mm": 0.2}}, {"type": "Feature", "geometry": {"type": "Point", "coordinates": [-66.97500610351562, -25.475000381469727]}, "properties": {"precip_mm": 0.3}}, {"type": "Feature", "geometry": {"type": "Point", "coordinates": [-66.47500610351562, -25.475000381469727]}, "properties": {"precip_mm": 0.4}}, {"type": "Feature", "geometry": {"type": "Point", "coordinates": [-65.97500610351562, -25.475000381469727]}, "properties": {"precip_mm": 0.4}}, {"type": "Feature", "geometry": {"type": "Point", "coordinates": [-65.47500610351562, -25.475000381469727]}, "properties": {"precip_mm": 0.2}}, {"type": "Feature", "geometry": {"type": "Point", "coordinates": [-64.97500610351562, -25.475000381469727]}, "properties": {"precip_mm": 0.3}}, {"type": "Feature", "geometry": {"type": "Point", "coordinates": [-64.47500610351562, -25.475000381469727]}, "properties": {"precip_mm": 0.2}}, {"type": "Feature", "geometry": {"type": "Point", "coordinates": [-63.975006103515625, -25.475000381469727]}, "properties": {"precip_mm": 0.2}}, {"type": "Feature", "geometry": {"type": "Point", "coordinates": [-63.475006103515625, -25.475000381469727]}, "properties": {"precip_mm": 0.2}}, {"type": "Feature", "geometry": {"type": "Point", "coordinates": [-62.975006103515625, -25.475000381469727]}, "properties": {"precip_mm": 0.2}}, {"type": "Feature", "geometry": {"type": "Point", "coordinates": [-62.475006103515625, -25.475000381469727]}, "properties": {"precip_mm": 0.2}}, {"type": "Feature", "geometry": {"type": "Point", "coordinates": [-61.475006103515625, -25.475000381469727]}, "properties": {"precip_mm": 0.2}}, {"type": "Feature", "geometry": {"type": "Point", "coordinates": [-60.975006103515625, -25.475000381469727]}, "properties": {"precip_mm": 0.3}}, {"type": "Feature", "geometry": {"type": "Point", "coordinates": [-60.475006103515625, -25.475000381469727]}, "properties": {"precip_mm": 0.5}}, {"type": "Feature", "geometry": {"type": "Point", "coordinates": [-59.975006103515625, -25.475000381469727]}, "properties": {"precip_mm": 0.7}}, {"type": "Feature", "geometry": {"type": "Point", "coordinates": [-59.475006103515625, -25.475000381469727]}, "properties": {"precip_mm": 0.8}}, {"type": "Feature", "geometry": {"type": "Point", "coordinates": [-58.975006103515625, -25.475000381469727]}, "properties": {"precip_mm": 0.9}}, {"type": "Feature", "geometry": {"type": "Point", "coordinates": [-58.475006103515625, -25.475000381469727]}, "properties": {"precip_mm": 0.8}}, {"type": "Feature", "geometry": {"type": "Point", "coordinates": [-57.975006103515625, -25.475000381469727]}, "properties": {"precip_mm": 0.7}}, {"type": "Feature", "geometry": {"type": "Point", "coordinates": [-57.475006103515625, -25.475000381469727]}, "properties": {"precip_mm": 1.0}}, {"type": "Feature", "geometry": {"type": "Point", "coordinates": [-56.975006103515625, -25.475000381469727]}, "properties": {"precip_mm": 1.2}}, {"type": "Feature", "geometry": {"type": "Point", "coordinates": [-56.475006103515625, -25.475000381469727]}, "properties": {"precip_mm": 1.8}}, {"type": "Feature", "geometry": {"type": "Point", "coordinates": [-55.975006103515625, -25.475000381469727]}, "properties": {"precip_mm": 2.4}}, {"type": "Feature", "geometry": {"type": "Point", "coordinates": [-55.475006103515625, -25.475000381469727]}, "properties": {"precip_mm": 3.4}}, {"type": "Feature", "geometry": {"type": "Point", "coordinates": [-54.975006103515625, -25.475000381469727]}, "properties": {"precip_mm": 3.8}}, {"type": "Feature", "geometry": {"type": "Point", "coordinates": [-54.475006103515625, -25.475000381469727]}, "properties": {"precip_mm": 4.5}}, {"type": "Feature", "geometry": {"type": "Point", "coordinates": [-53.975006103515625, -25.475000381469727]}, "properties": {"precip_mm": 6.0}}, {"type": "Feature", "geometry": {"type": "Point", "coordinates": [-53.475006103515625, -25.475000381469727]}, "properties": {"precip_mm": 5.3}}, {"type": "Feature", "geometry": {"type": "Point", "coordinates": [-52.975006103515625, -25.475000381469727]}, "properties": {"precip_mm": 4.7}}, {"type": "Feature", "geometry": {"type": "Point", "coordinates": [-52.475006103515625, -25.475000381469727]}, "properties": {"precip_mm": 6.2}}, {"type": "Feature", "geometry": {"type": "Point", "coordinates": [-51.975006103515625, -25.475000381469727]}, "properties": {"precip_mm": 5.8}}, {"type": "Feature", "geometry": {"type": "Point", "coordinates": [-51.475006103515625, -25.475000381469727]}, "properties": {"precip_mm": 5.0}}, {"type": "Feature", "geometry": {"type": "Point", "coordinates": [-50.975006103515625, -25.475000381469727]}, "properties": {"precip_mm": 4.5}}, {"type": "Feature", "geometry": {"type": "Point", "coordinates": [-50.475006103515625, -25.475000381469727]}, "properties": {"precip_mm": 3.6}}, {"type": "Feature", "geometry": {"type": "Point", "coordinates": [-49.975006103515625, -25.475000381469727]}, "properties": {"precip_mm": 3.9}}, {"type": "Feature", "geometry": {"type": "Point", "coordinates": [-49.475006103515625, -25.475000381469727]}, "properties": {"precip_mm": 3.9}}, {"type": "Feature", "geometry": {"type": "Point", "coordinates": [-48.975006103515625, -25.475000381469727]}, "properties": {"precip_mm": 3.5}}, {"type": "Feature", "geometry": {"type": "Point", "coordinates": [-48.475006103515625, -25.475000381469727]}, "properties": {"precip_mm": 2.6}}, {"type": "Feature", "geometry": {"type": "Point", "coordinates": [-70.47500610351562, -24.975000381469727]}, "properties": {"precip_mm": 0.2}}, {"type": "Feature", "geometry": {"type": "Point", "coordinates": [-69.97500610351562, -24.975000381469727]}, "properties": {"precip_mm": 0.2}}, {"type": "Feature", "geometry": {"type": "Point", "coordinates": [-69.47500610351562, -24.975000381469727]}, "properties": {"precip_mm": 0.1}}, {"type": "Feature", "geometry": {"type": "Point", "coordinates": [-68.97500610351562, -24.975000381469727]}, "properties": {"precip_mm": 0.1}}, {"type": "Feature", "geometry": {"type": "Point", "coordinates": [-68.47500610351562, -24.975000381469727]}, "properties": {"precip_mm": 0.1}}, {"type": "Feature", "geometry": {"type": "Point", "coordinates": [-67.97500610351562, -24.975000381469727]}, "properties": {"precip_mm": 0.2}}, {"type": "Feature", "geometry": {"type": "Point", "coordinates": [-67.47500610351562, -24.975000381469727]}, "properties": {"precip_mm": 0.2}}, {"type": "Feature", "geometry": {"type": "Point", "coordinates": [-66.97500610351562, -24.975000381469727]}, "properties": {"precip_mm": 0.3}}, {"type": "Feature", "geometry": {"type": "Point", "coordinates": [-66.47500610351562, -24.975000381469727]}, "properties": {"precip_mm": 0.4}}, {"type": "Feature", "geometry": {"type": "Point", "coordinates": [-65.97500610351562, -24.975000381469727]}, "properties": {"precip_mm": 0.4}}, {"type": "Feature", "geometry": {"type": "Point", "coordinates": [-65.47500610351562, -24.975000381469727]}, "properties": {"precip_mm": 0.2}}, {"type": "Feature", "geometry": {"type": "Point", "coordinates": [-64.97500610351562, -24.975000381469727]}, "properties": {"precip_mm": 0.2}}, {"type": "Feature", "geometry": {"type": "Point", "coordinates": [-64.47500610351562, -24.975000381469727]}, "properties": {"precip_mm": 0.2}}, {"type": "Feature", "geometry": {"type": "Point", "coordinates": [-63.975006103515625, -24.975000381469727]}, "properties": {"precip_mm": 0.2}}, {"type": "Feature", "geometry": {"type": "Point", "coordinates": [-63.475006103515625, -24.975000381469727]}, "properties": {"precip_mm": 0.2}}, {"type": "Feature", "geometry": {"type": "Point", "coordinates": [-62.975006103515625, -24.975000381469727]}, "properties": {"precip_mm": 0.2}}, {"type": "Feature", "geometry": {"type": "Point", "coordinates": [-62.475006103515625, -24.975000381469727]}, "properties": {"precip_mm": 0.2}}, {"type": "Feature", "geometry": {"type": "Point", "coordinates": [-61.975006103515625, -24.975000381469727]}, "properties": {"precip_mm": 0.2}}, {"type": "Feature", "geometry": {"type": "Point", "coordinates": [-61.475006103515625, -24.975000381469727]}, "properties": {"precip_mm": 0.3}}, {"type": "Feature", "geometry": {"type": "Point", "coordinates": [-60.975006103515625, -24.975000381469727]}, "properties": {"precip_mm": 0.4}}, {"type": "Feature", "geometry": {"type": "Point", "coordinates": [-60.475006103515625, -24.975000381469727]}, "properties": {"precip_mm": 0.5}}, {"type": "Feature", "geometry": {"type": "Point", "coordinates": [-59.975006103515625, -24.975000381469727]}, "properties": {"precip_mm": 0.7}}, {"type": "Feature", "geometry": {"type": "Point", "coordinates": [-59.475006103515625, -24.975000381469727]}, "properties": {"precip_mm": 0.6}}, {"type": "Feature", "geometry": {"type": "Point", "coordinates": [-58.975006103515625, -24.975000381469727]}, "properties": {"precip_mm": 0.6}}, {"type": "Feature", "geometry": {"type": "Point", "coordinates": [-58.475006103515625, -24.975000381469727]}, "properties": {"precip_mm": 0.8}}, {"type": "Feature", "geometry": {"type": "Point", "coordinates": [-57.975006103515625, -24.975000381469727]}, "properties": {"precip_mm": 0.7}}, {"type": "Feature", "geometry": {"type": "Point", "coordinates": [-57.475006103515625, -24.975000381469727]}, "properties": {"precip_mm": 0.9}}, {"type": "Feature", "geometry": {"type": "Point", "coordinates": [-56.975006103515625, -24.975000381469727]}, "properties": {"precip_mm": 1.1}}, {"type": "Feature", "geometry": {"type": "Point", "coordinates": [-56.475006103515625, -24.975000381469727]}, "properties": {"precip_mm": 1.6}}, {"type": "Feature", "geometry": {"type": "Point", "coordinates": [-55.975006103515625, -24.975000381469727]}, "properties": {"precip_mm": 2.2}}, {"type": "Feature", "geometry": {"type": "Point", "coordinates": [-55.475006103515625, -24.975000381469727]}, "properties": {"precip_mm": 3.4}}, {"type": "Feature", "geometry": {"type": "Point", "coordinates": [-54.975006103515625, -24.975000381469727]}, "properties": {"precip_mm": 4.9}}, {"type": "Feature", "geometry": {"type": "Point", "coordinates": [-54.475006103515625, -24.975000381469727]}, "properties": {"precip_mm": 4.9}}, {"type": "Feature", "geometry": {"type": "Point", "coordinates": [-53.975006103515625, -24.975000381469727]}, "properties": {"precip_mm": 5.7}}, {"type": "Feature", "geometry": {"type": "Point", "coordinates": [-53.475006103515625, -24.975000381469727]}, "properties": {"precip_mm": 5.2}}, {"type": "Feature", "geometry": {"type": "Point", "coordinates": [-52.975006103515625, -24.975000381469727]}, "properties": {"precip_mm": 5.0}}, {"type": "Feature", "geometry": {"type": "Point", "coordinates": [-52.475006103515625, -24.975000381469727]}, "properties": {"precip_mm": 5.3}}, {"type": "Feature", "geometry": {"type": "Point", "coordinates": [-51.975006103515625, -24.975000381469727]}, "properties": {"precip_mm": 5.1}}, {"type": "Feature", "geometry": {"type": "Point", "coordinates": [-51.475006103515625, -24.975000381469727]}, "properties": {"precip_mm": 4.7}}, {"type": "Feature", "geometry": {"type": "Point", "coordinates": [-50.975006103515625, -24.975000381469727]}, "properties": {"precip_mm": 4.4}}, {"type": "Feature", "geometry": {"type": "Point", "coordinates": [-50.475006103515625, -24.975000381469727]}, "properties": {"precip_mm": 3.3}}, {"type": "Feature", "geometry": {"type": "Point", "coordinates": [-49.975006103515625, -24.975000381469727]}, "properties": {"precip_mm": 3.6}}, {"type": "Feature", "geometry": {"type": "Point", "coordinates": [-49.475006103515625, -24.975000381469727]}, "properties": {"precip_mm": 3.1}}, {"type": "Feature", "geometry": {"type": "Point", "coordinates": [-48.975006103515625, -24.975000381469727]}, "properties": {"precip_mm": 2.4}}, {"type": "Feature", "geometry": {"type": "Point", "coordinates": [-48.475006103515625, -24.975000381469727]}, "properties": {"precip_mm": 1.9}}, {"type": "Feature", "geometry": {"type": "Point", "coordinates": [-47.975006103515625, -24.975000381469727]}, "properties": {"precip_mm": 1.6}}, {"type": "Feature", "geometry": {"type": "Point", "coordinates": [-69.97500610351562, -24.475000381469727]}, "properties": {"precip_mm": 0.3}}, {"type": "Feature", "geometry": {"type": "Point", "coordinates": [-68.47500610351562, -24.475000381469727]}, "properties": {"precip_mm": 0.1}}, {"type": "Feature", "geometry": {"type": "Point", "coordinates": [-67.47500610351562, -24.475000381469727]}, "properties": {"precip_mm": 0.2}}, {"type": "Feature", "geometry": {"type": "Point", "coordinates": [-66.97500610351562, -24.475000381469727]}, "properties": {"precip_mm": 0.2}}, {"type": "Feature", "geometry": {"type": "Point", "coordinates": [-66.47500610351562, -24.475000381469727]}, "properties": {"precip_mm": 0.3}}, {"type": "Feature", "geometry": {"type": "Point", "coordinates": [-65.97500610351562, -24.475000381469727]}, "properties": {"precip_mm": 0.4}}, {"type": "Feature", "geometry": {"type": "Point", "coordinates": [-65.47500610351562, -24.475000381469727]}, "properties": {"precip_mm": 0.4}}, {"type": "Feature", "geometry": {"type": "Point", "coordinates": [-64.97500610351562, -24.475000381469727]}, "properties": {"precip_mm": 0.2}}, {"type": "Feature", "geometry": {"type": "Point", "coordinates": [-64.47500610351562, -24.475000381469727]}, "properties": {"precip_mm": 0.2}}, {"type": "Feature", "geometry": {"type": "Point", "coordinates": [-63.975006103515625, -24.475000381469727]}, "properties": {"precip_mm": 0.1}}, {"type": "Feature", "geometry": {"type": "Point", "coordinates": [-63.475006103515625, -24.475000381469727]}, "properties": {"precip_mm": 0.2}}, {"type": "Feature", "geometry": {"type": "Point", "coordinates": [-62.975006103515625, -24.475000381469727]}, "properties": {"precip_mm": 0.2}}, {"type": "Feature", "geometry": {"type": "Point", "coordinates": [-62.475006103515625, -24.475000381469727]}, "properties": {"precip_mm": 0.2}}, {"type": "Feature", "geometry": {"type": "Point", "coordinates": [-61.975006103515625, -24.475000381469727]}, "properties": {"precip_mm": 0.3}}, {"type": "Feature", "geometry": {"type": "Point", "coordinates": [-61.475006103515625, -24.475000381469727]}, "properties": {"precip_mm": 0.4}}, {"type": "Feature", "geometry": {"type": "Point", "coordinates": [-60.975006103515625, -24.475000381469727]}, "properties": {"precip_mm": 0.4}}, {"type": "Feature", "geometry": {"type": "Point", "coordinates": [-60.475006103515625, -24.475000381469727]}, "properties": {"precip_mm": 0.3}}, {"type": "Feature", "geometry": {"type": "Point", "coordinates": [-59.975006103515625, -24.475000381469727]}, "properties": {"precip_mm": 0.5}}, {"type": "Feature", "geometry": {"type": "Point", "coordinates": [-59.475006103515625, -24.475000381469727]}, "properties": {"precip_mm": 0.6}}, {"type": "Feature", "geometry": {"type": "Point", "coordinates": [-58.975006103515625, -24.475000381469727]}, "properties": {"precip_mm": 0.7}}, {"type": "Feature", "geometry": {"type": "Point", "coordinates": [-58.475006103515625, -24.475000381469727]}, "properties": {"precip_mm": 0.8}}, {"type": "Feature", "geometry": {"type": "Point", "coordinates": [-57.975006103515625, -24.475000381469727]}, "properties": {"precip_mm": 0.8}}, {"type": "Feature", "geometry": {"type": "Point", "coordinates": [-57.475006103515625, -24.475000381469727]}, "properties": {"precip_mm": 0.9}}, {"type": "Feature", "geometry": {"type": "Point", "coordinates": [-56.975006103515625, -24.475000381469727]}, "properties": {"precip_mm": 1.3}}, {"type": "Feature", "geometry": {"type": "Point", "coordinates": [-56.475006103515625, -24.475000381469727]}, "properties": {"precip_mm": 1.3}}, {"type": "Feature", "geometry": {"type": "Point", "coordinates": [-55.975006103515625, -24.475000381469727]}, "properties": {"precip_mm": 2.0}}, {"type": "Feature", "geometry": {"type": "Point", "coordinates": [-55.475006103515625, -24.475000381469727]}, "properties": {"precip_mm": 3.3}}, {"type": "Feature", "geometry": {"type": "Point", "coordinates": [-54.975006103515625, -24.475000381469727]}, "properties": {"precip_mm": 4.7}}, {"type": "Feature", "geometry": {"type": "Point", "coordinates": [-54.475006103515625, -24.475000381469727]}, "properties": {"precip_mm": 5.4}}, {"type": "Feature", "geometry": {"type": "Point", "coordinates": [-53.975006103515625, -24.475000381469727]}, "properties": {"precip_mm": 5.1}}, {"type": "Feature", "geometry": {"type": "Point", "coordinates": [-53.475006103515625, -24.475000381469727]}, "properties": {"precip_mm": 4.5}}, {"type": "Feature", "geometry": {"type": "Point", "coordinates": [-52.975006103515625, -24.475000381469727]}, "properties": {"precip_mm": 4.6}}, {"type": "Feature", "geometry": {"type": "Point", "coordinates": [-52.475006103515625, -24.475000381469727]}, "properties": {"precip_mm": 4.4}}, {"type": "Feature", "geometry": {"type": "Point", "coordinates": [-51.975006103515625, -24.475000381469727]}, "properties": {"precip_mm": 4.5}}, {"type": "Feature", "geometry": {"type": "Point", "coordinates": [-51.475006103515625, -24.475000381469727]}, "properties": {"precip_mm": 5.1}}, {"type": "Feature", "geometry": {"type": "Point", "coordinates": [-50.975006103515625, -24.475000381469727]}, "properties": {"precip_mm": 4.7}}, {"type": "Feature", "geometry": {"type": "Point", "coordinates": [-50.475006103515625, -24.475000381469727]}, "properties": {"precip_mm": 2.8}}, {"type": "Feature", "geometry": {"type": "Point", "coordinates": [-49.975006103515625, -24.475000381469727]}, "properties": {"precip_mm": 2.8}}, {"type": "Feature", "geometry": {"type": "Point", "coordinates": [-49.475006103515625, -24.475000381469727]}, "properties": {"precip_mm": 2.6}}, {"type": "Feature", "geometry": {"type": "Point", "coordinates": [-48.975006103515625, -24.475000381469727]}, "properties": {"precip_mm": 2.3}}, {"type": "Feature", "geometry": {"type": "Point", "coordinates": [-48.475006103515625, -24.475000381469727]}, "properties": {"precip_mm": 2.0}}, {"type": "Feature", "geometry": {"type": "Point", "coordinates": [-47.975006103515625, -24.475000381469727]}, "properties": {"precip_mm": 1.4}}, {"type": "Feature", "geometry": {"type": "Point", "coordinates": [-47.475006103515625, -24.475000381469727]}, "properties": {"precip_mm": 1.8}}, {"type": "Feature", "geometry": {"type": "Point", "coordinates": [-69.97500610351562, -23.975000381469727]}, "properties": {"precip_mm": 0.5}}, {"type": "Feature", "geometry": {"type": "Point", "coordinates": [-68.97500610351562, -23.975000381469727]}, "properties": {"precip_mm": 0.0}}, {"type": "Feature", "geometry": {"type": "Point", "coordinates": [-68.47500610351562, -23.975000381469727]}, "properties": {"precip_mm": 0.0}}, {"type": "Feature", "geometry": {"type": "Point", "coordinates": [-67.97500610351562, -23.975000381469727]}, "properties": {"precip_mm": 0.1}}, {"type": "Feature", "geometry": {"type": "Point", "coordinates": [-67.47500610351562, -23.975000381469727]}, "properties": {"precip_mm": 0.1}}, {"type": "Feature", "geometry": {"type": "Point", "coordinates": [-66.97500610351562, -23.975000381469727]}, "properties": {"precip_mm": 0.2}}, {"type": "Feature", "geometry": {"type": "Point", "coordinates": [-66.47500610351562, -23.975000381469727]}, "properties": {"precip_mm": 0.2}}, {"type": "Feature", "geometry": {"type": "Point", "coordinates": [-65.97500610351562, -23.975000381469727]}, "properties": {"precip_mm": 0.3}}, {"type": "Feature", "geometry": {"type": "Point", "coordinates": [-65.47500610351562, -23.975000381469727]}, "properties": {"precip_mm": 0.4}}, {"type": "Feature", "geometry": {"type": "Point", "coordinates": [-64.97500610351562, -23.975000381469727]}, "properties": {"precip_mm": 0.3}}, {"type": "Feature", "geometry": {"type": "Point", "coordinates": [-64.47500610351562, -23.975000381469727]}, "properties": {"precip_mm": 0.2}}, {"type": "Feature", "geometry": {"type": "Point", "coordinates": [-63.975006103515625, -23.975000381469727]}, "properties": {"precip_mm": 0.2}}, {"type": "Feature", "geometry": {"type": "Point", "coordinates": [-63.475006103515625, -23.975000381469727]}, "properties": {"precip_mm": 0.2}}, {"type": "Feature", "geometry": {"type": "Point", "coordinates": [-62.975006103515625, -23.975000381469727]}, "properties": {"precip_mm": 0.2}}, {"type": "Feature", "geometry": {"type": "Point", "coordinates": [-62.475006103515625, -23.975000381469727]}, "properties": {"precip_mm": 0.2}}, {"type": "Feature", "geometry": {"type": "Point", "coordinates": [-61.975006103515625, -23.975000381469727]}, "properties": {"precip_mm": 0.2}}, {"type": "Feature", "geometry": {"type": "Point", "coordinates": [-61.475006103515625, -23.975000381469727]}, "properties": {"precip_mm": 0.3}}, {"type": "Feature", "geometry": {"type": "Point", "coordinates": [-60.975006103515625, -23.975000381469727]}, "properties": {"precip_mm": 0.4}}, {"type": "Feature", "geometry": {"type": "Point", "coordinates": [-60.475006103515625, -23.975000381469727]}, "properties": {"precip_mm": 0.4}}, {"type": "Feature", "geometry": {"type": "Point", "coordinates": [-59.975006103515625, -23.975000381469727]}, "properties": {"precip_mm": 0.4}}, {"type": "Feature", "geometry": {"type": "Point", "coordinates": [-59.475006103515625, -23.975000381469727]}, "properties": {"precip_mm": 0.6}}, {"type": "Feature", "geometry": {"type": "Point", "coordinates": [-58.975006103515625, -23.975000381469727]}, "properties": {"precip_mm": 0.7}}, {"type": "Feature", "geometry": {"type": "Point", "coordinates": [-58.475006103515625, -23.975000381469727]}, "properties": {"precip_mm": 0.8}}, {"type": "Feature", "geometry": {"type": "Point", "coordinates": [-57.975006103515625, -23.975000381469727]}, "properties": {"precip_mm": 0.7}}, {"type": "Feature", "geometry": {"type": "Point", "coordinates": [-57.475006103515625, -23.975000381469727]}, "properties": {"precip_mm": 0.8}}, {"type": "Feature", "geometry": {"type": "Point", "coordinates": [-56.975006103515625, -23.975000381469727]}, "properties": {"precip_mm": 0.9}}, {"type": "Feature", "geometry": {"type": "Point", "coordinates": [-56.475006103515625, -23.975000381469727]}, "properties": {"precip_mm": 1.0}}, {"type": "Feature", "geometry": {"type": "Point", "coordinates": [-55.975006103515625, -23.975000381469727]}, "properties": {"precip_mm": 1.3}}, {"type": "Feature", "geometry": {"type": "Point", "coordinates": [-55.475006103515625, -23.975000381469727]}, "properties": {"precip_mm": 1.8}}, {"type": "Feature", "geometry": {"type": "Point", "coordinates": [-54.975006103515625, -23.975000381469727]}, "properties": {"precip_mm": 2.5}}, {"type": "Feature", "geometry": {"type": "Point", "coordinates": [-54.475006103515625, -23.975000381469727]}, "properties": {"precip_mm": 3.2}}, {"type": "Feature", "geometry": {"type": "Point", "coordinates": [-53.975006103515625, -23.975000381469727]}, "properties": {"precip_mm": 4.0}}, {"type": "Feature", "geometry": {"type": "Point", "coordinates": [-53.475006103515625, -23.975000381469727]}, "properties": {"precip_mm": 3.9}}, {"type": "Feature", "geometry": {"type": "Point", "coordinates": [-52.975006103515625, -23.975000381469727]}, "properties": {"precip_mm": 3.4}}, {"type": "Feature", "geometry": {"type": "Point", "coordinates": [-52.475006103515625, -23.975000381469727]}, "properties": {"precip_mm": 3.8}}, {"type": "Feature", "geometry": {"type": "Point", "coordinates": [-51.975006103515625, -23.975000381469727]}, "properties": {"precip_mm": 3.7}}, {"type": "Feature", "geometry": {"type": "Point", "coordinates": [-51.475006103515625, -23.975000381469727]}, "properties": {"precip_mm": 4.2}}, {"type": "Feature", "geometry": {"type": "Point", "coordinates": [-50.975006103515625, -23.975000381469727]}, "properties": {"precip_mm": 4.3}}, {"type": "Feature", "geometry": {"type": "Point", "coordinates": [-50.475006103515625, -23.975000381469727]}, "properties": {"precip_mm": 3.5}}, {"type": "Feature", "geometry": {"type": "Point", "coordinates": [-49.975006103515625, -23.975000381469727]}, "properties": {"precip_mm": 2.8}}, {"type": "Feature", "geometry": {"type": "Point", "coordinates": [-49.475006103515625, -23.975000381469727]}, "properties": {"precip_mm": 2.7}}, {"type": "Feature", "geometry": {"type": "Point", "coordinates": [-48.975006103515625, -23.975000381469727]}, "properties": {"precip_mm": 2.3}}, {"type": "Feature", "geometry": {"type": "Point", "coordinates": [-48.475006103515625, -23.975000381469727]}, "properties": {"precip_mm": 2.3}}, {"type": "Feature", "geometry": {"type": "Point", "coordinates": [-47.975006103515625, -23.975000381469727]}, "properties": {"precip_mm": 1.4}}, {"type": "Feature", "geometry": {"type": "Point", "coordinates": [-47.475006103515625, -23.975000381469727]}, "properties": {"precip_mm": 1.5}}, {"type": "Feature", "geometry": {"type": "Point", "coordinates": [-46.975006103515625, -23.975000381469727]}, "properties": {"precip_mm": 0.8}}, {"type": "Feature", "geometry": {"type": "Point", "coordinates": [-46.475006103515625, -23.975000381469727]}, "properties": {"precip_mm": 1.4}}, {"type": "Feature", "geometry": {"type": "Point", "coordinates": [-69.97500610351562, -23.475000381469727]}, "properties": {"precip_mm": 0.5}}, {"type": "Feature", "geometry": {"type": "Point", "coordinates": [-67.97500610351562, -23.475000381469727]}, "properties": {"precip_mm": 0.1}}, {"type": "Feature", "geometry": {"type": "Point", "coordinates": [-64.47500610351562, -23.475000381469727]}, "properties": {"precip_mm": 0.2}}, {"type": "Feature", "geometry": {"type": "Point", "coordinates": [-63.975006103515625, -23.475000381469727]}, "properties": {"precip_mm": 0.2}}, {"type": "Feature", "geometry": {"type": "Point", "coordinates": [-63.475006103515625, -23.475000381469727]}, "properties": {"precip_mm": 0.2}}, {"type": "Feature", "geometry": {"type": "Point", "coordinates": [-62.975006103515625, -23.475000381469727]}, "properties": {"precip_mm": 0.2}}, {"type": "Feature", "geometry": {"type": "Point", "coordinates": [-61.475006103515625, -23.475000381469727]}, "properties": {"precip_mm": 0.2}}, {"type": "Feature", "geometry": {"type": "Point", "coordinates": [-60.975006103515625, -23.475000381469727]}, "properties": {"precip_mm": 0.2}}, {"type": "Feature", "geometry": {"type": "Point", "coordinates": [-60.475006103515625, -23.475000381469727]}, "properties": {"precip_mm": 0.2}}, {"type": "Feature", "geometry": {"type": "Point", "coordinates": [-59.975006103515625, -23.475000381469727]}, "properties": {"precip_mm": 0.5}}, {"type": "Feature", "geometry": {"type": "Point", "coordinates": [-59.475006103515625, -23.475000381469727]}, "properties": {"precip_mm": 0.7}}, {"type": "Feature", "geometry": {"type": "Point", "coordinates": [-58.975006103515625, -23.475000381469727]}, "properties": {"precip_mm": 0.4}}, {"type": "Feature", "geometry": {"type": "Point", "coordinates": [-58.475006103515625, -23.475000381469727]}, "properties": {"precip_mm": 0.5}}, {"type": "Feature", "geometry": {"type": "Point", "coordinates": [-57.975006103515625, -23.475000381469727]}, "properties": {"precip_mm": 0.5}}, {"type": "Feature", "geometry": {"type": "Point", "coordinates": [-57.475006103515625, -23.475000381469727]}, "properties": {"precip_mm": 0.7}}, {"type": "Feature", "geometry": {"type": "Point", "coordinates": [-56.975006103515625, -23.475000381469727]}, "properties": {"precip_mm": 0.6}}, {"type": "Feature", "geometry": {"type": "Point", "coordinates": [-56.475006103515625, -23.475000381469727]}, "properties": {"precip_mm": 0.9}}, {"type": "Feature", "geometry": {"type": "Point", "coordinates": [-55.975006103515625, -23.475000381469727]}, "properties": {"precip_mm": 0.9}}, {"type": "Feature", "geometry": {"type": "Point", "coordinates": [-55.475006103515625, -23.475000381469727]}, "properties": {"precip_mm": 1.4}}, {"type": "Feature", "geometry": {"type": "Point", "coordinates": [-54.975006103515625, -23.475000381469727]}, "properties": {"precip_mm": 1.7}}, {"type": "Feature", "geometry": {"type": "Point", "coordinates": [-54.475006103515625, -23.475000381469727]}, "properties": {"precip_mm": 2.2}}, {"type": "Feature", "geometry": {"type": "Point", "coordinates": [-53.975006103515625, -23.475000381469727]}, "properties": {"precip_mm": 3.3}}, {"type": "Feature", "geometry": {"type": "Point", "coordinates": [-53.475006103515625, -23.475000381469727]}, "properties": {"precip_mm": 3.9}}, {"type": "Feature", "geometry": {"type": "Point", "coordinates": [-52.975006103515625, -23.475000381469727]}, "properties": {"precip_mm": 3.8}}, {"type": "Feature", "geometry": {"type": "Point", "coordinates": [-52.475006103515625, -23.475000381469727]}, "properties": {"precip_mm": 4.1}}, {"type": "Feature", "geometry": {"type": "Point", "coordinates": [-51.975006103515625, -23.475000381469727]}, "properties": {"precip_mm": 3.4}}, {"type": "Feature", "geometry": {"type": "Point", "coordinates": [-51.475006103515625, -23.475000381469727]}, "properties": {"precip_mm": 4.1}}, {"type": "Feature", "geometry": {"type": "Point", "coordinates": [-50.975006103515625, -23.475000381469727]}, "properties": {"precip_mm": 4.1}}, {"type": "Feature", "geometry": {"type": "Point", "coordinates": [-50.475006103515625, -23.475000381469727]}, "properties": {"precip_mm": 5.4}}, {"type": "Feature", "geometry": {"type": "Point", "coordinates": [-49.975006103515625, -23.475000381469727]}, "properties": {"precip_mm": 4.2}}, {"type": "Feature", "geometry": {"type": "Point", "coordinates": [-49.475006103515625, -23.475000381469727]}, "properties": {"precip_mm": 2.3}}, {"type": "Feature", "geometry": {"type": "Point", "coordinates": [-48.975006103515625, -23.475000381469727]}, "properties": {"precip_mm": 2.0}}, {"type": "Feature", "geometry": {"type": "Point", "coordinates": [-48.475006103515625, -23.475000381469727]}, "properties": {"precip_mm": 1.6}}, {"type": "Feature", "geometry": {"type": "Point", "coordinates": [-47.975006103515625, -23.475000381469727]}, "properties": {"precip_mm": 1.3}}, {"type": "Feature", "geometry": {"type": "Point", "coordinates": [-47.475006103515625, -23.475000381469727]}, "properties": {"precip_mm": 1.0}}, {"type": "Feature", "geometry": {"type": "Point", "coordinates": [-46.975006103515625, -23.475000381469727]}, "properties": {"precip_mm": 0.6}}, {"type": "Feature", "geometry": {"type": "Point", "coordinates": [-46.475006103515625, -23.475000381469727]}, "properties": {"precip_mm": 0.4}}, {"type": "Feature", "geometry": {"type": "Point", "coordinates": [-45.975006103515625, -23.475000381469727]}, "properties": {"precip_mm": 0.5}}, {"type": "Feature", "geometry": {"type": "Point", "coordinates": [-45.475006103515625, -23.475000381469727]}, "properties": {"precip_mm": 0.7}}, {"type": "Feature", "geometry": {"type": "Point", "coordinates": [-67.97500610351562, -22.975000381469727]}, "properties": {"precip_mm": 0.1}}, {"type": "Feature", "geometry": {"type": "Point", "coordinates": [-64.47500610351562, -22.975000381469727]}, "properties": {"precip_mm": 0.2}}, {"type": "Feature", "geometry": {"type": "Point", "coordinates": [-63.975006103515625, -22.975000381469727]}, "properties": {"precip_mm": 0.2}}, {"type": "Feature", "geometry": {"type": "Point", "coordinates": [-63.475006103515625, -22.975000381469727]}, "properties": {"precip_mm": 0.3}}, {"type": "Feature", "geometry": {"type": "Point", "coordinates": [-62.975006103515625, -22.975000381469727]}, "properties": {"precip_mm": 0.2}}, {"type": "Feature", "geometry": {"type": "Point", "coordinates": [-60.975006103515625, -22.975000381469727]}, "properties": {"precip_mm": 0.2}}, {"type": "Feature", "geometry": {"type": "Point", "coordinates": [-60.475006103515625, -22.975000381469727]}, "properties": {"precip_mm": 0.3}}, {"type": "Feature", "geometry": {"type": "Point", "coordinates": [-59.975006103515625, -22.975000381469727]}, "properties": {"precip_mm": 0.4}}, {"type": "Feature", "geometry": {"type": "Point", "coordinates": [-59.475006103515625, -22.975000381469727]}, "properties": {"precip_mm": 0.4}}, {"type": "Feature", "geometry": {"type": "Point", "coordinates": [-58.975006103515625, -22.975000381469727]}, "properties": {"precip_mm": 0.4}}, {"type": "Feature", "geometry": {"type": "Point", "coordinates": [-58.475006103515625, -22.975000381469727]}, "properties": {"precip_mm": 0.5}}, {"type": "Feature", "geometry": {"type": "Point", "coordinates": [-57.975006103515625, -22.975000381469727]}, "properties": {"precip_mm": 0.5}}, {"type": "Feature", "geometry": {"type": "Point", "coordinates": [-57.475006103515625, -22.975000381469727]}, "properties": {"precip_mm": 0.5}}, {"type": "Feature", "geometry": {"type": "Point", "coordinates": [-56.975006103515625, -22.975000381469727]}, "properties": {"precip_mm": 0.7}}, {"type": "Feature", "geometry": {"type": "Point", "coordinates": [-56.475006103515625, -22.975000381469727]}, "properties": {"precip_mm": 0.8}}, {"type": "Feature", "geometry": {"type": "Point", "coordinates": [-55.975006103515625, -22.975000381469727]}, "properties": {"precip_mm": 0.8}}, {"type": "Feature", "geometry": {"type": "Point", "coordinates": [-55.475006103515625, -22.975000381469727]}, "properties": {"precip_mm": 0.9}}, {"type": "Feature", "geometry": {"type": "Point", "coordinates": [-54.975006103515625, -22.975000381469727]}, "properties": {"precip_mm": 1.3}}, {"type": "Feature", "geometry": {"type": "Point", "coordinates": [-54.475006103515625, -22.975000381469727]}, "properties": {"precip_mm": 1.7}}, {"type": "Feature", "geometry": {"type": "Point", "coordinates": [-53.975006103515625, -22.975000381469727]}, "properties": {"precip_mm": 2.6}}, {"type": "Feature", "geometry": {"type": "Point", "coordinates": [-53.475006103515625, -22.975000381469727]}, "properties": {"precip_mm": 3.4}}, {"type": "Feature", "geometry": {"type": "Point", "coordinates": [-52.975006103515625, -22.975000381469727]}, "properties": {"precip_mm": 2.9}}, {"type": "Feature", "geometry": {"type": "Point", "coordinates": [-52.475006103515625, -22.975000381469727]}, "properties": {"precip_mm": 4.0}}, {"type": "Feature", "geometry": {"type": "Point", "coordinates": [-51.975006103515625, -22.975000381469727]}, "properties": {"precip_mm": 4.6}}, {"type": "Feature", "geometry": {"type": "Point", "coordinates": [-51.475006103515625, -22.975000381469727]}, "properties": {"precip_mm": 3.7}}, {"type": "Feature", "geometry": {"type": "Point", "coordinates": [-50.975006103515625, -22.975000381469727]}, "properties": {"precip_mm": 4.2}}, {"type": "Feature", "geometry": {"type": "Point", "coordinates": [-50.475006103515625, -22.975000381469727]}, "properties": {"precip_mm": 4.7}}, {"type": "Feature", "geometry": {"type": "Point", "coordinates": [-49.975006103515625, -22.975000381469727]}, "properties": {"precip_mm": 3.6}}, {"type": "Feature", "geometry": {"type": "Point", "coordinates": [-49.475006103515625, -22.975000381469727]}, "properties": {"precip_mm": 1.9}}, {"type": "Feature", "geometry": {"type": "Point", "coordinates": [-48.975006103515625, -22.975000381469727]}, "properties": {"precip_mm": 1.5}}, {"type": "Feature", "geometry": {"type": "Point", "coordinates": [-48.475006103515625, -22.975000381469727]}, "properties": {"precip_mm": 1.4}}, {"type": "Feature", "geometry": {"type": "Point", "coordinates": [-47.975006103515625, -22.975000381469727]}, "properties": {"precip_mm": 1.0}}, {"type": "Feature", "geometry": {"type": "Point", "coordinates": [-47.475006103515625, -22.975000381469727]}, "properties": {"precip_mm": 1.0}}, {"type": "Feature", "geometry": {"type": "Point", "coordinates": [-46.975006103515625, -22.975000381469727]}, "properties": {"precip_mm": 0.8}}, {"type": "Feature", "geometry": {"type": "Point", "coordinates": [-46.475006103515625, -22.975000381469727]}, "properties": {"precip_mm": 0.7}}, {"type": "Feature", "geometry": {"type": "Point", "coordinates": [-45.975006103515625, -22.975000381469727]}, "properties": {"precip_mm": 0.6}}, {"type": "Feature", "geometry": {"type": "Point", "coordinates": [-45.475006103515625, -22.975000381469727]}, "properties": {"precip_mm": 0.9}}, {"type": "Feature", "geometry": {"type": "Point", "coordinates": [-44.975006103515625, -22.975000381469727]}, "properties": {"precip_mm": 0.4}}, {"type": "Feature", "geometry": {"type": "Point", "coordinates": [-44.475006103515625, -22.975000381469727]}, "properties": {"precip_mm": 1.3}}, {"type": "Feature", "geometry": {"type": "Point", "coordinates": [-43.975006103515625, -22.975000381469727]}, "properties": {"precip_mm": 1.1}}, {"type": "Feature", "geometry": {"type": "Point", "coordinates": [-43.475006103515625, -22.975000381469727]}, "properties": {"precip_mm": 0.6}}, {"type": "Feature", "geometry": {"type": "Point", "coordinates": [-42.975006103515625, -22.975000381469727]}, "properties": {"precip_mm": 0.2}}, {"type": "Feature", "geometry": {"type": "Point", "coordinates": [-41.975006103515625, -22.975000381469727]}, "properties": {"precip_mm": 1.1}}, {"type": "Feature", "geometry": {"type": "Point", "coordinates": [-63.975006103515625, -22.475000381469727]}, "properties": {"precip_mm": 0.2}}, {"type": "Feature", "geometry": {"type": "Point", "coordinates": [-63.475006103515625, -22.475000381469727]}, "properties": {"precip_mm": 0.2}}, {"type": "Feature", "geometry": {"type": "Point", "coordinates": [-62.975006103515625, -22.475000381469727]}, "properties": {"precip_mm": 0.2}}, {"type": "Feature", "geometry": {"type": "Point", "coordinates": [-60.975006103515625, -22.475000381469727]}, "properties": {"precip_mm": 0.2}}, {"type": "Feature", "geometry": {"type": "Point", "coordinates": [-60.475006103515625, -22.475000381469727]}, "properties": {"precip_mm": 0.2}}, {"type": "Feature", "geometry": {"type": "Point", "coordinates": [-59.975006103515625, -22.475000381469727]}, "properties": {"precip_mm": 0.3}}, {"type": "Feature", "geometry": {"type": "Point", "coordinates": [-59.475006103515625, -22.475000381469727]}, "properties": {"precip_mm": 0.3}}, {"type": "Feature", "geometry": {"type": "Point", "coordinates": [-58.975006103515625, -22.475000381469727]}, "properties": {"precip_mm": 0.4}}, {"type": "Feature", "geometry": {"type": "Point", "coordinates": [-58.475006103515625, -22.475000381469727]}, "properties": {"precip_mm": 0.5}}, {"type": "Feature", "geometry": {"type": "Point", "coordinates": [-57.975006103515625, -22.475000381469727]}, "properties": {"precip_mm": 0.6}}, {"type": "Feature", "geometry": {"type": "Point", "coordinates": [-57.475006103515625, -22.475000381469727]}, "properties": {"precip_mm": 0.5}}, {"type": "Feature", "geometry": {"type": "Point", "coordinates": [-56.975006103515625, -22.475000381469727]}, "properties": {"precip_mm": 0.5}}, {"type": "Feature", "geometry": {"type": "Point", "coordinates": [-56.475006103515625, -22.475000381469727]}, "properties": {"precip_mm": 0.7}}, {"type": "Feature", "geometry": {"type": "Point", "coordinates": [-55.975006103515625, -22.475000381469727]}, "properties": {"precip_mm": 0.8}}, {"type": "Feature", "geometry": {"type": "Point", "coordinates": [-55.475006103515625, -22.475000381469727]}, "properties": {"precip_mm": 0.8}}, {"type": "Feature", "geometry": {"type": "Point", "coordinates": [-54.975006103515625, -22.475000381469727]}, "properties": {"precip_mm": 1.0}}, {"type": "Feature", "geometry": {"type": "Point", "coordinates": [-54.475006103515625, -22.475000381469727]}, "properties": {"precip_mm": 1.5}}, {"type": "Feature", "geometry": {"type": "Point", "coordinates": [-53.975006103515625, -22.475000381469727]}, "properties": {"precip_mm": 1.5}}, {"type": "Feature", "geometry": {"type": "Point", "coordinates": [-53.475006103515625, -22.475000381469727]}, "properties": {"precip_mm": 2.3}}, {"type": "Feature", "geometry": {"type": "Point", "coordinates": [-52.975006103515625, -22.475000381469727]}, "properties": {"precip_mm": 3.2}}, {"type": "Feature", "geometry": {"type": "Point", "coordinates": [-52.475006103515625, -22.475000381469727]}, "properties": {"precip_mm": 2.7}}, {"type": "Feature", "geometry": {"type": "Point", "coordinates": [-51.975006103515625, -22.475000381469727]}, "properties": {"precip_mm": 2.5}}, {"type": "Feature", "geometry": {"type": "Point", "coordinates": [-51.475006103515625, -22.475000381469727]}, "properties": {"precip_mm": 2.7}}, {"type": "Feature", "geometry": {"type": "Point", "coordinates": [-50.975006103515625, -22.475000381469727]}, "properties": {"precip_mm": 2.8}}, {"type": "Feature", "geometry": {"type": "Point", "coordinates": [-50.475006103515625, -22.475000381469727]}, "properties": {"precip_mm": 3.1}}, {"type": "Feature", "geometry": {"type": "Point", "coordinates": [-49.975006103515625, -22.475000381469727]}, "properties": {"precip_mm": 3.2}}, {"type": "Feature", "geometry": {"type": "Point", "coordinates": [-49.475006103515625, -22.475000381469727]}, "properties": {"precip_mm": 2.1}}, {"type": "Feature", "geometry": {"type": "Point", "coordinates": [-48.975006103515625, -22.475000381469727]}, "properties": {"precip_mm": 1.8}}, {"type": "Feature", "geometry": {"type": "Point", "coordinates": [-48.475006103515625, -22.475000381469727]}, "properties": {"precip_mm": 1.9}}, {"type": "Feature", "geometry": {"type": "Point", "coordinates": [-47.975006103515625, -22.475000381469727]}, "properties": {"precip_mm": 1.2}}, {"type": "Feature", "geometry": {"type": "Point", "coordinates": [-47.475006103515625, -22.475000381469727]}, "properties": {"precip_mm": 1.2}}, {"type": "Feature", "geometry": {"type": "Point", "coordinates": [-46.975006103515625, -22.475000381469727]}, "properties": {"precip_mm": 0.7}}, {"type": "Feature", "geometry": {"type": "Point", "coordinates": [-46.475006103515625, -22.475000381469727]}, "properties": {"precip_mm": 0.7}}, {"type": "Feature", "geometry": {"type": "Point", "coordinates": [-45.975006103515625, -22.475000381469727]}, "properties": {"precip_mm": 0.7}}, {"type": "Feature", "geometry": {"type": "Point", "coordinates": [-45.475006103515625, -22.475000381469727]}, "properties": {"precip_mm": 0.7}}, {"type": "Feature", "geometry": {"type": "Point", "coordinates": [-44.975006103515625, -22.475000381469727]}, "properties": {"precip_mm": 0.5}}, {"type": "Feature", "geometry": {"type": "Point", "coordinates": [-44.475006103515625, -22.475000381469727]}, "properties": {"precip_mm": 0.4}}, {"type": "Feature", "geometry": {"type": "Point", "coordinates": [-43.975006103515625, -22.475000381469727]}, "properties": {"precip_mm": 0.3}}, {"type": "Feature", "geometry": {"type": "Point", "coordinates": [-43.475006103515625, -22.475000381469727]}, "properties": {"precip_mm": 0.4}}, {"type": "Feature", "geometry": {"type": "Point", "coordinates": [-42.975006103515625, -22.475000381469727]}, "properties": {"precip_mm": 0.5}}, {"type": "Feature", "geometry": {"type": "Point", "coordinates": [-42.475006103515625, -22.475000381469727]}, "properties": {"precip_mm": 1.1}}, {"type": "Feature", "geometry": {"type": "Point", "coordinates": [-41.975006103515625, -22.475000381469727]}, "properties": {"precip_mm": 0.7}}, {"type": "Feature", "geometry": {"type": "Point", "coordinates": [-63.975006103515625, -21.975000381469727]}, "properties": {"precip_mm": 0.2}}, {"type": "Feature", "geometry": {"type": "Point", "coordinates": [-63.475006103515625, -21.975000381469727]}, "properties": {"precip_mm": 0.2}}, {"type": "Feature", "geometry": {"type": "Point", "coordinates": [-62.975006103515625, -21.975000381469727]}, "properties": {"precip_mm": 0.2}}, {"type": "Feature", "geometry": {"type": "Point", "coordinates": [-60.475006103515625, -21.975000381469727]}, "properties": {"precip_mm": 0.2}}, {"type": "Feature", "geometry": {"type": "Point", "coordinates": [-59.975006103515625, -21.975000381469727]}, "properties": {"precip_mm": 0.2}}, {"type": "Feature", "geometry": {"type": "Point", "coordinates": [-59.475006103515625, -21.975000381469727]}, "properties": {"precip_mm": 0.2}}, {"type": "Feature", "geometry": {"type": "Point", "coordinates": [-58.975006103515625, -21.975000381469727]}, "properties": {"precip_mm": 0.4}}, {"type": "Feature", "geometry": {"type": "Point", "coordinates": [-58.475006103515625, -21.975000381469727]}, "properties": {"precip_mm": 0.5}}, {"type": "Feature", "geometry": {"type": "Point", "coordinates": [-57.975006103515625, -21.975000381469727]}, "properties": {"precip_mm": 0.9}}, {"type": "Feature", "geometry": {"type": "Point", "coordinates": [-57.475006103515625, -21.975000381469727]}, "properties": {"precip_mm": 0.5}}, {"type": "Feature", "geometry": {"type": "Point", "coordinates": [-56.975006103515625, -21.975000381469727]}, "properties": {"precip_mm": 0.5}}, {"type": "Feature", "geometry": {"type": "Point", "coordinates": [-56.475006103515625, -21.975000381469727]}, "properties": {"precip_mm": 0.6}}, {"type": "Feature", "geometry": {"type": "Point", "coordinates": [-55.975006103515625, -21.975000381469727]}, "properties": {"precip_mm": 0.8}}, {"type": "Feature", "geometry": {"type": "Point", "coordinates": [-55.475006103515625, -21.975000381469727]}, "properties": {"precip_mm": 1.0}}, {"type": "Feature", "geometry": {"type": "Point", "coordinates": [-54.975006103515625, -21.975000381469727]}, "properties": {"precip_mm": 1.0}}, {"type": "Feature", "geometry": {"type": "Point", "coordinates": [-54.475006103515625, -21.975000381469727]}, "properties": {"precip_mm": 1.5}}, {"type": "Feature", "geometry": {"type": "Point", "coordinates": [-53.975006103515625, -21.975000381469727]}, "properties": {"precip_mm": 1.2}}, {"type": "Feature", "geometry": {"type": "Point", "coordinates": [-53.475006103515625, -21.975000381469727]}, "properties": {"precip_mm": 1.8}}, {"type": "Feature", "geometry": {"type": "Point", "coordinates": [-52.975006103515625, -21.975000381469727]}, "properties": {"precip_mm": 1.6}}, {"type": "Feature", "geometry": {"type": "Point", "coordinates": [-52.475006103515625, -21.975000381469727]}, "properties": {"precip_mm": 1.7}}, {"type": "Feature", "geometry": {"type": "Point", "coordinates": [-51.975006103515625, -21.975000381469727]}, "properties": {"precip_mm": 1.9}}, {"type": "Feature", "geometry": {"type": "Point", "coordinates": [-51.475006103515625, -21.975000381469727]}, "properties": {"precip_mm": 1.9}}, {"type": "Feature", "geometry": {"type": "Point", "coordinates": [-50.975006103515625, -21.975000381469727]}, "properties": {"precip_mm": 2.0}}, {"type": "Feature", "geometry": {"type": "Point", "coordinates": [-50.475006103515625, -21.975000381469727]}, "properties": {"precip_mm": 2.3}}, {"type": "Feature", "geometry": {"type": "Point", "coordinates": [-49.975006103515625, -21.975000381469727]}, "properties": {"precip_mm": 1.9}}, {"type": "Feature", "geometry": {"type": "Point", "coordinates": [-49.475006103515625, -21.975000381469727]}, "properties": {"precip_mm": 1.7}}, {"type": "Feature", "geometry": {"type": "Point", "coordinates": [-48.975006103515625, -21.975000381469727]}, "properties": {"precip_mm": 1.4}}, {"type": "Feature", "geometry": {"type": "Point", "coordinates": [-48.475006103515625, -21.975000381469727]}, "properties": {"precip_mm": 1.6}}, {"type": "Feature", "geometry": {"type": "Point", "coordinates": [-47.975006103515625, -21.975000381469727]}, "properties": {"precip_mm": 1.7}}, {"type": "Feature", "geometry": {"type": "Point", "coordinates": [-47.475006103515625, -21.975000381469727]}, "properties": {"precip_mm": 1.4}}, {"type": "Feature", "geometry": {"type": "Point", "coordinates": [-46.975006103515625, -21.975000381469727]}, "properties": {"precip_mm": 0.9}}, {"type": "Feature", "geometry": {"type": "Point", "coordinates": [-46.475006103515625, -21.975000381469727]}, "properties": {"precip_mm": 0.9}}, {"type": "Feature", "geometry": {"type": "Point", "coordinates": [-45.975006103515625, -21.975000381469727]}, "properties": {"precip_mm": 0.6}}, {"type": "Feature", "geometry": {"type": "Point", "coordinates": [-45.475006103515625, -21.975000381469727]}, "properties": {"precip_mm": 0.5}}, {"type": "Feature", "geometry": {"type": "Point", "coordinates": [-44.975006103515625, -21.975000381469727]}, "properties": {"precip_mm": 0.4}}, {"type": "Feature", "geometry": {"type": "Point", "coordinates": [-44.475006103515625, -21.975000381469727]}, "properties": {"precip_mm": 0.3}}, {"type": "Feature", "geometry": {"type": "Point", "coordinates": [-43.975006103515625, -21.975000381469727]}, "properties": {"precip_mm": 0.2}}, {"type": "Feature", "geometry": {"type": "Point", "coordinates": [-42.975006103515625, -21.975000381469727]}, "properties": {"precip_mm": 0.3}}, {"type": "Feature", "geometry": {"type": "Point", "coordinates": [-42.475006103515625, -21.975000381469727]}, "properties": {"precip_mm": 0.6}}, {"type": "Feature", "geometry": {"type": "Point", "coordinates": [-41.975006103515625, -21.975000381469727]}, "properties": {"precip_mm": 0.5}}, {"type": "Feature", "geometry": {"type": "Point", "coordinates": [-41.475006103515625, -21.975000381469727]}, "properties": {"precip_mm": 0.6}}, {"type": "Feature", "geometry": {"type": "Point", "coordinates": [-40.975006103515625, -21.975000381469727]}, "properties": {"precip_mm": 0.8}}, {"type": "Feature", "geometry": {"type": "Point", "coordinates": [-63.475006103515625, -21.475000381469727]}, "properties": {"precip_mm": 0.2}}, {"type": "Feature", "geometry": {"type": "Point", "coordinates": [-60.975006103515625, -21.475000381469727]}, "properties": {"precip_mm": 0.2}}, {"type": "Feature", "geometry": {"type": "Point", "coordinates": [-60.475006103515625, -21.475000381469727]}, "properties": {"precip_mm": 0.2}}, {"type": "Feature", "geometry": {"type": "Point", "coordinates": [-59.975006103515625, -21.475000381469727]}, "properties": {"precip_mm": 0.2}}, {"type": "Feature", "geometry": {"type": "Point", "coordinates": [-59.475006103515625, -21.475000381469727]}, "properties": {"precip_mm": 0.3}}, {"type": "Feature", "geometry": {"type": "Point", "coordinates": [-58.975006103515625, -21.475000381469727]}, "properties": {"precip_mm": 0.4}}, {"type": "Feature", "geometry": {"type": "Point", "coordinates": [-58.475006103515625, -21.475000381469727]}, "properties": {"precip_mm": 0.6}}, {"type": "Feature", "geometry": {"type": "Point", "coordinates": [-57.975006103515625, -21.475000381469727]}, "properties": {"precip_mm": 0.7}}, {"type": "Feature", "geometry": {"type": "Point", "coordinates": [-57.475006103515625, -21.475000381469727]}, "properties": {"precip_mm": 0.6}}, {"type": "Feature", "geometry": {"type": "Point", "coordinates": [-56.975006103515625, -21.475000381469727]}, "properties": {"precip_mm": 0.6}}, {"type": "Feature", "geometry": {"type": "Point", "coordinates": [-56.475006103515625, -21.475000381469727]}, "properties": {"precip_mm": 1.1}}, {"type": "Feature", "geometry": {"type": "Point", "coordinates": [-55.975006103515625, -21.475000381469727]}, "properties": {"precip_mm": 1.0}}, {"type": "Feature", "geometry": {"type": "Point", "coordinates": [-55.475006103515625, -21.475000381469727]}, "properties": {"precip_mm": 1.0}}, {"type": "Feature", "geometry": {"type": "Point", "coordinates": [-54.975006103515625, -21.475000381469727]}, "properties": {"precip_mm": 1.0}}, {"type": "Feature", "geometry": {"type": "Point", "coordinates": [-54.475006103515625, -21.475000381469727]}, "properties": {"precip_mm": 1.3}}, {"type": "Feature", "geometry": {"type": "Point", "coordinates": [-53.975006103515625, -21.475000381469727]}, "properties": {"precip_mm": 2.1}}, {"type": "Feature", "geometry": {"type": "Point", "coordinates": [-53.475006103515625, -21.475000381469727]}, "properties": {"precip_mm": 2.3}}, {"type": "Feature", "geometry": {"type": "Point", "coordinates": [-52.975006103515625, -21.475000381469727]}, "properties": {"precip_mm": 1.3}}, {"type": "Feature", "geometry": {"type": "Point", "coordinates": [-52.475006103515625, -21.475000381469727]}, "properties": {"precip_mm": 1.3}}, {"type": "Feature", "geometry": {"type": "Point", "coordinates": [-51.975006103515625, -21.475000381469727]}, "properties": {"precip_mm": 0.9}}, {"type": "Feature", "geometry": {"type": "Point", "coordinates": [-51.475006103515625, -21.475000381469727]}, "properties": {"precip_mm": 1.2}}, {"type": "Feature", "geometry": {"type": "Point", "coordinates": [-50.975006103515625, -21.475000381469727]}, "properties": {"precip_mm": 1.2}}, {"type": "Feature", "geometry": {"type": "Point", "coordinates": [-50.475006103515625, -21.475000381469727]}, "properties": {"precip_mm": 0.9}}, {"type": "Feature", "geometry": {"type": "Point", "coordinates": [-49.975006103515625, -21.475000381469727]}, "properties": {"precip_mm": 1.2}}, {"type": "Feature", "geometry": {"type": "Point", "coordinates": [-49.475006103515625, -21.475000381469727]}, "properties": {"precip_mm": 0.9}}, {"type": "Feature", "geometry": {"type": "Point", "coordinates": [-48.975006103515625, -21.475000381469727]}, "properties": {"precip_mm": 1.2}}, {"type": "Feature", "geometry": {"type": "Point", "coordinates": [-48.475006103515625, -21.475000381469727]}, "properties": {"precip_mm": 1.3}}, {"type": "Feature", "geometry": {"type": "Point", "coordinates": [-47.975006103515625, -21.475000381469727]}, "properties": {"precip_mm": 1.3}}, {"type": "Feature", "geometry": {"type": "Point", "coordinates": [-47.475006103515625, -21.475000381469727]}, "properties": {"precip_mm": 1.3}}, {"type": "Feature", "geometry": {"type": "Point", "coordinates": [-46.975006103515625, -21.475000381469727]}, "properties": {"precip_mm": 1.1}}, {"type": "Feature", "geometry": {"type": "Point", "coordinates": [-46.475006103515625, -21.475000381469727]}, "properties": {"precip_mm": 1.0}}, {"type": "Feature", "geometry": {"type": "Point", "coordinates": [-45.975006103515625, -21.475000381469727]}, "properties": {"precip_mm": 0.9}}, {"type": "Feature", "geometry": {"type": "Point", "coordinates": [-45.475006103515625, -21.475000381469727]}, "properties": {"precip_mm": 0.6}}, {"type": "Feature", "geometry": {"type": "Point", "coordinates": [-44.975006103515625, -21.475000381469727]}, "properties": {"precip_mm": 0.5}}, {"type": "Feature", "geometry": {"type": "Point", "coordinates": [-44.475006103515625, -21.475000381469727]}, "properties": {"precip_mm": 0.2}}, {"type": "Feature", "geometry": {"type": "Point", "coordinates": [-43.475006103515625, -21.475000381469727]}, "properties": {"precip_mm": 0.2}}, {"type": "Feature", "geometry": {"type": "Point", "coordinates": [-42.975006103515625, -21.475000381469727]}, "properties": {"precip_mm": 0.2}}, {"type": "Feature", "geometry": {"type": "Point", "coordinates": [-42.475006103515625, -21.475000381469727]}, "properties": {"precip_mm": 0.3}}, {"type": "Feature", "geometry": {"type": "Point", "coordinates": [-41.975006103515625, -21.475000381469727]}, "properties": {"precip_mm": 0.3}}, {"type": "Feature", "geometry": {"type": "Point", "coordinates": [-41.475006103515625, -21.475000381469727]}, "properties": {"precip_mm": 0.3}}, {"type": "Feature", "geometry": {"type": "Point", "coordinates": [-63.975006103515625, -20.975000381469727]}, "properties": {"precip_mm": 0.2}}, {"type": "Feature", "geometry": {"type": "Point", "coordinates": [-60.975006103515625, -20.975000381469727]}, "properties": {"precip_mm": 0.2}}, {"type": "Feature", "geometry": {"type": "Point", "coordinates": [-60.475006103515625, -20.975000381469727]}, "properties": {"precip_mm": 0.2}}, {"type": "Feature", "geometry": {"type": "Point", "coordinates": [-59.975006103515625, -20.975000381469727]}, "properties": {"precip_mm": 0.2}}, {"type": "Feature", "geometry": {"type": "Point", "coordinates": [-59.475006103515625, -20.975000381469727]}, "properties": {"precip_mm": 0.3}}, {"type": "Feature", "geometry": {"type": "Point", "coordinates": [-58.975006103515625, -20.975000381469727]}, "properties": {"precip_mm": 0.6}}, {"type": "Feature", "geometry": {"type": "Point", "coordinates": [-58.475006103515625, -20.975000381469727]}, "properties": {"precip_mm": 0.8}}, {"type": "Feature", "geometry": {"type": "Point", "coordinates": [-57.975006103515625, -20.975000381469727]}, "properties": {"precip_mm": 0.9}}, {"type": "Feature", "geometry": {"type": "Point", "coordinates": [-57.475006103515625, -20.975000381469727]}, "properties": {"precip_mm": 0.9}}, {"type": "Feature", "geometry": {"type": "Point", "coordinates": [-56.975006103515625, -20.975000381469727]}, "properties": {"precip_mm": 1.0}}, {"type": "Feature", "geometry": {"type": "Point", "coordinates": [-56.475006103515625, -20.975000381469727]}, "properties": {"precip_mm": 1.2}}, {"type": "Feature", "geometry": {"type": "Point", "coordinates": [-55.975006103515625, -20.975000381469727]}, "properties": {"precip_mm": 1.4}}, {"type": "Feature", "geometry": {"type": "Point", "coordinates": [-55.475006103515625, -20.975000381469727]}, "properties": {"precip_mm": 1.1}}, {"type": "Feature", "geometry": {"type": "Point", "coordinates": [-54.975006103515625, -20.975000381469727]}, "properties": {"precip_mm": 1.4}}, {"type": "Feature", "geometry": {"type": "Point", "coordinates": [-54.475006103515625, -20.975000381469727]}, "properties": {"precip_mm": 2.5}}, {"type": "Feature", "geometry": {"type": "Point", "coordinates": [-53.975006103515625, -20.975000381469727]}, "properties": {"precip_mm": 2.2}}, {"type": "Feature", "geometry": {"type": "Point", "coordinates": [-53.475006103515625, -20.975000381469727]}, "properties": {"precip_mm": 1.7}}, {"type": "Feature", "geometry": {"type": "Point", "coordinates": [-52.975006103515625, -20.975000381469727]}, "properties": {"precip_mm": 1.4}}, {"type": "Feature", "geometry": {"type": "Point", "coordinates": [-52.475006103515625, -20.975000381469727]}, "properties": {"precip_mm": 1.5}}, {"type": "Feature", "geometry": {"type": "Point", "coordinates": [-51.975006103515625, -20.975000381469727]}, "properties": {"precip_mm": 1.0}}, {"type": "Feature", "geometry": {"type": "Point", "coordinates": [-51.475006103515625, -20.975000381469727]}, "properties": {"precip_mm": 0.8}}, {"type": "Feature", "geometry": {"type": "Point", "coordinates": [-50.975006103515625, -20.975000381469727]}, "properties": {"precip_mm": 0.7}}, {"type": "Feature", "geometry": {"type": "Point", "coordinates": [-50.475006103515625, -20.975000381469727]}, "properties": {"precip_mm": 0.7}}, {"type": "Feature", "geometry": {"type": "Point", "coordinates": [-49.975006103515625, -20.975000381469727]}, "properties": {"precip_mm": 0.6}}, {"type": "Feature", "geometry": {"type": "Point", "coordinates": [-49.475006103515625, -20.975000381469727]}, "properties": {"precip_mm": 0.5}}, {"type": "Feature", "geometry": {"type": "Point", "coordinates": [-48.975006103515625, -20.975000381469727]}, "properties": {"precip_mm": 0.8}}, {"type": "Feature", "geometry": {"type": "Point", "coordinates": [-48.475006103515625, -20.975000381469727]}, "properties": {"precip_mm": 0.8}}, {"type": "Feature", "geometry": {"type": "Point", "coordinates": [-47.975006103515625, -20.975000381469727]}, "properties": {"precip_mm": 1.1}}, {"type": "Feature", "geometry": {"type": "Point", "coordinates": [-47.475006103515625, -20.975000381469727]}, "properties": {"precip_mm": 0.9}}, {"type": "Feature", "geometry": {"type": "Point", "coordinates": [-46.975006103515625, -20.975000381469727]}, "properties": {"precip_mm": 0.6}}, {"type": "Feature", "geometry": {"type": "Point", "coordinates": [-46.475006103515625, -20.975000381469727]}, "properties": {"precip_mm": 0.7}}, {"type": "Feature", "geometry": {"type": "Point", "coordinates": [-45.975006103515625, -20.975000381469727]}, "properties": {"precip_mm": 0.7}}, {"type": "Feature", "geometry": {"type": "Point", "coordinates": [-45.475006103515625, -20.975000381469727]}, "properties": {"precip_mm": 0.4}}, {"type": "Feature", "geometry": {"type": "Point", "coordinates": [-44.975006103515625, -20.975000381469727]}, "properties": {"precip_mm": 0.3}}, {"type": "Feature", "geometry": {"type": "Point", "coordinates": [-44.475006103515625, -20.975000381469727]}, "properties": {"precip_mm": 0.3}}, {"type": "Feature", "geometry": {"type": "Point", "coordinates": [-43.975006103515625, -20.975000381469727]}, "properties": {"precip_mm": 0.3}}, {"type": "Feature", "geometry": {"type": "Point", "coordinates": [-43.475006103515625, -20.975000381469727]}, "properties": {"precip_mm": 0.3}}, {"type": "Feature", "geometry": {"type": "Point", "coordinates": [-42.975006103515625, -20.975000381469727]}, "properties": {"precip_mm": 0.4}}, {"type": "Feature", "geometry": {"type": "Point", "coordinates": [-42.475006103515625, -20.975000381469727]}, "properties": {"precip_mm": 0.4}}, {"type": "Feature", "geometry": {"type": "Point", "coordinates": [-41.975006103515625, -20.975000381469727]}, "properties": {"precip_mm": 0.3}}, {"type": "Feature", "geometry": {"type": "Point", "coordinates": [-41.475006103515625, -20.975000381469727]}, "properties": {"precip_mm": 0.5}}, {"type": "Feature", "geometry": {"type": "Point", "coordinates": [-40.975006103515625, -20.975000381469727]}, "properties": {"precip_mm": 0.5}}, {"type": "Feature", "geometry": {"type": "Point", "coordinates": [-61.475006103515625, -20.475000381469727]}, "properties": {"precip_mm": 0.3}}, {"type": "Feature", "geometry": {"type": "Point", "coordinates": [-60.975006103515625, -20.475000381469727]}, "properties": {"precip_mm": 0.3}}, {"type": "Feature", "geometry": {"type": "Point", "coordinates": [-60.475006103515625, -20.475000381469727]}, "properties": {"precip_mm": 0.2}}, {"type": "Feature", "geometry": {"type": "Point", "coordinates": [-59.975006103515625, -20.475000381469727]}, "properties": {"precip_mm": 0.3}}, {"type": "Feature", "geometry": {"type": "Point", "coordinates": [-59.475006103515625, -20.475000381469727]}, "properties": {"precip_mm": 0.4}}, {"type": "Feature", "geometry": {"type": "Point", "coordinates": [-58.975006103515625, -20.475000381469727]}, "properties": {"precip_mm": 0.6}}, {"type": "Feature", "geometry": {"type": "Point", "coordinates": [-58.475006103515625, -20.475000381469727]}, "properties": {"precip_mm": 0.9}}, {"type": "Feature", "geometry": {"type": "Point", "coordinates": [-57.975006103515625, -20.475000381469727]}, "properties": {"precip_mm": 0.9}}, {"type": "Feature", "geometry": {"type": "Point", "coordinates": [-57.475006103515625, -20.475000381469727]}, "properties": {"precip_mm": 1.2}}, {"type": "Feature", "geometry": {"type": "Point", "coordinates": [-56.975006103515625, -20.475000381469727]}, "properties": {"precip_mm": 1.5}}, {"type": "Feature", "geometry": {"type": "Point", "coordinates": [-56.475006103515625, -20.475000381469727]}, "properties": {"precip_mm": 1.3}}, {"type": "Feature", "geometry": {"type": "Point", "coordinates": [-55.975006103515625, -20.475000381469727]}, "properties": {"precip_mm": 1.4}}, {"type": "Feature", "geometry": {"type": "Point", "coordinates": [-55.475006103515625, -20.475000381469727]}, "properties": {"precip_mm": 1.1}}, {"type": "Feature", "geometry": {"type": "Point", "coordinates": [-54.975006103515625, -20.475000381469727]}, "properties": {"precip_mm": 1.3}}, {"type": "Feature", "geometry": {"type": "Point", "coordinates": [-54.475006103515625, -20.475000381469727]}, "properties": {"precip_mm": 2.3}}, {"type": "Feature", "geometry": {"type": "Point", "coordinates": [-53.975006103515625, -20.475000381469727]}, "properties": {"precip_mm": 2.4}}, {"type": "Feature", "geometry": {"type": "Point", "coordinates": [-53.475006103515625, -20.475000381469727]}, "properties": {"precip_mm": 2.1}}, {"type": "Feature", "geometry": {"type": "Point", "coordinates": [-52.975006103515625, -20.475000381469727]}, "properties": {"precip_mm": 2.4}}, {"type": "Feature", "geometry": {"type": "Point", "coordinates": [-52.475006103515625, -20.475000381469727]}, "properties": {"precip_mm": 1.5}}, {"type": "Feature", "geometry": {"type": "Point", "coordinates": [-51.975006103515625, -20.475000381469727]}, "properties": {"precip_mm": 0.9}}, {"type": "Feature", "geometry": {"type": "Point", "coordinates": [-51.475006103515625, -20.475000381469727]}, "properties": {"precip_mm": 0.9}}, {"type": "Feature", "geometry": {"type": "Point", "coordinates": [-50.975006103515625, -20.475000381469727]}, "properties": {"precip_mm": 1.2}}, {"type": "Feature", "geometry": {"type": "Point", "coordinates": [-50.475006103515625, -20.475000381469727]}, "properties": {"precip_mm": 0.9}}, {"type": "Feature", "geometry": {"type": "Point", "coordinates": [-49.975006103515625, -20.475000381469727]}, "properties": {"precip_mm": 0.5}}, {"type": "Feature", "geometry": {"type": "Point", "coordinates": [-49.475006103515625, -20.475000381469727]}, "properties": {"precip_mm": 0.4}}, {"type": "Feature", "geometry": {"type": "Point", "coordinates": [-48.975006103515625, -20.475000381469727]}, "properties": {"precip_mm": 0.3}}, {"type": "Feature", "geometry": {"type": "Point", "coordinates": [-48.475006103515625, -20.475000381469727]}, "properties": {"precip_mm": 0.4}}, {"type": "Feature", "geometry": {"type": "Point", "coordinates": [-47.975006103515625, -20.475000381469727]}, "properties": {"precip_mm": 0.5}}, {"type": "Feature", "geometry": {"type": "Point", "coordinates": [-47.475006103515625, -20.475000381469727]}, "properties": {"precip_mm": 0.7}}, {"type": "Feature", "geometry": {"type": "Point", "coordinates": [-46.975006103515625, -20.475000381469727]}, "properties": {"precip_mm": 0.8}}, {"type": "Feature", "geometry": {"type": "Point", "coordinates": [-46.475006103515625, -20.475000381469727]}, "properties": {"precip_mm": 0.5}}, {"type": "Feature", "geometry": {"type": "Point", "coordinates": [-45.975006103515625, -20.475000381469727]}, "properties": {"precip_mm": 0.5}}, {"type": "Feature", "geometry": {"type": "Point", "coordinates": [-45.475006103515625, -20.475000381469727]}, "properties": {"precip_mm": 0.3}}, {"type": "Feature", "geometry": {"type": "Point", "coordinates": [-44.975006103515625, -20.475000381469727]}, "properties": {"precip_mm": 0.3}}, {"type": "Feature", "geometry": {"type": "Point", "coordinates": [-44.475006103515625, -20.475000381469727]}, "properties": {"precip_mm": 0.3}}, {"type": "Feature", "geometry": {"type": "Point", "coordinates": [-43.975006103515625, -20.475000381469727]}, "properties": {"precip_mm": 0.5}}, {"type": "Feature", "geometry": {"type": "Point", "coordinates": [-43.475006103515625, -20.475000381469727]}, "properties": {"precip_mm": 0.6}}, {"type": "Feature", "geometry": {"type": "Point", "coordinates": [-42.975006103515625, -20.475000381469727]}, "properties": {"precip_mm": 0.6}}, {"type": "Feature", "geometry": {"type": "Point", "coordinates": [-42.475006103515625, -20.475000381469727]}, "properties": {"precip_mm": 0.6}}, {"type": "Feature", "geometry": {"type": "Point", "coordinates": [-41.975006103515625, -20.475000381469727]}, "properties": {"precip_mm": 1.2}}, {"type": "Feature", "geometry": {"type": "Point", "coordinates": [-41.475006103515625, -20.475000381469727]}, "properties": {"precip_mm": 0.8}}, {"type": "Feature", "geometry": {"type": "Point", "coordinates": [-40.975006103515625, -20.475000381469727]}, "properties": {"precip_mm": 0.6}}, {"type": "Feature", "geometry": {"type": "Point", "coordinates": [-40.475006103515625, -20.475000381469727]}, "properties": {"precip_mm": 0.6}}, {"type": "Feature", "geometry": {"type": "Point", "coordinates": [-63.475006103515625, -19.975000381469727]}, "properties": {"precip_mm": 0.2}}, {"type": "Feature", "geometry": {"type": "Point", "coordinates": [-62.475006103515625, -19.975000381469727]}, "properties": {"precip_mm": 0.2}}, {"type": "Feature", "geometry": {"type": "Point", "coordinates": [-61.975006103515625, -19.975000381469727]}, "properties": {"precip_mm": 0.5}}, {"type": "Feature", "geometry": {"type": "Point", "coordinates": [-61.475006103515625, -19.975000381469727]}, "properties": {"precip_mm": 0.3}}, {"type": "Feature", "geometry": {"type": "Point", "coordinates": [-60.975006103515625, -19.975000381469727]}, "properties": {"precip_mm": 0.3}}, {"type": "Feature", "geometry": {"type": "Point", "coordinates": [-60.475006103515625, -19.975000381469727]}, "properties": {"precip_mm": 0.3}}, {"type": "Feature", "geometry": {"type": "Point", "coordinates": [-59.975006103515625, -19.975000381469727]}, "properties": {"precip_mm": 0.3}}, {"type": "Feature", "geometry": {"type": "Point", "coordinates": [-59.475006103515625, -19.975000381469727]}, "properties": {"precip_mm": 0.2}}, {"type": "Feature", "geometry": {"type": "Point", "coordinates": [-58.975006103515625, -19.975000381469727]}, "properties": {"precip_mm": 0.5}}, {"type": "Feature", "geometry": {"type": "Point", "coordinates": [-58.475006103515625, -19.975000381469727]}, "properties": {"precip_mm": 1.1}}, {"type": "Feature", "geometry": {"type": "Point", "coordinates": [-57.975006103515625, -19.975000381469727]}, "properties": {"precip_mm": 1.6}}, {"type": "Feature", "geometry": {"type": "Point", "coordinates": [-57.475006103515625, -19.975000381469727]}, "properties": {"precip_mm": 1.8}}, {"type": "Feature", "geometry": {"type": "Point", "coordinates": [-56.975006103515625, -19.975000381469727]}, "properties": {"precip_mm": 1.8}}, {"type": "Feature", "geometry": {"type": "Point", "coordinates": [-56.475006103515625, -19.975000381469727]}, "properties": {"precip_mm": 1.5}}, {"type": "Feature", "geometry": {"type": "Point", "coordinates": [-55.975006103515625, -19.975000381469727]}, "properties": {"precip_mm": 1.1}}, {"type": "Feature", "geometry": {"type": "Point", "coordinates": [-55.475006103515625, -19.975000381469727]}, "properties": {"precip_mm": 0.7}}, {"type": "Feature", "geometry": {"type": "Point", "coordinates": [-54.975006103515625, -19.975000381469727]}, "properties": {"precip_mm": 0.7}}, {"type": "Feature", "geometry": {"type": "Point", "coordinates": [-54.475006103515625, -19.975000381469727]}, "properties": {"precip_mm": 0.9}}, {"type": "Feature", "geometry": {"type": "Point", "coordinates": [-53.975006103515625, -19.975000381469727]}, "properties": {"precip_mm": 1.7}}, {"type": "Feature", "geometry": {"type": "Point", "coordinates": [-53.475006103515625, -19.975000381469727]}, "properties": {"precip_mm": 1.7}}, {"type": "Feature", "geometry": {"type": "Point", "coordinates": [-52.975006103515625, -19.975000381469727]}, "properties": {"precip_mm": 2.0}}, {"type": "Feature", "geometry": {"type": "Point", "coordinates": [-52.475006103515625, -19.975000381469727]}, "properties": {"precip_mm": 0.9}}, {"type": "Feature", "geometry": {"type": "Point", "coordinates": [-51.975006103515625, -19.975000381469727]}, "properties": {"precip_mm": 0.6}}, {"type": "Feature", "geometry": {"type": "Point", "coordinates": [-51.475006103515625, -19.975000381469727]}, "properties": {"precip_mm": 0.7}}, {"type": "Feature", "geometry": {"type": "Point", "coordinates": [-50.975006103515625, -19.975000381469727]}, "properties": {"precip_mm": 0.5}}, {"type": "Feature", "geometry": {"type": "Point", "coordinates": [-50.475006103515625, -19.975000381469727]}, "properties": {"precip_mm": 0.9}}, {"type": "Feature", "geometry": {"type": "Point", "coordinates": [-49.975006103515625, -19.975000381469727]}, "properties": {"precip_mm": 0.9}}, {"type": "Feature", "geometry": {"type": "Point", "coordinates": [-49.475006103515625, -19.975000381469727]}, "properties": {"precip_mm": 0.5}}, {"type": "Feature", "geometry": {"type": "Point", "coordinates": [-48.975006103515625, -19.975000381469727]}, "properties": {"precip_mm": 0.3}}, {"type": "Feature", "geometry": {"type": "Point", "coordinates": [-48.475006103515625, -19.975000381469727]}, "properties": {"precip_mm": 0.3}}, {"type": "Feature", "geometry": {"type": "Point", "coordinates": [-47.975006103515625, -19.975000381469727]}, "properties": {"precip_mm": 0.3}}, {"type": "Feature", "geometry": {"type": "Point", "coordinates": [-47.475006103515625, -19.975000381469727]}, "properties": {"precip_mm": 0.4}}, {"type": "Feature", "geometry": {"type": "Point", "coordinates": [-46.975006103515625, -19.975000381469727]}, "properties": {"precip_mm": 0.5}}, {"type": "Feature", "geometry": {"type": "Point", "coordinates": [-46.475006103515625, -19.975000381469727]}, "properties": {"precip_mm": 0.6}}, {"type": "Feature", "geometry": {"type": "Point", "coordinates": [-45.975006103515625, -19.975000381469727]}, "properties": {"precip_mm": 0.6}}, {"type": "Feature", "geometry": {"type": "Point", "coordinates": [-45.475006103515625, -19.975000381469727]}, "properties": {"precip_mm": 0.5}}, {"type": "Feature", "geometry": {"type": "Point", "coordinates": [-44.975006103515625, -19.975000381469727]}, "properties": {"precip_mm": 0.4}}, {"type": "Feature", "geometry": {"type": "Point", "coordinates": [-44.475006103515625, -19.975000381469727]}, "properties": {"precip_mm": 0.3}}, {"type": "Feature", "geometry": {"type": "Point", "coordinates": [-43.975006103515625, -19.975000381469727]}, "properties": {"precip_mm": 0.3}}, {"type": "Feature", "geometry": {"type": "Point", "coordinates": [-43.475006103515625, -19.975000381469727]}, "properties": {"precip_mm": 0.4}}, {"type": "Feature", "geometry": {"type": "Point", "coordinates": [-42.975006103515625, -19.975000381469727]}, "properties": {"precip_mm": 0.4}}, {"type": "Feature", "geometry": {"type": "Point", "coordinates": [-42.475006103515625, -19.975000381469727]}, "properties": {"precip_mm": 0.7}}, {"type": "Feature", "geometry": {"type": "Point", "coordinates": [-41.975006103515625, -19.975000381469727]}, "properties": {"precip_mm": 0.8}}, {"type": "Feature", "geometry": {"type": "Point", "coordinates": [-41.475006103515625, -19.975000381469727]}, "properties": {"precip_mm": 0.7}}, {"type": "Feature", "geometry": {"type": "Point", "coordinates": [-40.975006103515625, -19.975000381469727]}, "properties": {"precip_mm": 0.4}}, {"type": "Feature", "geometry": {"type": "Point", "coordinates": [-40.475006103515625, -19.975000381469727]}, "properties": {"precip_mm": 0.6}}, {"type": "Feature", "geometry": {"type": "Point", "coordinates": [-66.47500610351562, -19.475000381469727]}, "properties": {"precip_mm": 0.3}}, {"type": "Feature", "geometry": {"type": "Point", "coordinates": [-65.97500610351562, -19.475000381469727]}, "properties": {"precip_mm": 0.3}}, {"type": "Feature", "geometry": {"type": "Point", "coordinates": [-64.97500610351562, -19.475000381469727]}, "properties": {"precip_mm": 0.3}}, {"type": "Feature", "geometry": {"type": "Point", "coordinates": [-61.975006103515625, -19.475000381469727]}, "properties": {"precip_mm": 0.2}}, {"type": "Feature", "geometry": {"type": "Point", "coordinates": [-61.475006103515625, -19.475000381469727]}, "properties": {"precip_mm": 0.3}}, {"type": "Feature", "geometry": {"type": "Point", "coordinates": [-60.975006103515625, -19.475000381469727]}, "properties": {"precip_mm": 0.3}}, {"type": "Feature", "geometry": {"type": "Point", "coordinates": [-60.475006103515625, -19.475000381469727]}, "properties": {"precip_mm": 0.3}}, {"type": "Feature", "geometry": {"type": "Point", "coordinates": [-59.975006103515625, -19.475000381469727]}, "properties": {"precip_mm": 0.3}}, {"type": "Feature", "geometry": {"type": "Point", "coordinates": [-59.475006103515625, -19.475000381469727]}, "properties": {"precip_mm": 0.5}}, {"type": "Feature", "geometry": {"type": "Point", "coordinates": [-58.975006103515625, -19.475000381469727]}, "properties": {"precip_mm": 0.6}}, {"type": "Feature", "geometry": {"type": "Point", "coordinates": [-58.475006103515625, -19.475000381469727]}, "properties": {"precip_mm": 1.1}}, {"type": "Feature", "geometry": {"type": "Point", "coordinates": [-57.975006103515625, -19.475000381469727]}, "properties": {"precip_mm": 1.3}}, {"type": "Feature", "geometry": {"type": "Point", "coordinates": [-57.475006103515625, -19.475000381469727]}, "properties": {"precip_mm": 1.2}}, {"type": "Feature", "geometry": {"type": "Point", "coordinates": [-56.975006103515625, -19.475000381469727]}, "properties": {"precip_mm": 1.4}}, {"type": "Feature", "geometry": {"type": "Point", "coordinates": [-56.475006103515625, -19.475000381469727]}, "properties": {"precip_mm": 1.5}}, {"type": "Feature", "geometry": {"type": "Point", "coordinates": [-55.975006103515625, -19.475000381469727]}, "properties": {"precip_mm": 1.0}}, {"type": "Feature", "geometry": {"type": "Point", "coordinates": [-55.475006103515625, -19.475000381469727]}, "properties": {"precip_mm": 0.5}}, {"type": "Feature", "geometry": {"type": "Point", "coordinates": [-54.975006103515625, -19.475000381469727]}, "properties": {"precip_mm": 0.7}}, {"type": "Feature", "geometry": {"type": "Point", "coordinates": [-54.475006103515625, -19.475000381469727]}, "properties": {"precip_mm": 0.5}}, {"type": "Feature", "geometry": {"type": "Point", "coordinates": [-53.975006103515625, -19.475000381469727]}, "properties": {"precip_mm": 0.7}}, {"type": "Feature", "geometry": {"type": "Point", "coordinates": [-53.475006103515625, -19.475000381469727]}, "properties": {"precip_mm": 0.9}}, {"type": "Feature", "geometry": {"type": "Point", "coordinates": [-52.975006103515625, -19.475000381469727]}, "properties": {"precip_mm": 1.7}}, {"type": "Feature", "geometry": {"type": "Point", "coordinates": [-52.475006103515625, -19.475000381469727]}, "properties": {"precip_mm": 0.6}}, {"type": "Feature", "geometry": {"type": "Point", "coordinates": [-51.975006103515625, -19.475000381469727]}, "properties": {"precip_mm": 0.7}}, {"type": "Feature", "geometry": {"type": "Point", "coordinates": [-51.475006103515625, -19.475000381469727]}, "properties": {"precip_mm": 0.7}}, {"type": "Feature", "geometry": {"type": "Point", "coordinates": [-50.975006103515625, -19.475000381469727]}, "properties": {"precip_mm": 0.7}}, {"type": "Feature", "geometry": {"type": "Point", "coordinates": [-50.475006103515625, -19.475000381469727]}, "properties": {"precip_mm": 0.7}}, {"type": "Feature", "geometry": {"type": "Point", "coordinates": [-49.975006103515625, -19.475000381469727]}, "properties": {"precip_mm": 0.5}}, {"type": "Feature", "geometry": {"type": "Point", "coordinates": [-49.475006103515625, -19.475000381469727]}, "properties": {"precip_mm": 0.6}}, {"type": "Feature", "geometry": {"type": "Point", "coordinates": [-48.975006103515625, -19.475000381469727]}, "properties": {"precip_mm": 0.5}}, {"type": "Feature", "geometry": {"type": "Point", "coordinates": [-48.475006103515625, -19.475000381469727]}, "properties": {"precip_mm": 0.5}}, {"type": "Feature", "geometry": {"type": "Point", "coordinates": [-47.975006103515625, -19.475000381469727]}, "properties": {"precip_mm": 0.4}}, {"type": "Feature", "geometry": {"type": "Point", "coordinates": [-47.475006103515625, -19.475000381469727]}, "properties": {"precip_mm": 0.5}}, {"type": "Feature", "geometry": {"type": "Point", "coordinates": [-46.975006103515625, -19.475000381469727]}, "properties": {"precip_mm": 0.5}}, {"type": "Feature", "geometry": {"type": "Point", "coordinates": [-46.475006103515625, -19.475000381469727]}, "properties": {"precip_mm": 0.5}}, {"type": "Feature", "geometry": {"type": "Point", "coordinates": [-45.975006103515625, -19.475000381469727]}, "properties": {"precip_mm": 0.5}}, {"type": "Feature", "geometry": {"type": "Point", "coordinates": [-45.475006103515625, -19.475000381469727]}, "properties": {"precip_mm": 0.4}}, {"type": "Feature", "geometry": {"type": "Point", "coordinates": [-44.975006103515625, -19.475000381469727]}, "properties": {"precip_mm": 0.3}}, {"type": "Feature", "geometry": {"type": "Point", "coordinates": [-44.475006103515625, -19.475000381469727]}, "properties": {"precip_mm": 0.2}}, {"type": "Feature", "geometry": {"type": "Point", "coordinates": [-43.975006103515625, -19.475000381469727]}, "properties": {"precip_mm": 0.3}}, {"type": "Feature", "geometry": {"type": "Point", "coordinates": [-43.475006103515625, -19.475000381469727]}, "properties": {"precip_mm": 0.4}}, {"type": "Feature", "geometry": {"type": "Point", "coordinates": [-42.975006103515625, -19.475000381469727]}, "properties": {"precip_mm": 0.4}}, {"type": "Feature", "geometry": {"type": "Point", "coordinates": [-42.475006103515625, -19.475000381469727]}, "properties": {"precip_mm": 0.5}}, {"type": "Feature", "geometry": {"type": "Point", "coordinates": [-41.975006103515625, -19.475000381469727]}, "properties": {"precip_mm": 0.2}}, {"type": "Feature", "geometry": {"type": "Point", "coordinates": [-41.475006103515625, -19.475000381469727]}, "properties": {"precip_mm": 0.3}}, {"type": "Feature", "geometry": {"type": "Point", "coordinates": [-40.975006103515625, -19.475000381469727]}, "properties": {"precip_mm": 0.3}}, {"type": "Feature", "geometry": {"type": "Point", "coordinates": [-40.475006103515625, -19.475000381469727]}, "properties": {"precip_mm": 0.7}}, {"type": "Feature", "geometry": {"type": "Point", "coordinates": [-39.975006103515625, -19.475000381469727]}, "properties": {"precip_mm": 0.9}}, {"type": "Feature", "geometry": {"type": "Point", "coordinates": [-63.975006103515625, -18.975000381469727]}, "properties": {"precip_mm": 0.2}}, {"type": "Feature", "geometry": {"type": "Point", "coordinates": [-63.475006103515625, -18.975000381469727]}, "properties": {"precip_mm": 0.2}}, {"type": "Feature", "geometry": {"type": "Point", "coordinates": [-62.475006103515625, -18.975000381469727]}, "properties": {"precip_mm": 0.3}}, {"type": "Feature", "geometry": {"type": "Point", "coordinates": [-61.975006103515625, -18.975000381469727]}, "properties": {"precip_mm": 0.4}}, {"type": "Feature", "geometry": {"type": "Point", "coordinates": [-61.475006103515625, -18.975000381469727]}, "properties": {"precip_mm": 0.4}}, {"type": "Feature", "geometry": {"type": "Point", "coordinates": [-60.975006103515625, -18.975000381469727]}, "properties": {"precip_mm": 0.4}}, {"type": "Feature", "geometry": {"type": "Point", "coordinates": [-60.475006103515625, -18.975000381469727]}, "properties": {"precip_mm": 0.4}}, {"type": "Feature", "geometry": {"type": "Point", "coordinates": [-59.975006103515625, -18.975000381469727]}, "properties": {"precip_mm": 0.5}}, {"type": "Feature", "geometry": {"type": "Point", "coordinates": [-59.475006103515625, -18.975000381469727]}, "properties": {"precip_mm": 0.7}}, {"type": "Feature", "geometry": {"type": "Point", "coordinates": [-58.975006103515625, -18.975000381469727]}, "properties": {"precip_mm": 1.5}}, {"type": "Feature", "geometry": {"type": "Point", "coordinates": [-58.475006103515625, -18.975000381469727]}, "properties": {"precip_mm": 0.5}}, {"type": "Feature", "geometry": {"type": "Point", "coordinates": [-57.975006103515625, -18.975000381469727]}, "properties": {"precip_mm": 0.5}}, {"type": "Feature", "geometry": {"type": "Point", "coordinates": [-57.475006103515625, -18.975000381469727]}, "properties": {"precip_mm": 1.0}}, {"type": "Feature", "geometry": {"type": "Point", "coordinates": [-56.975006103515625, -18.975000381469727]}, "properties": {"precip_mm": 1.4}}, {"type": "Feature", "geometry": {"type": "Point", "coordinates": [-56.475006103515625, -18.975000381469727]}, "properties": {"precip_mm": 1.3}}, {"type": "Feature", "geometry": {"type": "Point", "coordinates": [-55.975006103515625, -18.975000381469727]}, "properties": {"precip_mm": 1.0}}, {"type": "Feature", "geometry": {"type": "Point", "coordinates": [-55.475006103515625, -18.975000381469727]}, "properties": {"precip_mm": 0.6}}, {"type": "Feature", "geometry": {"type": "Point", "coordinates": [-54.975006103515625, -18.975000381469727]}, "properties": {"precip_mm": 0.5}}, {"type": "Feature", "geometry": {"type": "Point", "coordinates": [-54.475006103515625, -18.975000381469727]}, "properties": {"precip_mm": 0.5}}, {"type": "Feature", "geometry": {"type": "Point", "coordinates": [-53.975006103515625, -18.975000381469727]}, "properties": {"precip_mm": 0.4}}, {"type": "Feature", "geometry": {"type": "Point", "coordinates": [-53.475006103515625, -18.975000381469727]}, "properties": {"precip_mm": 0.9}}, {"type": "Feature", "geometry": {"type": "Point", "coordinates": [-52.975006103515625, -18.975000381469727]}, "properties": {"precip_mm": 1.0}}, {"type": "Feature", "geometry": {"type": "Point", "coordinates": [-52.475006103515625, -18.975000381469727]}, "properties": {"precip_mm": 0.7}}, {"type": "Feature", "geometry": {"type": "Point", "coordinates": [-51.975006103515625, -18.975000381469727]}, "properties": {"precip_mm": 0.7}}, {"type": "Feature", "geometry": {"type": "Point", "coordinates": [-51.475006103515625, -18.975000381469727]}, "properties": {"precip_mm": 0.5}}, {"type": "Feature", "geometry": {"type": "Point", "coordinates": [-50.975006103515625, -18.975000381469727]}, "properties": {"precip_mm": 0.5}}, {"type": "Feature", "geometry": {"type": "Point", "coordinates": [-50.475006103515625, -18.975000381469727]}, "properties": {"precip_mm": 0.4}}, {"type": "Feature", "geometry": {"type": "Point", "coordinates": [-49.975006103515625, -18.975000381469727]}, "properties": {"precip_mm": 0.4}}, {"type": "Feature", "geometry": {"type": "Point", "coordinates": [-49.475006103515625, -18.975000381469727]}, "properties": {"precip_mm": 0.6}}, {"type": "Feature", "geometry": {"type": "Point", "coordinates": [-48.975006103515625, -18.975000381469727]}, "properties": {"precip_mm": 0.4}}, {"type": "Feature", "geometry": {"type": "Point", "coordinates": [-48.475006103515625, -18.975000381469727]}, "properties": {"precip_mm": 0.3}}, {"type": "Feature", "geometry": {"type": "Point", "coordinates": [-47.975006103515625, -18.975000381469727]}, "properties": {"precip_mm": 0.4}}, {"type": "Feature", "geometry": {"type": "Point", "coordinates": [-47.475006103515625, -18.975000381469727]}, "properties": {"precip_mm": 0.4}}, {"type": "Feature", "geometry": {"type": "Point", "coordinates": [-46.975006103515625, -18.975000381469727]}, "properties": {"precip_mm": 0.4}}, {"type": "Feature", "geometry": {"type": "Point", "coordinates": [-46.475006103515625, -18.975000381469727]}, "properties": {"precip_mm": 0.3}}, {"type": "Feature", "geometry": {"type": "Point", "coordinates": [-45.975006103515625, -18.975000381469727]}, "properties": {"precip_mm": 0.3}}, {"type": "Feature", "geometry": {"type": "Point", "coordinates": [-45.475006103515625, -18.975000381469727]}, "properties": {"precip_mm": 0.3}}, {"type": "Feature", "geometry": {"type": "Point", "coordinates": [-44.975006103515625, -18.975000381469727]}, "properties": {"precip_mm": 0.4}}, {"type": "Feature", "geometry": {"type": "Point", "coordinates": [-44.475006103515625, -18.975000381469727]}, "properties": {"precip_mm": 0.2}}, {"type": "Feature", "geometry": {"type": "Point", "coordinates": [-43.975006103515625, -18.975000381469727]}, "properties": {"precip_mm": 0.4}}, {"type": "Feature", "geometry": {"type": "Point", "coordinates": [-43.475006103515625, -18.975000381469727]}, "properties": {"precip_mm": 0.2}}, {"type": "Feature", "geometry": {"type": "Point", "coordinates": [-42.975006103515625, -18.975000381469727]}, "properties": {"precip_mm": 0.3}}, {"type": "Feature", "geometry": {"type": "Point", "coordinates": [-42.475006103515625, -18.975000381469727]}, "properties": {"precip_mm": 0.4}}, {"type": "Feature", "geometry": {"type": "Point", "coordinates": [-41.975006103515625, -18.975000381469727]}, "properties": {"precip_mm": 0.3}}, {"type": "Feature", "geometry": {"type": "Point", "coordinates": [-41.475006103515625, -18.975000381469727]}, "properties": {"precip_mm": 0.4}}, {"type": "Feature", "geometry": {"type": "Point", "coordinates": [-40.975006103515625, -18.975000381469727]}, "properties": {"precip_mm": 0.7}}, {"type": "Feature", "geometry": {"type": "Point", "coordinates": [-40.475006103515625, -18.975000381469727]}, "properties": {"precip_mm": 0.9}}, {"type": "Feature", "geometry": {"type": "Point", "coordinates": [-39.975006103515625, -18.975000381469727]}, "properties": {"precip_mm": 0.8}}, {"type": "Feature", "geometry": {"type": "Point", "coordinates": [-65.97500610351562, -18.475000381469727]}, "properties": {"precip_mm": 0.2}}, {"type": "Feature", "geometry": {"type": "Point", "coordinates": [-63.975006103515625, -18.475000381469727]}, "properties": {"precip_mm": 0.2}}, {"type": "Feature", "geometry": {"type": "Point", "coordinates": [-63.475006103515625, -18.475000381469727]}, "properties": {"precip_mm": 0.3}}, {"type": "Feature", "geometry": {"type": "Point", "coordinates": [-62.975006103515625, -18.475000381469727]}, "properties": {"precip_mm": 0.3}}, {"type": "Feature", "geometry": {"type": "Point", "coordinates": [-62.475006103515625, -18.475000381469727]}, "properties": {"precip_mm": 0.6}}, {"type": "Feature", "geometry": {"type": "Point", "coordinates": [-61.975006103515625, -18.475000381469727]}, "properties": {"precip_mm": 0.3}}, {"type": "Feature", "geometry": {"type": "Point", "coordinates": [-61.475006103515625, -18.475000381469727]}, "properties": {"precip_mm": 0.4}}, {"type": "Feature", "geometry": {"type": "Point", "coordinates": [-60.975006103515625, -18.475000381469727]}, "properties": {"precip_mm": 0.4}}, {"type": "Feature", "geometry": {"type": "Point", "coordinates": [-60.475006103515625, -18.475000381469727]}, "properties": {"precip_mm": 0.4}}, {"type": "Feature", "geometry": {"type": "Point", "coordinates": [-59.975006103515625, -18.475000381469727]}, "properties": {"precip_mm": 0.5}}, {"type": "Feature", "geometry": {"type": "Point", "coordinates": [-59.475006103515625, -18.475000381469727]}, "properties": {"precip_mm": 0.8}}, {"type": "Feature", "geometry": {"type": "Point", "coordinates": [-58.975006103515625, -18.475000381469727]}, "properties": {"precip_mm": 0.7}}, {"type": "Feature", "geometry": {"type": "Point", "coordinates": [-58.475006103515625, -18.475000381469727]}, "properties": {"precip_mm": 0.6}}, {"type": "Feature", "geometry": {"type": "Point", "coordinates": [-57.975006103515625, -18.475000381469727]}, "properties": {"precip_mm": 0.4}}, {"type": "Feature", "geometry": {"type": "Point", "coordinates": [-57.475006103515625, -18.475000381469727]}, "properties": {"precip_mm": 0.5}}, {"type": "Feature", "geometry": {"type": "Point", "coordinates": [-56.975006103515625, -18.475000381469727]}, "properties": {"precip_mm": 0.7}}, {"type": "Feature", "geometry": {"type": "Point", "coordinates": [-56.475006103515625, -18.475000381469727]}, "properties": {"precip_mm": 1.1}}, {"type": "Feature", "geometry": {"type": "Point", "coordinates": [-55.975006103515625, -18.475000381469727]}, "properties": {"precip_mm": 0.6}}, {"type": "Feature", "geometry": {"type": "Point", "coordinates": [-55.475006103515625, -18.475000381469727]}, "properties": {"precip_mm": 0.5}}, {"type": "Feature", "geometry": {"type": "Point", "coordinates": [-54.975006103515625, -18.475000381469727]}, "properties": {"precip_mm": 0.6}}, {"type": "Feature", "geometry": {"type": "Point", "coordinates": [-54.475006103515625, -18.475000381469727]}, "properties": {"precip_mm": 0.3}}, {"type": "Feature", "geometry": {"type": "Point", "coordinates": [-53.975006103515625, -18.475000381469727]}, "properties": {"precip_mm": 0.3}}, {"type": "Feature", "geometry": {"type": "Point", "coordinates": [-53.475006103515625, -18.475000381469727]}, "properties": {"precip_mm": 0.3}}, {"type": "Feature", "geometry": {"type": "Point", "coordinates": [-52.975006103515625, -18.475000381469727]}, "properties": {"precip_mm": 0.5}}, {"type": "Feature", "geometry": {"type": "Point", "coordinates": [-52.475006103515625, -18.475000381469727]}, "properties": {"precip_mm": 0.5}}, {"type": "Feature", "geometry": {"type": "Point", "coordinates": [-51.975006103515625, -18.475000381469727]}, "properties": {"precip_mm": 0.4}}, {"type": "Feature", "geometry": {"type": "Point", "coordinates": [-51.475006103515625, -18.475000381469727]}, "properties": {"precip_mm": 0.3}}, {"type": "Feature", "geometry": {"type": "Point", "coordinates": [-50.975006103515625, -18.475000381469727]}, "properties": {"precip_mm": 0.3}}, {"type": "Feature", "geometry": {"type": "Point", "coordinates": [-50.475006103515625, -18.475000381469727]}, "properties": {"precip_mm": 0.4}}, {"type": "Feature", "geometry": {"type": "Point", "coordinates": [-49.975006103515625, -18.475000381469727]}, "properties": {"precip_mm": 0.4}}, {"type": "Feature", "geometry": {"type": "Point", "coordinates": [-49.475006103515625, -18.475000381469727]}, "properties": {"precip_mm": 0.3}}, {"type": "Feature", "geometry": {"type": "Point", "coordinates": [-48.975006103515625, -18.475000381469727]}, "properties": {"precip_mm": 0.2}}, {"type": "Feature", "geometry": {"type": "Point", "coordinates": [-48.475006103515625, -18.475000381469727]}, "properties": {"precip_mm": 0.2}}, {"type": "Feature", "geometry": {"type": "Point", "coordinates": [-47.975006103515625, -18.475000381469727]}, "properties": {"precip_mm": 0.1}}, {"type": "Feature", "geometry": {"type": "Point", "coordinates": [-46.975006103515625, -18.475000381469727]}, "properties": {"precip_mm": 0.2}}, {"type": "Feature", "geometry": {"type": "Point", "coordinates": [-46.475006103515625, -18.475000381469727]}, "properties": {"precip_mm": 0.2}}, {"type": "Feature", "geometry": {"type": "Point", "coordinates": [-45.975006103515625, -18.475000381469727]}, "properties": {"precip_mm": 0.3}}, {"type": "Feature", "geometry": {"type": "Point", "coordinates": [-45.475006103515625, -18.475000381469727]}, "properties": {"precip_mm": 0.3}}, {"type": "Feature", "geometry": {"type": "Point", "coordinates": [-44.975006103515625, -18.475000381469727]}, "properties": {"precip_mm": 0.4}}, {"type": "Feature", "geometry": {"type": "Point", "coordinates": [-44.475006103515625, -18.475000381469727]}, "properties": {"precip_mm": 0.2}}, {"type": "Feature", "geometry": {"type": "Point", "coordinates": [-43.975006103515625, -18.475000381469727]}, "properties": {"precip_mm": 0.3}}, {"type": "Feature", "geometry": {"type": "Point", "coordinates": [-43.475006103515625, -18.475000381469727]}, "properties": {"precip_mm": 0.2}}, {"type": "Feature", "geometry": {"type": "Point", "coordinates": [-42.975006103515625, -18.475000381469727]}, "properties": {"precip_mm": 0.3}}, {"type": "Feature", "geometry": {"type": "Point", "coordinates": [-42.475006103515625, -18.475000381469727]}, "properties": {"precip_mm": 0.5}}, {"type": "Feature", "geometry": {"type": "Point", "coordinates": [-41.975006103515625, -18.475000381469727]}, "properties": {"precip_mm": 0.4}}, {"type": "Feature", "geometry": {"type": "Point", "coordinates": [-41.475006103515625, -18.475000381469727]}, "properties": {"precip_mm": 0.7}}, {"type": "Feature", "geometry": {"type": "Point", "coordinates": [-40.975006103515625, -18.475000381469727]}, "properties": {"precip_mm": 0.9}}, {"type": "Feature", "geometry": {"type": "Point", "coordinates": [-40.475006103515625, -18.475000381469727]}, "properties": {"precip_mm": 1.2}}, {"type": "Feature", "geometry": {"type": "Point", "coordinates": [-39.975006103515625, -18.475000381469727]}, "properties": {"precip_mm": 1.4}}, {"type": "Feature", "geometry": {"type": "Point", "coordinates": [-67.47500610351562, -17.975000381469727]}, "properties": {"precip_mm": 0.1}}, {"type": "Feature", "geometry": {"type": "Point", "coordinates": [-65.97500610351562, -17.975000381469727]}, "properties": {"precip_mm": 0.2}}, {"type": "Feature", "geometry": {"type": "Point", "coordinates": [-64.47500610351562, -17.975000381469727]}, "properties": {"precip_mm": 0.2}}, {"type": "Feature", "geometry": {"type": "Point", "coordinates": [-63.975006103515625, -17.975000381469727]}, "properties": {"precip_mm": 0.5}}, {"type": "Feature", "geometry": {"type": "Point", "coordinates": [-63.475006103515625, -17.975000381469727]}, "properties": {"precip_mm": 0.6}}, {"type": "Feature", "geometry": {"type": "Point", "coordinates": [-62.975006103515625, -17.975000381469727]}, "properties": {"precip_mm": 0.7}}, {"type": "Feature", "geometry": {"type": "Point", "coordinates": [-62.475006103515625, -17.975000381469727]}, "properties": {"precip_mm": 0.6}}, {"type": "Feature", "geometry": {"type": "Point", "coordinates": [-61.975006103515625, -17.975000381469727]}, "properties": {"precip_mm": 0.4}}, {"type": "Feature", "geometry": {"type": "Point", "coordinates": [-61.475006103515625, -17.975000381469727]}, "properties": {"precip_mm": 0.5}}, {"type": "Feature", "geometry": {"type": "Point", "coordinates": [-60.975006103515625, -17.975000381469727]}, "properties": {"precip_mm": 0.4}}, {"type": "Feature", "geometry": {"type": "Point", "coordinates": [-60.475006103515625, -17.975000381469727]}, "properties": {"precip_mm": 0.4}}, {"type": "Feature", "geometry": {"type": "Point", "coordinates": [-59.975006103515625, -17.975000381469727]}, "properties": {"precip_mm": 0.7}}, {"type": "Feature", "geometry": {"type": "Point", "coordinates": [-59.475006103515625, -17.975000381469727]}, "properties": {"precip_mm": 1.2}}, {"type": "Feature", "geometry": {"type": "Point", "coordinates": [-58.975006103515625, -17.975000381469727]}, "properties": {"precip_mm": 1.0}}, {"type": "Feature", "geometry": {"type": "Point", "coordinates": [-58.475006103515625, -17.975000381469727]}, "properties": {"precip_mm": 0.9}}, {"type": "Feature", "geometry": {"type": "Point", "coordinates": [-57.975006103515625, -17.975000381469727]}, "properties": {"precip_mm": 0.9}}, {"type": "Feature", "geometry": {"type": "Point", "coordinates": [-57.475006103515625, -17.975000381469727]}, "properties": {"precip_mm": 0.7}}, {"type": "Feature", "geometry": {"type": "Point", "coordinates": [-56.975006103515625, -17.975000381469727]}, "properties": {"precip_mm": 0.6}}, {"type": "Feature", "geometry": {"type": "Point", "coordinates": [-56.475006103515625, -17.975000381469727]}, "properties": {"precip_mm": 0.5}}, {"type": "Feature", "geometry": {"type": "Point", "coordinates": [-55.975006103515625, -17.975000381469727]}, "properties": {"precip_mm": 0.3}}, {"type": "Feature", "geometry": {"type": "Point", "coordinates": [-54.975006103515625, -17.975000381469727]}, "properties": {"precip_mm": 0.2}}, {"type": "Feature", "geometry": {"type": "Point", "coordinates": [-54.475006103515625, -17.975000381469727]}, "properties": {"precip_mm": 0.3}}, {"type": "Feature", "geometry": {"type": "Point", "coordinates": [-53.975006103515625, -17.975000381469727]}, "properties": {"precip_mm": 0.3}}, {"type": "Feature", "geometry": {"type": "Point", "coordinates": [-53.475006103515625, -17.975000381469727]}, "properties": {"precip_mm": 0.4}}, {"type": "Feature", "geometry": {"type": "Point", "coordinates": [-52.975006103515625, -17.975000381469727]}, "properties": {"precip_mm": 0.5}}, {"type": "Feature", "geometry": {"type": "Point", "coordinates": [-52.475006103515625, -17.975000381469727]}, "properties": {"precip_mm": 0.8}}, {"type": "Feature", "geometry": {"type": "Point", "coordinates": [-51.975006103515625, -17.975000381469727]}, "properties": {"precip_mm": 0.4}}, {"type": "Feature", "geometry": {"type": "Point", "coordinates": [-51.475006103515625, -17.975000381469727]}, "properties": {"precip_mm": 0.2}}, {"type": "Feature", "geometry": {"type": "Point", "coordinates": [-50.975006103515625, -17.975000381469727]}, "properties": {"precip_mm": 0.3}}, {"type": "Feature", "geometry": {"type": "Point", "coordinates": [-50.475006103515625, -17.975000381469727]}, "properties": {"precip_mm": 0.1}}, {"type": "Feature", "geometry": {"type": "Point", "coordinates": [-49.975006103515625, -17.975000381469727]}, "properties": {"precip_mm": 0.2}}, {"type": "Feature", "geometry": {"type": "Point", "coordinates": [-49.475006103515625, -17.975000381469727]}, "properties": {"precip_mm": 0.2}}, {"type": "Feature", "geometry": {"type": "Point", "coordinates": [-48.975006103515625, -17.975000381469727]}, "properties": {"precip_mm": 0.1}}, {"type": "Feature", "geometry": {"type": "Point", "coordinates": [-46.975006103515625, -17.975000381469727]}, "properties": {"precip_mm": 0.2}}, {"type": "Feature", "geometry": {"type": "Point", "coordinates": [-46.475006103515625, -17.975000381469727]}, "properties": {"precip_mm": 0.2}}, {"type": "Feature", "geometry": {"type": "Point", "coordinates": [-45.975006103515625, -17.975000381469727]}, "properties": {"precip_mm": 0.3}}, {"type": "Feature", "geometry": {"type": "Point", "coordinates": [-45.475006103515625, -17.975000381469727]}, "properties": {"precip_mm": 0.3}}, {"type": "Feature", "geometry": {"type": "Point", "coordinates": [-44.975006103515625, -17.975000381469727]}, "properties": {"precip_mm": 0.2}}, {"type": "Feature", "geometry": {"type": "Point", "coordinates": [-44.475006103515625, -17.975000381469727]}, "properties": {"precip_mm": 0.1}}, {"type": "Feature", "geometry": {"type": "Point", "coordinates": [-42.975006103515625, -17.975000381469727]}, "properties": {"precip_mm": 0.2}}, {"type": "Feature", "geometry": {"type": "Point", "coordinates": [-42.475006103515625, -17.975000381469727]}, "properties": {"precip_mm": 0.2}}, {"type": "Feature", "geometry": {"type": "Point", "coordinates": [-41.975006103515625, -17.975000381469727]}, "properties": {"precip_mm": 0.2}}, {"type": "Feature", "geometry": {"type": "Point", "coordinates": [-41.475006103515625, -17.975000381469727]}, "properties": {"precip_mm": 0.5}}, {"type": "Feature", "geometry": {"type": "Point", "coordinates": [-40.975006103515625, -17.975000381469727]}, "properties": {"precip_mm": 0.9}}, {"type": "Feature", "geometry": {"type": "Point", "coordinates": [-40.475006103515625, -17.975000381469727]}, "properties": {"precip_mm": 1.0}}, {"type": "Feature", "geometry": {"type": "Point", "coordinates": [-39.975006103515625, -17.975000381469727]}, "properties": {"precip_mm": 1.5}}, {"type": "Feature", "geometry": {"type": "Point", "coordinates": [-39.475006103515625, -17.975000381469727]}, "properties": {"precip_mm": 2.2}}, {"type": "Feature", "geometry": {"type": "Point", "coordinates": [-66.97500610351562, -17.47500228881836]}, "properties": {"precip_mm": 0.2}}, {"type": "Feature", "geometry": {"type": "Point", "coordinates": [-65.47500610351562, -17.47500228881836]}, "properties": {"precip_mm": 0.5}}, {"type": "Feature", "geometry": {"type": "Point", "coordinates": [-64.97500610351562, -17.47500228881836]}, "properties": {"precip_mm": 0.6}}, {"type": "Feature", "geometry": {"type": "Point", "coordinates": [-64.47500610351562, -17.47500228881836]}, "properties": {"precip_mm": 1.4}}, {"type": "Feature", "geometry": {"type": "Point", "coordinates": [-63.975006103515625, -17.47500228881836]}, "properties": {"precip_mm": 1.3}}, {"type": "Feature", "geometry": {"type": "Point", "coordinates": [-63.475006103515625, -17.47500228881836]}, "properties": {"precip_mm": 1.2}}, {"type": "Feature", "geometry": {"type": "Point", "coordinates": [-62.975006103515625, -17.47500228881836]}, "properties": {"precip_mm": 0.8}}, {"type": "Feature", "geometry": {"type": "Point", "coordinates": [-62.475006103515625, -17.47500228881836]}, "properties": {"precip_mm": 0.8}}, {"type": "Feature", "geometry": {"type": "Point", "coordinates": [-61.975006103515625, -17.47500228881836]}, "properties": {"precip_mm": 0.7}}, {"type": "Feature", "geometry": {"type": "Point", "coordinates": [-61.475006103515625, -17.47500228881836]}, "properties": {"precip_mm": 0.6}}, {"type": "Feature", "geometry": {"type": "Point", "coordinates": [-60.975006103515625, -17.47500228881836]}, "properties": {"precip_mm": 0.6}}, {"type": "Feature", "geometry": {"type": "Point", "coordinates": [-60.475006103515625, -17.47500228881836]}, "properties": {"precip_mm": 0.7}}, {"type": "Feature", "geometry": {"type": "Point", "coordinates": [-59.975006103515625, -17.47500228881836]}, "properties": {"precip_mm": 1.4}}, {"type": "Feature", "geometry": {"type": "Point", "coordinates": [-59.475006103515625, -17.47500228881836]}, "properties": {"precip_mm": 1.3}}, {"type": "Feature", "geometry": {"type": "Point", "coordinates": [-58.975006103515625, -17.47500228881836]}, "properties": {"precip_mm": 0.8}}, {"type": "Feature", "geometry": {"type": "Point", "coordinates": [-58.475006103515625, -17.47500228881836]}, "properties": {"precip_mm": 0.7}}, {"type": "Feature", "geometry": {"type": "Point", "coordinates": [-57.975006103515625, -17.47500228881836]}, "properties": {"precip_mm": 0.6}}, {"type": "Feature", "geometry": {"type": "Point", "coordinates": [-57.475006103515625, -17.47500228881836]}, "properties": {"precip_mm": 0.6}}, {"type": "Feature", "geometry": {"type": "Point", "coordinates": [-56.975006103515625, -17.47500228881836]}, "properties": {"precip_mm": 0.5}}, {"type": "Feature", "geometry": {"type": "Point", "coordinates": [-56.475006103515625, -17.47500228881836]}, "properties": {"precip_mm": 0.6}}, {"type": "Feature", "geometry": {"type": "Point", "coordinates": [-55.975006103515625, -17.47500228881836]}, "properties": {"precip_mm": 0.3}}, {"type": "Feature", "geometry": {"type": "Point", "coordinates": [-54.975006103515625, -17.47500228881836]}, "properties": {"precip_mm": 0.2}}, {"type": "Feature", "geometry": {"type": "Point", "coordinates": [-54.475006103515625, -17.47500228881836]}, "properties": {"precip_mm": 0.1}}, {"type": "Feature", "geometry": {"type": "Point", "coordinates": [-53.975006103515625, -17.47500228881836]}, "properties": {"precip_mm": 0.3}}, {"type": "Feature", "geometry": {"type": "Point", "coordinates": [-53.475006103515625, -17.47500228881836]}, "properties": {"precip_mm": 0.3}}, {"type": "Feature", "geometry": {"type": "Point", "coordinates": [-52.975006103515625, -17.47500228881836]}, "properties": {"precip_mm": 0.3}}, {"type": "Feature", "geometry": {"type": "Point", "coordinates": [-52.475006103515625, -17.47500228881836]}, "properties": {"precip_mm": 0.4}}, {"type": "Feature", "geometry": {"type": "Point", "coordinates": [-51.975006103515625, -17.47500228881836]}, "properties": {"precip_mm": 0.3}}, {"type": "Feature", "geometry": {"type": "Point", "coordinates": [-50.975006103515625, -17.47500228881836]}, "properties": {"precip_mm": 0.2}}, {"type": "Feature", "geometry": {"type": "Point", "coordinates": [-48.475006103515625, -17.47500228881836]}, "properties": {"precip_mm": 0.2}}, {"type": "Feature", "geometry": {"type": "Point", "coordinates": [-47.975006103515625, -17.47500228881836]}, "properties": {"precip_mm": 0.2}}, {"type": "Feature", "geometry": {"type": "Point", "coordinates": [-46.975006103515625, -17.47500228881836]}, "properties": {"precip_mm": 0.2}}, {"type": "Feature", "geometry": {"type": "Point", "coordinates": [-45.975006103515625, -17.47500228881836]}, "properties": {"precip_mm": 0.2}}, {"type": "Feature", "geometry": {"type": "Point", "coordinates": [-45.475006103515625, -17.47500228881836]}, "properties": {"precip_mm": 0.2}}, {"type": "Feature", "geometry": {"type": "Point", "coordinates": [-43.975006103515625, -17.47500228881836]}, "properties": {"precip_mm": 0.1}}, {"type": "Feature", "geometry": {"type": "Point", "coordinates": [-43.475006103515625, -17.47500228881836]}, "properties": {"precip_mm": 0.0}}, {"type": "Feature", "geometry": {"type": "Point", "coordinates": [-42.975006103515625, -17.47500228881836]}, "properties": {"precip_mm": 0.1}}, {"type": "Feature", "geometry": {"type": "Point", "coordinates": [-42.475006103515625, -17.47500228881836]}, "properties": {"precip_mm": 0.2}}, {"type": "Feature", "geometry": {"type": "Point", "coordinates": [-41.975006103515625, -17.47500228881836]}, "properties": {"precip_mm": 0.3}}, {"type": "Feature", "geometry": {"type": "Point", "coordinates": [-41.475006103515625, -17.47500228881836]}, "properties": {"precip_mm": 0.4}}, {"type": "Feature", "geometry": {"type": "Point", "coordinates": [-40.975006103515625, -17.47500228881836]}, "properties": {"precip_mm": 0.7}}, {"type": "Feature", "geometry": {"type": "Point", "coordinates": [-40.475006103515625, -17.47500228881836]}, "properties": {"precip_mm": 1.0}}, {"type": "Feature", "geometry": {"type": "Point", "coordinates": [-39.975006103515625, -17.47500228881836]}, "properties": {"precip_mm": 1.6}}, {"type": "Feature", "geometry": {"type": "Point", "coordinates": [-39.475006103515625, -17.47500228881836]}, "properties": {"precip_mm": 2.0}}, {"type": "Feature", "geometry": {"type": "Point", "coordinates": [-69.97500610351562, -16.97500228881836]}, "properties": {"precip_mm": 0.2}}, {"type": "Feature", "geometry": {"type": "Point", "coordinates": [-68.47500610351562, -16.97500228881836]}, "properties": {"precip_mm": 0.3}}, {"type": "Feature", "geometry": {"type": "Point", "coordinates": [-67.47500610351562, -16.97500228881836]}, "properties": {"precip_mm": 0.3}}, {"type": "Feature", "geometry": {"type": "Point", "coordinates": [-66.97500610351562, -16.97500228881836]}, "properties": {"precip_mm": 0.2}}, {"type": "Feature", "geometry": {"type": "Point", "coordinates": [-66.47500610351562, -16.97500228881836]}, "properties": {"precip_mm": 1.0}}, {"type": "Feature", "geometry": {"type": "Point", "coordinates": [-65.97500610351562, -16.97500228881836]}, "properties": {"precip_mm": 0.1}}, {"type": "Feature", "geometry": {"type": "Point", "coordinates": [-65.47500610351562, -16.97500228881836]}, "properties": {"precip_mm": 0.8}}, {"type": "Feature", "geometry": {"type": "Point", "coordinates": [-64.97500610351562, -16.97500228881836]}, "properties": {"precip_mm": 1.1}}, {"type": "Feature", "geometry": {"type": "Point", "coordinates": [-64.47500610351562, -16.97500228881836]}, "properties": {"precip_mm": 1.3}}, {"type": "Feature", "geometry": {"type": "Point", "coordinates": [-63.975006103515625, -16.97500228881836]}, "properties": {"precip_mm": 1.3}}, {"type": "Feature", "geometry": {"type": "Point", "coordinates": [-63.475006103515625, -16.97500228881836]}, "properties": {"precip_mm": 1.1}}, {"type": "Feature", "geometry": {"type": "Point", "coordinates": [-62.975006103515625, -16.97500228881836]}, "properties": {"precip_mm": 1.1}}, {"type": "Feature", "geometry": {"type": "Point", "coordinates": [-62.475006103515625, -16.97500228881836]}, "properties": {"precip_mm": 0.8}}, {"type": "Feature", "geometry": {"type": "Point", "coordinates": [-61.975006103515625, -16.97500228881836]}, "properties": {"precip_mm": 0.7}}, {"type": "Feature", "geometry": {"type": "Point", "coordinates": [-61.475006103515625, -16.97500228881836]}, "properties": {"precip_mm": 0.5}}, {"type": "Feature", "geometry": {"type": "Point", "coordinates": [-60.975006103515625, -16.97500228881836]}, "properties": {"precip_mm": 0.4}}, {"type": "Feature", "geometry": {"type": "Point", "coordinates": [-60.475006103515625, -16.97500228881836]}, "properties": {"precip_mm": 0.6}}, {"type": "Feature", "geometry": {"type": "Point", "coordinates": [-59.975006103515625, -16.97500228881836]}, "properties": {"precip_mm": 1.0}}, {"type": "Feature", "geometry": {"type": "Point", "coordinates": [-59.475006103515625, -16.97500228881836]}, "properties": {"precip_mm": 1.0}}, {"type": "Feature", "geometry": {"type": "Point", "coordinates": [-58.975006103515625, -16.97500228881836]}, "properties": {"precip_mm": 0.5}}, {"type": "Feature", "geometry": {"type": "Point", "coordinates": [-58.475006103515625, -16.97500228881836]}, "properties": {"precip_mm": 0.5}}, {"type": "Feature", "geometry": {"type": "Point", "coordinates": [-57.975006103515625, -16.97500228881836]}, "properties": {"precip_mm": 0.4}}, {"type": "Feature", "geometry": {"type": "Point", "coordinates": [-57.475006103515625, -16.97500228881836]}, "properties": {"precip_mm": 0.3}}, {"type": "Feature", "geometry": {"type": "Point", "coordinates": [-56.975006103515625, -16.97500228881836]}, "properties": {"precip_mm": 0.3}}, {"type": "Feature", "geometry": {"type": "Point", "coordinates": [-56.475006103515625, -16.97500228881836]}, "properties": {"precip_mm": 0.3}}, {"type": "Feature", "geometry": {"type": "Point", "coordinates": [-55.975006103515625, -16.97500228881836]}, "properties": {"precip_mm": 0.2}}, {"type": "Feature", "geometry": {"type": "Point", "coordinates": [-55.475006103515625, -16.97500228881836]}, "properties": {"precip_mm": 0.3}}, {"type": "Feature", "geometry": {"type": "Point", "coordinates": [-54.975006103515625, -16.97500228881836]}, "properties": {"precip_mm": 0.3}}, {"type": "Feature", "geometry": {"type": "Point", "coordinates": [-54.475006103515625, -16.97500228881836]}, "properties": {"precip_mm": 0.3}}, {"type": "Feature", "geometry": {"type": "Point", "coordinates": [-53.975006103515625, -16.97500228881836]}, "properties": {"precip_mm": 0.4}}, {"type": "Feature", "geometry": {"type": "Point", "coordinates": [-53.475006103515625, -16.97500228881836]}, "properties": {"precip_mm": 0.2}}, {"type": "Feature", "geometry": {"type": "Point", "coordinates": [-52.975006103515625, -16.97500228881836]}, "properties": {"precip_mm": 0.3}}, {"type": "Feature", "geometry": {"type": "Point", "coordinates": [-52.475006103515625, -16.97500228881836]}, "properties": {"precip_mm": 0.3}}, {"type": "Feature", "geometry": {"type": "Point", "coordinates": [-51.975006103515625, -16.97500228881836]}, "properties": {"precip_mm": 0.2}}, {"type": "Feature", "geometry": {"type": "Point", "coordinates": [-51.475006103515625, -16.97500228881836]}, "properties": {"precip_mm": 0.1}}, {"type": "Feature", "geometry": {"type": "Point", "coordinates": [-50.975006103515625, -16.97500228881836]}, "properties": {"precip_mm": 0.1}}, {"type": "Feature", "geometry": {"type": "Point", "coordinates": [-47.475006103515625, -16.97500228881836]}, "properties": {"precip_mm": 0.1}}, {"type": "Feature", "geometry": {"type": "Point", "coordinates": [-44.475006103515625, -16.97500228881836]}, "properties": {"precip_mm": 0.1}}, {"type": "Feature", "geometry": {"type": "Point", "coordinates": [-41.975006103515625, -16.97500228881836]}, "properties": {"precip_mm": 0.2}}, {"type": "Feature", "geometry": {"type": "Point", "coordinates": [-41.475006103515625, -16.97500228881836]}, "properties": {"precip_mm": 0.3}}, {"type": "Feature", "geometry": {"type": "Point", "coordinates": [-40.975006103515625, -16.97500228881836]}, "properties": {"precip_mm": 0.5}}, {"type": "Feature", "geometry": {"type": "Point", "coordinates": [-40.475006103515625, -16.97500228881836]}, "properties": {"precip_mm": 1.0}}, {"type": "Feature", "geometry": {"type": "Point", "coordinates": [-39.975006103515625, -16.97500228881836]}, "properties": {"precip_mm": 1.2}}, {"type": "Feature", "geometry": {"type": "Point", "coordinates": [-39.475006103515625, -16.97500228881836]}, "properties": {"precip_mm": 2.4}}, {"type": "Feature", "geometry": {"type": "Point", "coordinates": [-71.97500610351562, -16.47500228881836]}, "properties": {"precip_mm": 0.2}}, {"type": "Feature", "geometry": {"type": "Point", "coordinates": [-70.97500610351562, -16.47500228881836]}, "properties": {"precip_mm": 0.4}}, {"type": "Feature", "geometry": {"type": "Point", "coordinates": [-70.47500610351562, -16.47500228881836]}, "properties": {"precip_mm": 0.2}}, {"type": "Feature", "geometry": {"type": "Point", "coordinates": [-69.97500610351562, -16.47500228881836]}, "properties": {"precip_mm": 0.2}}, {"type": "Feature", "geometry": {"type": "Point", "coordinates": [-69.47500610351562, -16.47500228881836]}, "properties": {"precip_mm": 0.4}}, {"type": "Feature", "geometry": {"type": "Point", "coordinates": [-68.97500610351562, -16.47500228881836]}, "properties": {"precip_mm": 0.1}}, {"type": "Feature", "geometry": {"type": "Point", "coordinates": [-67.47500610351562, -16.47500228881836]}, "properties": {"precip_mm": 0.5}}, {"type": "Feature", "geometry": {"type": "Point", "coordinates": [-66.97500610351562, -16.47500228881836]}, "properties": {"precip_mm": 0.3}}, {"type": "Feature", "geometry": {"type": "Point", "coordinates": [-66.47500610351562, -16.47500228881836]}, "properties": {"precip_mm": 0.3}}, {"type": "Feature", "geometry": {"type": "Point", "coordinates": [-65.97500610351562, -16.47500228881836]}, "properties": {"precip_mm": 0.9}}, {"type": "Feature", "geometry": {"type": "Point", "coordinates": [-65.47500610351562, -16.47500228881836]}, "properties": {"precip_mm": 1.2}}, {"type": "Feature", "geometry": {"type": "Point", "coordinates": [-64.97500610351562, -16.47500228881836]}, "properties": {"precip_mm": 1.0}}, {"type": "Feature", "geometry": {"type": "Point", "coordinates": [-64.47500610351562, -16.47500228881836]}, "properties": {"precip_mm": 1.4}}, {"type": "Feature", "geometry": {"type": "Point", "coordinates": [-63.975006103515625, -16.47500228881836]}, "properties": {"precip_mm": 1.7}}, {"type": "Feature", "geometry": {"type": "Point", "coordinates": [-63.475006103515625, -16.47500228881836]}, "properties": {"precip_mm": 1.2}}, {"type": "Feature", "geometry": {"type": "Point", "coordinates": [-62.975006103515625, -16.47500228881836]}, "properties": {"precip_mm": 0.9}}, {"type": "Feature", "geometry": {"type": "Point", "coordinates": [-62.475006103515625, -16.47500228881836]}, "properties": {"precip_mm": 0.6}}, {"type": "Feature", "geometry": {"type": "Point", "coordinates": [-61.975006103515625, -16.47500228881836]}, "properties": {"precip_mm": 0.5}}, {"type": "Feature", "geometry": {"type": "Point", "coordinates": [-61.475006103515625, -16.47500228881836]}, "properties": {"precip_mm": 0.3}}, {"type": "Feature", "geometry": {"type": "Point", "coordinates": [-60.975006103515625, -16.47500228881836]}, "properties": {"precip_mm": 0.4}}, {"type": "Feature", "geometry": {"type": "Point", "coordinates": [-60.475006103515625, -16.47500228881836]}, "properties": {"precip_mm": 0.4}}, {"type": "Feature", "geometry": {"type": "Point", "coordinates": [-59.975006103515625, -16.47500228881836]}, "properties": {"precip_mm": 0.6}}, {"type": "Feature", "geometry": {"type": "Point", "coordinates": [-59.475006103515625, -16.47500228881836]}, "properties": {"precip_mm": 0.4}}, {"type": "Feature", "geometry": {"type": "Point", "coordinates": [-58.975006103515625, -16.47500228881836]}, "properties": {"precip_mm": 0.3}}, {"type": "Feature", "geometry": {"type": "Point", "coordinates": [-58.475006103515625, -16.47500228881836]}, "properties": {"precip_mm": 0.2}}, {"type": "Feature", "geometry": {"type": "Point", "coordinates": [-57.975006103515625, -16.47500228881836]}, "properties": {"precip_mm": 0.3}}, {"type": "Feature", "geometry": {"type": "Point", "coordinates": [-57.475006103515625, -16.47500228881836]}, "properties": {"precip_mm": 0.3}}, {"type": "Feature", "geometry": {"type": "Point", "coordinates": [-56.975006103515625, -16.47500228881836]}, "properties": {"precip_mm": 0.3}}, {"type": "Feature", "geometry": {"type": "Point", "coordinates": [-56.475006103515625, -16.47500228881836]}, "properties": {"precip_mm": 0.4}}, {"type": "Feature", "geometry": {"type": "Point", "coordinates": [-55.975006103515625, -16.47500228881836]}, "properties": {"precip_mm": 0.3}}, {"type": "Feature", "geometry": {"type": "Point", "coordinates": [-55.475006103515625, -16.47500228881836]}, "properties": {"precip_mm": 0.3}}, {"type": "Feature", "geometry": {"type": "Point", "coordinates": [-54.975006103515625, -16.47500228881836]}, "properties": {"precip_mm": 0.3}}, {"type": "Feature", "geometry": {"type": "Point", "coordinates": [-54.475006103515625, -16.47500228881836]}, "properties": {"precip_mm": 0.4}}, {"type": "Feature", "geometry": {"type": "Point", "coordinates": [-53.975006103515625, -16.47500228881836]}, "properties": {"precip_mm": 0.4}}, {"type": "Feature", "geometry": {"type": "Point", "coordinates": [-53.475006103515625, -16.47500228881836]}, "properties": {"precip_mm": 0.2}}, {"type": "Feature", "geometry": {"type": "Point", "coordinates": [-52.475006103515625, -16.47500228881836]}, "properties": {"precip_mm": 0.1}}, {"type": "Feature", "geometry": {"type": "Point", "coordinates": [-48.975006103515625, -16.47500228881836]}, "properties": {"precip_mm": 0.1}}, {"type": "Feature", "geometry": {"type": "Point", "coordinates": [-41.975006103515625, -16.47500228881836]}, "properties": {"precip_mm": 0.2}}, {"type": "Feature", "geometry": {"type": "Point", "coordinates": [-40.975006103515625, -16.47500228881836]}, "properties": {"precip_mm": 0.4}}, {"type": "Feature", "geometry": {"type": "Point", "coordinates": [-40.475006103515625, -16.47500228881836]}, "properties": {"precip_mm": 0.8}}, {"type": "Feature", "geometry": {"type": "Point", "coordinates": [-39.975006103515625, -16.47500228881836]}, "properties": {"precip_mm": 1.1}}, {"type": "Feature", "geometry": {"type": "Point", "coordinates": [-39.475006103515625, -16.47500228881836]}, "properties": {"precip_mm": 2.5}}, {"type": "Feature", "geometry": {"type": "Point", "coordinates": [-73.47500610351562, -15.97500228881836]}, "properties": {"precip_mm": 0.3}}, {"type": "Feature", "geometry": {"type": "Point", "coordinates": [-72.97500610351562, -15.97500228881836]}, "properties": {"precip_mm": 0.2}}, {"type": "Feature", "geometry": {"type": "Point", "coordinates": [-69.47500610351562, -15.97500228881836]}, "properties": {"precip_mm": 0.2}}, {"type": "Feature", "geometry": {"type": "Point", "coordinates": [-68.97500610351562, -15.97500228881836]}, "properties": {"precip_mm": 0.2}}, {"type": "Feature", "geometry": {"type": "Point", "coordinates": [-68.47500610351562, -15.97500228881836]}, "properties": {"precip_mm": 0.3}}, {"type": "Feature", "geometry": {"type": "Point", "coordinates": [-67.97500610351562, -15.97500228881836]}, "properties": {"precip_mm": 0.3}}, {"type": "Feature", "geometry": {"type": "Point", "coordinates": [-67.47500610351562, -15.97500228881836]}, "properties": {"precip_mm": 0.6}}, {"type": "Feature", "geometry": {"type": "Point", "coordinates": [-66.97500610351562, -15.97500228881836]}, "properties": {"precip_mm": 0.5}}, {"type": "Feature", "geometry": {"type": "Point", "coordinates": [-66.47500610351562, -15.97500228881836]}, "properties": {"precip_mm": 0.9}}, {"type": "Feature", "geometry": {"type": "Point", "coordinates": [-65.97500610351562, -15.97500228881836]}, "properties": {"precip_mm": 1.4}}, {"type": "Feature", "geometry": {"type": "Point", "coordinates": [-65.47500610351562, -15.97500228881836]}, "properties": {"precip_mm": 1.2}}, {"type": "Feature", "geometry": {"type": "Point", "coordinates": [-64.97500610351562, -15.97500228881836]}, "properties": {"precip_mm": 1.6}}, {"type": "Feature", "geometry": {"type": "Point", "coordinates": [-64.47500610351562, -15.97500228881836]}, "properties": {"precip_mm": 1.9}}, {"type": "Feature", "geometry": {"type": "Point", "coordinates": [-63.975006103515625, -15.97500228881836]}, "properties": {"precip_mm": 1.3}}, {"type": "Feature", "geometry": {"type": "Point", "coordinates": [-63.475006103515625, -15.97500228881836]}, "properties": {"precip_mm": 1.1}}, {"type": "Feature", "geometry": {"type": "Point", "coordinates": [-62.975006103515625, -15.97500228881836]}, "properties": {"precip_mm": 1.0}}, {"type": "Feature", "geometry": {"type": "Point", "coordinates": [-62.475006103515625, -15.97500228881836]}, "properties": {"precip_mm": 0.8}}, {"type": "Feature", "geometry": {"type": "Point", "coordinates": [-61.975006103515625, -15.97500228881836]}, "properties": {"precip_mm": 0.6}}, {"type": "Feature", "geometry": {"type": "Point", "coordinates": [-61.475006103515625, -15.97500228881836]}, "properties": {"precip_mm": 0.4}}, {"type": "Feature", "geometry": {"type": "Point", "coordinates": [-60.975006103515625, -15.97500228881836]}, "properties": {"precip_mm": 0.5}}, {"type": "Feature", "geometry": {"type": "Point", "coordinates": [-60.475006103515625, -15.97500228881836]}, "properties": {"precip_mm": 0.6}}, {"type": "Feature", "geometry": {"type": "Point", "coordinates": [-59.975006103515625, -15.97500228881836]}, "properties": {"precip_mm": 0.4}}, {"type": "Feature", "geometry": {"type": "Point", "coordinates": [-59.475006103515625, -15.97500228881836]}, "properties": {"precip_mm": 0.3}}, {"type": "Feature", "geometry": {"type": "Point", "coordinates": [-58.975006103515625, -15.97500228881836]}, "properties": {"precip_mm": 0.4}}, {"type": "Feature", "geometry": {"type": "Point", "coordinates": [-58.475006103515625, -15.97500228881836]}, "properties": {"precip_mm": 0.4}}, {"type": "Feature", "geometry": {"type": "Point", "coordinates": [-57.975006103515625, -15.97500228881836]}, "properties": {"precip_mm": 0.4}}, {"type": "Feature", "geometry": {"type": "Point", "coordinates": [-57.475006103515625, -15.97500228881836]}, "properties": {"precip_mm": 0.3}}, {"type": "Feature", "geometry": {"type": "Point", "coordinates": [-56.975006103515625, -15.97500228881836]}, "properties": {"precip_mm": 0.3}}, {"type": "Feature", "geometry": {"type": "Point", "coordinates": [-56.475006103515625, -15.97500228881836]}, "properties": {"precip_mm": 0.3}}, {"type": "Feature", "geometry": {"type": "Point", "coordinates": [-55.975006103515625, -15.97500228881836]}, "properties": {"precip_mm": 0.2}}, {"type": "Feature", "geometry": {"type": "Point", "coordinates": [-55.475006103515625, -15.97500228881836]}, "properties": {"precip_mm": 0.4}}, {"type": "Feature", "geometry": {"type": "Point", "coordinates": [-54.975006103515625, -15.97500228881836]}, "properties": {"precip_mm": 0.4}}, {"type": "Feature", "geometry": {"type": "Point", "coordinates": [-54.475006103515625, -15.97500228881836]}, "properties": {"precip_mm": 0.2}}, {"type": "Feature", "geometry": {"type": "Point", "coordinates": [-53.475006103515625, -15.97500228881836]}, "properties": {"precip_mm": 0.1}}, {"type": "Feature", "geometry": {"type": "Point", "coordinates": [-50.475006103515625, -15.97500228881836]}, "properties": {"precip_mm": 0.1}}, {"type": "Feature", "geometry": {"type": "Point", "coordinates": [-46.975006103515625, -15.97500228881836]}, "properties": {"precip_mm": 0.1}}, {"type": "Feature", "geometry": {"type": "Point", "coordinates": [-45.975006103515625, -15.97500228881836]}, "properties": {"precip_mm": 0.1}}, {"type": "Feature", "geometry": {"type": "Point", "coordinates": [-45.475006103515625, -15.97500228881836]}, "properties": {"precip_mm": 0.1}}, {"type": "Feature", "geometry": {"type": "Point", "coordinates": [-44.975006103515625, -15.97500228881836]}, "properties": {"precip_mm": 0.1}}, {"type": "Feature", "geometry": {"type": "Point", "coordinates": [-44.475006103515625, -15.97500228881836]}, "properties": {"precip_mm": 0.1}}, {"type": "Feature", "geometry": {"type": "Point", "coordinates": [-42.475006103515625, -15.97500228881836]}, "properties": {"precip_mm": 0.1}}, {"type": "Feature", "geometry": {"type": "Point", "coordinates": [-41.975006103515625, -15.97500228881836]}, "properties": {"precip_mm": 0.2}}, {"type": "Feature", "geometry": {"type": "Point", "coordinates": [-41.475006103515625, -15.97500228881836]}, "properties": {"precip_mm": 0.4}}, {"type": "Feature", "geometry": {"type": "Point", "coordinates": [-40.975006103515625, -15.97500228881836]}, "properties": {"precip_mm": 0.9}}, {"type": "Feature", "geometry": {"type": "Point", "coordinates": [-40.475006103515625, -15.97500228881836]}, "properties": {"precip_mm": 1.0}}, {"type": "Feature", "geometry": {"type": "Point", "coordinates": [-39.975006103515625, -15.97500228881836]}, "properties": {"precip_mm": 0.7}}, {"type": "Feature", "geometry": {"type": "Point", "coordinates": [-39.475006103515625, -15.97500228881836]}, "properties": {"precip_mm": 2.4}}, {"type": "Feature", "geometry": {"type": "Point", "coordinates": [-38.975006103515625, -15.97500228881836]}, "properties": {"precip_mm": 3.3}}, {"type": "Feature", "geometry": {"type": "Point", "coordinates": [-74.97500610351562, -15.47500228881836]}, "properties": {"precip_mm": 0.2}}, {"type": "Feature", "geometry": {"type": "Point", "coordinates": [-73.97500610351562, -15.47500228881836]}, "properties": {"precip_mm": 0.5}}, {"type": "Feature", "geometry": {"type": "Point", "coordinates": [-72.47500610351562, -15.47500228881836]}, "properties": {"precip_mm": 0.4}}, {"type": "Feature", "geometry": {"type": "Point", "coordinates": [-69.47500610351562, -15.47500228881836]}, "properties": {"precip_mm": 0.2}}, {"type": "Feature", "geometry": {"type": "Point", "coordinates": [-68.97500610351562, -15.47500228881836]}, "properties": {"precip_mm": 0.3}}, {"type": "Feature", "geometry": {"type": "Point", "coordinates": [-68.47500610351562, -15.47500228881836]}, "properties": {"precip_mm": 0.3}}, {"type": "Feature", "geometry": {"type": "Point", "coordinates": [-67.97500610351562, -15.47500228881836]}, "properties": {"precip_mm": 0.8}}, {"type": "Feature", "geometry": {"type": "Point", "coordinates": [-67.47500610351562, -15.47500228881836]}, "properties": {"precip_mm": 1.2}}, {"type": "Feature", "geometry": {"type": "Point", "coordinates": [-66.97500610351562, -15.47500228881836]}, "properties": {"precip_mm": 1.7}}, {"type": "Feature", "geometry": {"type": "Point", "coordinates": [-66.47500610351562, -15.47500228881836]}, "properties": {"precip_mm": 1.8}}, {"type": "Feature", "geometry": {"type": "Point", "coordinates": [-65.97500610351562, -15.47500228881836]}, "properties": {"precip_mm": 1.4}}, {"type": "Feature", "geometry": {"type": "Point", "coordinates": [-65.47500610351562, -15.47500228881836]}, "properties": {"precip_mm": 1.2}}, {"type": "Feature", "geometry": {"type": "Point", "coordinates": [-64.97500610351562, -15.47500228881836]}, "properties": {"precip_mm": 1.2}}, {"type": "Feature", "geometry": {"type": "Point", "coordinates": [-64.47500610351562, -15.47500228881836]}, "properties": {"precip_mm": 1.2}}, {"type": "Feature", "geometry": {"type": "Point", "coordinates": [-63.975006103515625, -15.47500228881836]}, "properties": {"precip_mm": 1.2}}, {"type": "Feature", "geometry": {"type": "Point", "coordinates": [-63.475006103515625, -15.47500228881836]}, "properties": {"precip_mm": 1.3}}, {"type": "Feature", "geometry": {"type": "Point", "coordinates": [-62.975006103515625, -15.47500228881836]}, "properties": {"precip_mm": 0.9}}, {"type": "Feature", "geometry": {"type": "Point", "coordinates": [-62.475006103515625, -15.47500228881836]}, "properties": {"precip_mm": 0.8}}, {"type": "Feature", "geometry": {"type": "Point", "coordinates": [-61.975006103515625, -15.47500228881836]}, "properties": {"precip_mm": 0.6}}, {"type": "Feature", "geometry": {"type": "Point", "coordinates": [-61.475006103515625, -15.47500228881836]}, "properties": {"precip_mm": 0.5}}, {"type": "Feature", "geometry": {"type": "Point", "coordinates": [-60.975006103515625, -15.47500228881836]}, "properties": {"precip_mm": 0.4}}, {"type": "Feature", "geometry": {"type": "Point", "coordinates": [-60.475006103515625, -15.47500228881836]}, "properties": {"precip_mm": 0.5}}, {"type": "Feature", "geometry": {"type": "Point", "coordinates": [-59.975006103515625, -15.47500228881836]}, "properties": {"precip_mm": 0.7}}, {"type": "Feature", "geometry": {"type": "Point", "coordinates": [-59.475006103515625, -15.47500228881836]}, "properties": {"precip_mm": 0.6}}, {"type": "Feature", "geometry": {"type": "Point", "coordinates": [-58.975006103515625, -15.47500228881836]}, "properties": {"precip_mm": 0.5}}, {"type": "Feature", "geometry": {"type": "Point", "coordinates": [-58.475006103515625, -15.47500228881836]}, "properties": {"precip_mm": 0.5}}, {"type": "Feature", "geometry": {"type": "Point", "coordinates": [-57.975006103515625, -15.47500228881836]}, "properties": {"precip_mm": 0.4}}, {"type": "Feature", "geometry": {"type": "Point", "coordinates": [-57.475006103515625, -15.47500228881836]}, "properties": {"precip_mm": 0.3}}, {"type": "Feature", "geometry": {"type": "Point", "coordinates": [-56.975006103515625, -15.47500228881836]}, "properties": {"precip_mm": 0.3}}, {"type": "Feature", "geometry": {"type": "Point", "coordinates": [-56.475006103515625, -15.47500228881836]}, "properties": {"precip_mm": 0.3}}, {"type": "Feature", "geometry": {"type": "Point", "coordinates": [-55.975006103515625, -15.47500228881836]}, "properties": {"precip_mm": 0.2}}, {"type": "Feature", "geometry": {"type": "Point", "coordinates": [-55.475006103515625, -15.47500228881836]}, "properties": {"precip_mm": 0.2}}, {"type": "Feature", "geometry": {"type": "Point", "coordinates": [-54.975006103515625, -15.47500228881836]}, "properties": {"precip_mm": 0.4}}, {"type": "Feature", "geometry": {"type": "Point", "coordinates": [-54.475006103515625, -15.47500228881836]}, "properties": {"precip_mm": 0.2}}, {"type": "Feature", "geometry": {"type": "Point", "coordinates": [-53.475006103515625, -15.47500228881836]}, "properties": {"precip_mm": 0.1}}, {"type": "Feature", "geometry": {"type": "Point", "coordinates": [-52.475006103515625, -15.47500228881836]}, "properties": {"precip_mm": 0.1}}, {"type": "Feature", "geometry": {"type": "Point", "coordinates": [-48.475006103515625, -15.47500228881836]}, "properties": {"precip_mm": 0.1}}, {"type": "Feature", "geometry": {"type": "Point", "coordinates": [-45.475006103515625, -15.47500228881836]}, "properties": {"precip_mm": 0.0}}, {"type": "Feature", "geometry": {"type": "Point", "coordinates": [-44.975006103515625, -15.47500228881836]}, "properties": {"precip_mm": 0.0}}, {"type": "Feature", "geometry": {"type": "Point", "coordinates": [-42.475006103515625, -15.47500228881836]}, "properties": {"precip_mm": 0.2}}, {"type": "Feature", "geometry": {"type": "Point", "coordinates": [-41.975006103515625, -15.47500228881836]}, "properties": {"precip_mm": 0.2}}, {"type": "Feature", "geometry": {"type": "Point", "coordinates": [-41.475006103515625, -15.47500228881836]}, "properties": {"precip_mm": 0.2}}, {"type": "Feature", "geometry": {"type": "Point", "coordinates": [-40.975006103515625, -15.47500228881836]}, "properties": {"precip_mm": 0.8}}, {"type": "Feature", "geometry": {"type": "Point", "coordinates": [-40.475006103515625, -15.47500228881836]}, "properties": {"precip_mm": 1.0}}, {"type": "Feature", "geometry": {"type": "Point", "coordinates": [-39.975006103515625, -15.47500228881836]}, "properties": {"precip_mm": 0.5}}, {"type": "Feature", "geometry": {"type": "Point", "coordinates": [-39.475006103515625, -15.47500228881836]}, "properties": {"precip_mm": 2.6}}, {"type": "Feature", "geometry": {"type": "Point", "coordinates": [-38.975006103515625, -15.47500228881836]}, "properties": {"precip_mm": 3.4}}, {"type": "Feature", "geometry": {"type": "Point", "coordinates": [-75.47500610351562, -14.97500228881836]}, "properties": {"precip_mm": 0.2}}, {"type": "Feature", "geometry": {"type": "Point", "coordinates": [-72.97500610351562, -14.97500228881836]}, "properties": {"precip_mm": 0.5}}, {"type": "Feature", "geometry": {"type": "Point", "coordinates": [-72.47500610351562, -14.97500228881836]}, "properties": {"precip_mm": 0.2}}, {"type": "Feature", "geometry": {"type": "Point", "coordinates": [-71.97500610351562, -14.97500228881836]}, "properties": {"precip_mm": 0.3}}, {"type": "Feature", "geometry": {"type": "Point", "coordinates": [-69.97500610351562, -14.97500228881836]}, "properties": {"precip_mm": 0.4}}, {"type": "Feature", "geometry": {"type": "Point", "coordinates": [-69.47500610351562, -14.97500228881836]}, "properties": {"precip_mm": 0.6}}, {"type": "Feature", "geometry": {"type": "Point", "coordinates": [-68.97500610351562, -14.97500228881836]}, "properties": {"precip_mm": 1.7}}, {"type": "Feature", "geometry": {"type": "Point", "coordinates": [-68.47500610351562, -14.97500228881836]}, "properties": {"precip_mm": 1.0}}, {"type": "Feature", "geometry": {"type": "Point", "coordinates": [-67.97500610351562, -14.97500228881836]}, "properties": {"precip_mm": 1.2}}, {"type": "Feature", "geometry": {"type": "Point", "coordinates": [-67.47500610351562, -14.97500228881836]}, "properties": {"precip_mm": 2.2}}, {"type": "Feature", "geometry": {"type": "Point", "coordinates": [-66.97500610351562, -14.97500228881836]}, "properties": {"precip_mm": 2.2}}, {"type": "Feature", "geometry": {"type": "Point", "coordinates": [-66.47500610351562, -14.97500228881836]}, "properties": {"precip_mm": 2.8}}, {"type": "Feature", "geometry": {"type": "Point", "coordinates": [-65.97500610351562, -14.97500228881836]}, "properties": {"precip_mm": 1.6}}, {"type": "Feature", "geometry": {"type": "Point", "coordinates": [-65.47500610351562, -14.97500228881836]}, "properties": {"precip_mm": 1.6}}, {"type": "Feature", "geometry": {"type": "Point", "coordinates": [-64.97500610351562, -14.97500228881836]}, "properties": {"precip_mm": 1.4}}, {"type": "Feature", "geometry": {"type": "Point", "coordinates": [-64.47500610351562, -14.97500228881836]}, "properties": {"precip_mm": 1.7}}, {"type": "Feature", "geometry": {"type": "Point", "coordinates": [-63.975006103515625, -14.97500228881836]}, "properties": {"precip_mm": 1.6}}, {"type": "Feature", "geometry": {"type": "Point", "coordinates": [-63.475006103515625, -14.97500228881836]}, "properties": {"precip_mm": 1.0}}, {"type": "Feature", "geometry": {"type": "Point", "coordinates": [-62.975006103515625, -14.97500228881836]}, "properties": {"precip_mm": 0.8}}, {"type": "Feature", "geometry": {"type": "Point", "coordinates": [-62.475006103515625, -14.97500228881836]}, "properties": {"precip_mm": 0.8}}, {"type": "Feature", "geometry": {"type": "Point", "coordinates": [-61.975006103515625, -14.97500228881836]}, "properties": {"precip_mm": 0.5}}, {"type": "Feature", "geometry": {"type": "Point", "coordinates": [-61.475006103515625, -14.97500228881836]}, "properties": {"precip_mm": 0.6}}, {"type": "Feature", "geometry": {"type": "Point", "coordinates": [-60.975006103515625, -14.97500228881836]}, "properties": {"precip_mm": 0.5}}, {"type": "Feature", "geometry": {"type": "Point", "coordinates": [-60.475006103515625, -14.97500228881836]}, "properties": {"precip_mm": 0.5}}, {"type": "Feature", "geometry": {"type": "Point", "coordinates": [-59.975006103515625, -14.97500228881836]}, "properties": {"precip_mm": 0.6}}, {"type": "Feature", "geometry": {"type": "Point", "coordinates": [-59.475006103515625, -14.97500228881836]}, "properties": {"precip_mm": 0.6}}, {"type": "Feature", "geometry": {"type": "Point", "coordinates": [-58.975006103515625, -14.97500228881836]}, "properties": {"precip_mm": 0.5}}, {"type": "Feature", "geometry": {"type": "Point", "coordinates": [-58.475006103515625, -14.97500228881836]}, "properties": {"precip_mm": 0.4}}, {"type": "Feature", "geometry": {"type": "Point", "coordinates": [-57.975006103515625, -14.97500228881836]}, "properties": {"precip_mm": 0.3}}, {"type": "Feature", "geometry": {"type": "Point", "coordinates": [-57.475006103515625, -14.97500228881836]}, "properties": {"precip_mm": 0.3}}, {"type": "Feature", "geometry": {"type": "Point", "coordinates": [-56.975006103515625, -14.97500228881836]}, "properties": {"precip_mm": 0.2}}, {"type": "Feature", "geometry": {"type": "Point", "coordinates": [-56.475006103515625, -14.97500228881836]}, "properties": {"precip_mm": 0.3}}, {"type": "Feature", "geometry": {"type": "Point", "coordinates": [-55.975006103515625, -14.97500228881836]}, "properties": {"precip_mm": 0.3}}, {"type": "Feature", "geometry": {"type": "Point", "coordinates": [-55.475006103515625, -14.97500228881836]}, "properties": {"precip_mm": 0.2}}, {"type": "Feature", "geometry": {"type": "Point", "coordinates": [-54.975006103515625, -14.97500228881836]}, "properties": {"precip_mm": 0.3}}, {"type": "Feature", "geometry": {"type": "Point", "coordinates": [-54.475006103515625, -14.97500228881836]}, "properties": {"precip_mm": 0.1}}, {"type": "Feature", "geometry": {"type": "Point", "coordinates": [-53.975006103515625, -14.97500228881836]}, "properties": {"precip_mm": 0.1}}, {"type": "Feature", "geometry": {"type": "Point", "coordinates": [-52.475006103515625, -14.97500228881836]}, "properties": {"precip_mm": 0.1}}, {"type": "Feature", "geometry": {"type": "Point", "coordinates": [-50.475006103515625, -14.97500228881836]}, "properties": {"precip_mm": 0.1}}, {"type": "Feature", "geometry": {"type": "Point", "coordinates": [-48.475006103515625, -14.97500228881836]}, "properties": {"precip_mm": 0.1}}, {"type": "Feature", "geometry": {"type": "Point", "coordinates": [-42.975006103515625, -14.97500228881836]}, "properties": {"precip_mm": 0.2}}, {"type": "Feature", "geometry": {"type": "Point", "coordinates": [-42.475006103515625, -14.97500228881836]}, "properties": {"precip_mm": 0.2}}, {"type": "Feature", "geometry": {"type": "Point", "coordinates": [-41.475006103515625, -14.97500228881836]}, "properties": {"precip_mm": 0.3}}, {"type": "Feature", "geometry": {"type": "Point", "coordinates": [-40.975006103515625, -14.97500228881836]}, "properties": {"precip_mm": 0.5}}, {"type": "Feature", "geometry": {"type": "Point", "coordinates": [-40.475006103515625, -14.97500228881836]}, "properties": {"precip_mm": 0.7}}, {"type": "Feature", "geometry": {"type": "Point", "coordinates": [-39.975006103515625, -14.97500228881836]}, "properties": {"precip_mm": 1.3}}, {"type": "Feature", "geometry": {"type": "Point", "coordinates": [-39.475006103515625, -14.97500228881836]}, "properties": {"precip_mm": 1.5}}, {"type": "Feature", "geometry": {"type": "Point", "coordinates": [-75.47500610351562, -14.47500228881836]}, "properties": {"precip_mm": 0.2}}, {"type": "Feature", "geometry": {"type": "Point", "coordinates": [-73.47500610351562, -14.47500228881836]}, "properties": {"precip_mm": 0.2}}, {"type": "Feature", "geometry": {"type": "Point", "coordinates": [-72.97500610351562, -14.47500228881836]}, "properties": {"precip_mm": 0.5}}, {"type": "Feature", "geometry": {"type": "Point", "coordinates": [-72.47500610351562, -14.47500228881836]}, "properties": {"precip_mm": 1.2}}, {"type": "Feature", "geometry": {"type": "Point", "coordinates": [-70.97500610351562, -14.47500228881836]}, "properties": {"precip_mm": 0.2}}, {"type": "Feature", "geometry": {"type": "Point", "coordinates": [-69.97500610351562, -14.47500228881836]}, "properties": {"precip_mm": 0.4}}, {"type": "Feature", "geometry": {"type": "Point", "coordinates": [-69.47500610351562, -14.47500228881836]}, "properties": {"precip_mm": 0.6}}, {"type": "Feature", "geometry": {"type": "Point", "coordinates": [-68.97500610351562, -14.47500228881836]}, "properties": {"precip_mm": 0.9}}, {"type": "Feature", "geometry": {"type": "Point", "coordinates": [-68.47500610351562, -14.47500228881836]}, "properties": {"precip_mm": 1.3}}, {"type": "Feature", "geometry": {"type": "Point", "coordinates": [-67.97500610351562, -14.47500228881836]}, "properties": {"precip_mm": 2.0}}, {"type": "Feature", "geometry": {"type": "Point", "coordinates": [-67.47500610351562, -14.47500228881836]}, "properties": {"precip_mm": 5.1}}, {"type": "Feature", "geometry": {"type": "Point", "coordinates": [-66.97500610351562, -14.47500228881836]}, "properties": {"precip_mm": 3.3}}, {"type": "Feature", "geometry": {"type": "Point", "coordinates": [-66.47500610351562, -14.47500228881836]}, "properties": {"precip_mm": 2.3}}, {"type": "Feature", "geometry": {"type": "Point", "coordinates": [-65.97500610351562, -14.47500228881836]}, "properties": {"precip_mm": 1.8}}, {"type": "Feature", "geometry": {"type": "Point", "coordinates": [-65.47500610351562, -14.47500228881836]}, "properties": {"precip_mm": 1.4}}, {"type": "Feature", "geometry": {"type": "Point", "coordinates": [-64.97500610351562, -14.47500228881836]}, "properties": {"precip_mm": 2.3}}, {"type": "Feature", "geometry": {"type": "Point", "coordinates": [-64.47500610351562, -14.47500228881836]}, "properties": {"precip_mm": 2.1}}, {"type": "Feature", "geometry": {"type": "Point", "coordinates": [-63.975006103515625, -14.47500228881836]}, "properties": {"precip_mm": 1.2}}, {"type": "Feature", "geometry": {"type": "Point", "coordinates": [-63.475006103515625, -14.47500228881836]}, "properties": {"precip_mm": 0.7}}, {"type": "Feature", "geometry": {"type": "Point", "coordinates": [-62.975006103515625, -14.47500228881836]}, "properties": {"precip_mm": 0.6}}, {"type": "Feature", "geometry": {"type": "Point", "coordinates": [-62.475006103515625, -14.47500228881836]}, "properties": {"precip_mm": 0.7}}, {"type": "Feature", "geometry": {"type": "Point", "coordinates": [-61.975006103515625, -14.47500228881836]}, "properties": {"precip_mm": 0.6}}, {"type": "Feature", "geometry": {"type": "Point", "coordinates": [-61.475006103515625, -14.47500228881836]}, "properties": {"precip_mm": 0.7}}, {"type": "Feature", "geometry": {"type": "Point", "coordinates": [-60.975006103515625, -14.47500228881836]}, "properties": {"precip_mm": 0.6}}, {"type": "Feature", "geometry": {"type": "Point", "coordinates": [-60.475006103515625, -14.47500228881836]}, "properties": {"precip_mm": 0.7}}, {"type": "Feature", "geometry": {"type": "Point", "coordinates": [-59.975006103515625, -14.47500228881836]}, "properties": {"precip_mm": 0.6}}, {"type": "Feature", "geometry": {"type": "Point", "coordinates": [-59.475006103515625, -14.47500228881836]}, "properties": {"precip_mm": 0.6}}, {"type": "Feature", "geometry": {"type": "Point", "coordinates": [-58.975006103515625, -14.47500228881836]}, "properties": {"precip_mm": 0.7}}, {"type": "Feature", "geometry": {"type": "Point", "coordinates": [-58.475006103515625, -14.47500228881836]}, "properties": {"precip_mm": 0.5}}, {"type": "Feature", "geometry": {"type": "Point", "coordinates": [-57.975006103515625, -14.47500228881836]}, "properties": {"precip_mm": 0.3}}, {"type": "Feature", "geometry": {"type": "Point", "coordinates": [-57.475006103515625, -14.47500228881836]}, "properties": {"precip_mm": 0.2}}, {"type": "Feature", "geometry": {"type": "Point", "coordinates": [-56.975006103515625, -14.47500228881836]}, "properties": {"precip_mm": 0.2}}, {"type": "Feature", "geometry": {"type": "Point", "coordinates": [-56.475006103515625, -14.47500228881836]}, "properties": {"precip_mm": 0.1}}, {"type": "Feature", "geometry": {"type": "Point", "coordinates": [-55.975006103515625, -14.47500228881836]}, "properties": {"precip_mm": 0.2}}, {"type": "Feature", "geometry": {"type": "Point", "coordinates": [-55.475006103515625, -14.47500228881836]}, "properties": {"precip_mm": 0.2}}, {"type": "Feature", "geometry": {"type": "Point", "coordinates": [-54.975006103515625, -14.47500228881836]}, "properties": {"precip_mm": 0.2}}, {"type": "Feature", "geometry": {"type": "Point", "coordinates": [-54.475006103515625, -14.47500228881836]}, "properties": {"precip_mm": 0.1}}, {"type": "Feature", "geometry": {"type": "Point", "coordinates": [-53.975006103515625, -14.47500228881836]}, "properties": {"precip_mm": 0.1}}, {"type": "Feature", "geometry": {"type": "Point", "coordinates": [-53.475006103515625, -14.47500228881836]}, "properties": {"precip_mm": 0.1}}, {"type": "Feature", "geometry": {"type": "Point", "coordinates": [-51.975006103515625, -14.47500228881836]}, "properties": {"precip_mm": 0.1}}, {"type": "Feature", "geometry": {"type": "Point", "coordinates": [-51.475006103515625, -14.47500228881836]}, "properties": {"precip_mm": 0.1}}, {"type": "Feature", "geometry": {"type": "Point", "coordinates": [-50.975006103515625, -14.47500228881836]}, "properties": {"precip_mm": 0.2}}, {"type": "Feature", "geometry": {"type": "Point", "coordinates": [-48.475006103515625, -14.47500228881836]}, "properties": {"precip_mm": 0.1}}, {"type": "Feature", "geometry": {"type": "Point", "coordinates": [-42.475006103515625, -14.47500228881836]}, "properties": {"precip_mm": 0.2}}, {"type": "Feature", "geometry": {"type": "Point", "coordinates": [-41.975006103515625, -14.47500228881836]}, "properties": {"precip_mm": 0.2}}, {"type": "Feature", "geometry": {"type": "Point", "coordinates": [-41.475006103515625, -14.47500228881836]}, "properties": {"precip_mm": 0.2}}, {"type": "Feature", "geometry": {"type": "Point", "coordinates": [-40.975006103515625, -14.47500228881836]}, "properties": {"precip_mm": 0.2}}, {"type": "Feature", "geometry": {"type": "Point", "coordinates": [-40.475006103515625, -14.47500228881836]}, "properties": {"precip_mm": 0.3}}, {"type": "Feature", "geometry": {"type": "Point", "coordinates": [-39.975006103515625, -14.47500228881836]}, "properties": {"precip_mm": 1.2}}, {"type": "Feature", "geometry": {"type": "Point", "coordinates": [-39.475006103515625, -14.47500228881836]}, "properties": {"precip_mm": 2.2}}, {"type": "Feature", "geometry": {"type": "Point", "coordinates": [-74.47500610351562, -13.97500228881836]}, "properties": {"precip_mm": 0.2}}, {"type": "Feature", "geometry": {"type": "Point", "coordinates": [-73.97500610351562, -13.97500228881836]}, "properties": {"precip_mm": 0.2}}, {"type": "Feature", "geometry": {"type": "Point", "coordinates": [-72.97500610351562, -13.97500228881836]}, "properties": {"precip_mm": 0.3}}, {"type": "Feature", "geometry": {"type": "Point", "coordinates": [-72.47500610351562, -13.97500228881836]}, "properties": {"precip_mm": 0.2}}, {"type": "Feature", "geometry": {"type": "Point", "coordinates": [-70.97500610351562, -13.97500228881836]}, "properties": {"precip_mm": 0.5}}, {"type": "Feature", "geometry": {"type": "Point", "coordinates": [-70.47500610351562, -13.97500228881836]}, "properties": {"precip_mm": 0.7}}, {"type": "Feature", "geometry": {"type": "Point", "coordinates": [-69.97500610351562, -13.97500228881836]}, "properties": {"precip_mm": 1.0}}, {"type": "Feature", "geometry": {"type": "Point", "coordinates": [-69.47500610351562, -13.97500228881836]}, "properties": {"precip_mm": 0.9}}, {"type": "Feature", "geometry": {"type": "Point", "coordinates": [-68.97500610351562, -13.97500228881836]}, "properties": {"precip_mm": 1.4}}, {"type": "Feature", "geometry": {"type": "Point", "coordinates": [-68.47500610351562, -13.97500228881836]}, "properties": {"precip_mm": 2.3}}, {"type": "Feature", "geometry": {"type": "Point", "coordinates": [-67.97500610351562, -13.97500228881836]}, "properties": {"precip_mm": 2.2}}, {"type": "Feature", "geometry": {"type": "Point", "coordinates": [-67.47500610351562, -13.97500228881836]}, "properties": {"precip_mm": 4.3}}, {"type": "Feature", "geometry": {"type": "Point", "coordinates": [-66.97500610351562, -13.97500228881836]}, "properties": {"precip_mm": 3.1}}, {"type": "Feature", "geometry": {"type": "Point", "coordinates": [-66.47500610351562, -13.97500228881836]}, "properties": {"precip_mm": 1.9}}, {"type": "Feature", "geometry": {"type": "Point", "coordinates": [-65.97500610351562, -13.97500228881836]}, "properties": {"precip_mm": 1.7}}, {"type": "Feature", "geometry": {"type": "Point", "coordinates": [-65.47500610351562, -13.97500228881836]}, "properties": {"precip_mm": 1.3}}, {"type": "Feature", "geometry": {"type": "Point", "coordinates": [-64.97500610351562, -13.97500228881836]}, "properties": {"precip_mm": 1.5}}, {"type": "Feature", "geometry": {"type": "Point", "coordinates": [-64.47500610351562, -13.97500228881836]}, "properties": {"precip_mm": 1.4}}, {"type": "Feature", "geometry": {"type": "Point", "coordinates": [-63.975006103515625, -13.97500228881836]}, "properties": {"precip_mm": 1.0}}, {"type": "Feature", "geometry": {"type": "Point", "coordinates": [-63.475006103515625, -13.97500228881836]}, "properties": {"precip_mm": 0.7}}, {"type": "Feature", "geometry": {"type": "Point", "coordinates": [-62.975006103515625, -13.97500228881836]}, "properties": {"precip_mm": 0.9}}, {"type": "Feature", "geometry": {"type": "Point", "coordinates": [-62.475006103515625, -13.97500228881836]}, "properties": {"precip_mm": 0.9}}, {"type": "Feature", "geometry": {"type": "Point", "coordinates": [-61.975006103515625, -13.97500228881836]}, "properties": {"precip_mm": 0.7}}, {"type": "Feature", "geometry": {"type": "Point", "coordinates": [-61.475006103515625, -13.97500228881836]}, "properties": {"precip_mm": 0.5}}, {"type": "Feature", "geometry": {"type": "Point", "coordinates": [-60.975006103515625, -13.97500228881836]}, "properties": {"precip_mm": 0.4}}, {"type": "Feature", "geometry": {"type": "Point", "coordinates": [-60.475006103515625, -13.97500228881836]}, "properties": {"precip_mm": 0.5}}, {"type": "Feature", "geometry": {"type": "Point", "coordinates": [-59.975006103515625, -13.97500228881836]}, "properties": {"precip_mm": 0.5}}, {"type": "Feature", "geometry": {"type": "Point", "coordinates": [-59.475006103515625, -13.97500228881836]}, "properties": {"precip_mm": 0.6}}, {"type": "Feature", "geometry": {"type": "Point", "coordinates": [-58.975006103515625, -13.97500228881836]}, "properties": {"precip_mm": 0.5}}, {"type": "Feature", "geometry": {"type": "Point", "coordinates": [-58.475006103515625, -13.97500228881836]}, "properties": {"precip_mm": 0.4}}, {"type": "Feature", "geometry": {"type": "Point", "coordinates": [-57.975006103515625, -13.97500228881836]}, "properties": {"precip_mm": 0.3}}, {"type": "Feature", "geometry": {"type": "Point", "coordinates": [-57.475006103515625, -13.97500228881836]}, "properties": {"precip_mm": 0.2}}, {"type": "Feature", "geometry": {"type": "Point", "coordinates": [-56.975006103515625, -13.97500228881836]}, "properties": {"precip_mm": 0.2}}, {"type": "Feature", "geometry": {"type": "Point", "coordinates": [-56.475006103515625, -13.97500228881836]}, "properties": {"precip_mm": 0.2}}, {"type": "Feature", "geometry": {"type": "Point", "coordinates": [-55.975006103515625, -13.97500228881836]}, "properties": {"precip_mm": 0.1}}, {"type": "Feature", "geometry": {"type": "Point", "coordinates": [-55.475006103515625, -13.97500228881836]}, "properties": {"precip_mm": 0.1}}, {"type": "Feature", "geometry": {"type": "Point", "coordinates": [-54.975006103515625, -13.97500228881836]}, "properties": {"precip_mm": 0.1}}, {"type": "Feature", "geometry": {"type": "Point", "coordinates": [-54.475006103515625, -13.97500228881836]}, "properties": {"precip_mm": 0.2}}, {"type": "Feature", "geometry": {"type": "Point", "coordinates": [-53.975006103515625, -13.97500228881836]}, "properties": {"precip_mm": 0.2}}, {"type": "Feature", "geometry": {"type": "Point", "coordinates": [-53.475006103515625, -13.97500228881836]}, "properties": {"precip_mm": 0.2}}, {"type": "Feature", "geometry": {"type": "Point", "coordinates": [-52.975006103515625, -13.97500228881836]}, "properties": {"precip_mm": 0.1}}, {"type": "Feature", "geometry": {"type": "Point", "coordinates": [-52.475006103515625, -13.97500228881836]}, "properties": {"precip_mm": 0.1}}, {"type": "Feature", "geometry": {"type": "Point", "coordinates": [-51.975006103515625, -13.97500228881836]}, "properties": {"precip_mm": 0.1}}, {"type": "Feature", "geometry": {"type": "Point", "coordinates": [-51.475006103515625, -13.97500228881836]}, "properties": {"precip_mm": 0.2}}, {"type": "Feature", "geometry": {"type": "Point", "coordinates": [-42.975006103515625, -13.97500228881836]}, "properties": {"precip_mm": 0.2}}, {"type": "Feature", "geometry": {"type": "Point", "coordinates": [-42.475006103515625, -13.97500228881836]}, "properties": {"precip_mm": 0.3}}, {"type": "Feature", "geometry": {"type": "Point", "coordinates": [-41.475006103515625, -13.97500228881836]}, "properties": {"precip_mm": 0.2}}, {"type": "Feature", "geometry": {"type": "Point", "coordinates": [-40.975006103515625, -13.97500228881836]}, "properties": {"precip_mm": 0.2}}, {"type": "Feature", "geometry": {"type": "Point", "coordinates": [-40.475006103515625, -13.97500228881836]}, "properties": {"precip_mm": 0.4}}, {"type": "Feature", "geometry": {"type": "Point", "coordinates": [-39.975006103515625, -13.97500228881836]}, "properties": {"precip_mm": 1.2}}, {"type": "Feature", "geometry": {"type": "Point", "coordinates": [-39.475006103515625, -13.97500228881836]}, "properties": {"precip_mm": 2.6}}, {"type": "Feature", "geometry": {"type": "Point", "coordinates": [-38.975006103515625, -13.97500228881836]}, "properties": {"precip_mm": 4.5}}, {"type": "Feature", "geometry": {"type": "Point", "coordinates": [-74.47500610351562, -13.47500228881836]}, "properties": {"precip_mm": 0.2}}, {"type": "Feature", "geometry": {"type": "Point", "coordinates": [-73.97500610351562, -13.47500228881836]}, "properties": {"precip_mm": 0.2}}, {"type": "Feature", "geometry": {"type": "Point", "coordinates": [-73.47500610351562, -13.47500228881836]}, "properties": {"precip_mm": 0.2}}, {"type": "Feature", "geometry": {"type": "Point", "coordinates": [-72.47500610351562, -13.47500228881836]}, "properties": {"precip_mm": 0.4}}, {"type": "Feature", "geometry": {"type": "Point", "coordinates": [-71.47500610351562, -13.47500228881836]}, "properties": {"precip_mm": 0.3}}, {"type": "Feature", "geometry": {"type": "Point", "coordinates": [-70.97500610351562, -13.47500228881836]}, "properties": {"precip_mm": 0.8}}, {"type": "Feature", "geometry": {"type": "Point", "coordinates": [-70.47500610351562, -13.47500228881836]}, "properties": {"precip_mm": 1.5}}, {"type": "Feature", "geometry": {"type": "Point", "coordinates": [-69.97500610351562, -13.47500228881836]}, "properties": {"precip_mm": 3.1}}, {"type": "Feature", "geometry": {"type": "Point", "coordinates": [-69.47500610351562, -13.47500228881836]}, "properties": {"precip_mm": 3.1}}, {"type": "Feature", "geometry": {"type": "Point", "coordinates": [-68.97500610351562, -13.47500228881836]}, "properties": {"precip_mm": 2.6}}, {"type": "Feature", "geometry": {"type": "Point", "coordinates": [-68.47500610351562, -13.47500228881836]}, "properties": {"precip_mm": 1.9}}, {"type": "Feature", "geometry": {"type": "Point", "coordinates": [-67.97500610351562, -13.47500228881836]}, "properties": {"precip_mm": 2.1}}, {"type": "Feature", "geometry": {"type": "Point", "coordinates": [-67.47500610351562, -13.47500228881836]}, "properties": {"precip_mm": 2.3}}, {"type": "Feature", "geometry": {"type": "Point", "coordinates": [-66.97500610351562, -13.47500228881836]}, "properties": {"precip_mm": 3.1}}, {"type": "Feature", "geometry": {"type": "Point", "coordinates": [-66.47500610351562, -13.47500228881836]}, "properties": {"precip_mm": 1.8}}, {"type": "Feature", "geometry": {"type": "Point", "coordinates": [-65.97500610351562, -13.47500228881836]}, "properties": {"precip_mm": 2.1}}, {"type": "Feature", "geometry": {"type": "Point", "coordinates": [-65.47500610351562, -13.47500228881836]}, "properties": {"precip_mm": 1.3}}, {"type": "Feature", "geometry": {"type": "Point", "coordinates": [-64.97500610351562, -13.47500228881836]}, "properties": {"precip_mm": 1.1}}, {"type": "Feature", "geometry": {"type": "Point", "coordinates": [-64.47500610351562, -13.47500228881836]}, "properties": {"precip_mm": 1.3}}, {"type": "Feature", "geometry": {"type": "Point", "coordinates": [-63.975006103515625, -13.47500228881836]}, "properties": {"precip_mm": 0.6}}, {"type": "Feature", "geometry": {"type": "Point", "coordinates": [-63.475006103515625, -13.47500228881836]}, "properties": {"precip_mm": 0.8}}, {"type": "Feature", "geometry": {"type": "Point", "coordinates": [-62.975006103515625, -13.47500228881836]}, "properties": {"precip_mm": 0.6}}, {"type": "Feature", "geometry": {"type": "Point", "coordinates": [-62.475006103515625, -13.47500228881836]}, "properties": {"precip_mm": 0.4}}, {"type": "Feature", "geometry": {"type": "Point", "coordinates": [-61.975006103515625, -13.47500228881836]}, "properties": {"precip_mm": 0.5}}, {"type": "Feature", "geometry": {"type": "Point", "coordinates": [-61.475006103515625, -13.47500228881836]}, "properties": {"precip_mm": 0.4}}, {"type": "Feature", "geometry": {"type": "Point", "coordinates": [-60.975006103515625, -13.47500228881836]}, "properties": {"precip_mm": 0.4}}, {"type": "Feature", "geometry": {"type": "Point", "coordinates": [-60.475006103515625, -13.47500228881836]}, "properties": {"precip_mm": 0.4}}, {"type": "Feature", "geometry": {"type": "Point", "coordinates": [-59.975006103515625, -13.47500228881836]}, "properties": {"precip_mm": 0.5}}, {"type": "Feature", "geometry": {"type": "Point", "coordinates": [-59.475006103515625, -13.47500228881836]}, "properties": {"precip_mm": 0.5}}, {"type": "Feature", "geometry": {"type": "Point", "coordinates": [-58.975006103515625, -13.47500228881836]}, "properties": {"precip_mm": 0.5}}, {"type": "Feature", "geometry": {"type": "Point", "coordinates": [-58.475006103515625, -13.47500228881836]}, "properties": {"precip_mm": 0.5}}, {"type": "Feature", "geometry": {"type": "Point", "coordinates": [-57.975006103515625, -13.47500228881836]}, "properties": {"precip_mm": 0.3}}, {"type": "Feature", "geometry": {"type": "Point", "coordinates": [-57.475006103515625, -13.47500228881836]}, "properties": {"precip_mm": 0.2}}, {"type": "Feature", "geometry": {"type": "Point", "coordinates": [-56.975006103515625, -13.47500228881836]}, "properties": {"precip_mm": 0.2}}, {"type": "Feature", "geometry": {"type": "Point", "coordinates": [-56.475006103515625, -13.47500228881836]}, "properties": {"precip_mm": 0.2}}, {"type": "Feature", "geometry": {"type": "Point", "coordinates": [-55.975006103515625, -13.47500228881836]}, "properties": {"precip_mm": 0.2}}, {"type": "Feature", "geometry": {"type": "Point", "coordinates": [-55.475006103515625, -13.47500228881836]}, "properties": {"precip_mm": 0.1}}, {"type": "Feature", "geometry": {"type": "Point", "coordinates": [-54.975006103515625, -13.47500228881836]}, "properties": {"precip_mm": 0.1}}, {"type": "Feature", "geometry": {"type": "Point", "coordinates": [-54.475006103515625, -13.47500228881836]}, "properties": {"precip_mm": 0.2}}, {"type": "Feature", "geometry": {"type": "Point", "coordinates": [-53.975006103515625, -13.47500228881836]}, "properties": {"precip_mm": 0.2}}, {"type": "Feature", "geometry": {"type": "Point", "coordinates": [-51.975006103515625, -13.47500228881836]}, "properties": {"precip_mm": 0.1}}, {"type": "Feature", "geometry": {"type": "Point", "coordinates": [-47.975006103515625, -13.47500228881836]}, "properties": {"precip_mm": 0.1}}, {"type": "Feature", "geometry": {"type": "Point", "coordinates": [-41.975006103515625, -13.47500228881836]}, "properties": {"precip_mm": 0.2}}, {"type": "Feature", "geometry": {"type": "Point", "coordinates": [-41.475006103515625, -13.47500228881836]}, "properties": {"precip_mm": 0.6}}, {"type": "Feature", "geometry": {"type": "Point", "coordinates": [-40.975006103515625, -13.47500228881836]}, "properties": {"precip_mm": 0.4}}, {"type": "Feature", "geometry": {"type": "Point", "coordinates": [-40.475006103515625, -13.47500228881836]}, "properties": {"precip_mm": 0.5}}, {"type": "Feature", "geometry": {"type": "Point", "coordinates": [-39.975006103515625, -13.47500228881836]}, "properties": {"precip_mm": 0.8}}, {"type": "Feature", "geometry": {"type": "Point", "coordinates": [-39.475006103515625, -13.47500228881836]}, "properties": {"precip_mm": 3.0}}, {"type": "Feature", "geometry": {"type": "Point", "coordinates": [-38.975006103515625, -13.47500228881836]}, "properties": {"precip_mm": 5.3}}, {"type": "Feature", "geometry": {"type": "Point", "coordinates": [-74.97500610351562, -12.97500228881836]}, "properties": {"precip_mm": 0.2}}, {"type": "Feature", "geometry": {"type": "Point", "coordinates": [-74.47500610351562, -12.97500228881836]}, "properties": {"precip_mm": 0.2}}, {"type": "Feature", "geometry": {"type": "Point", "coordinates": [-73.97500610351562, -12.97500228881836]}, "properties": {"precip_mm": 0.2}}, {"type": "Feature", "geometry": {"type": "Point", "coordinates": [-73.47500610351562, -12.97500228881836]}, "properties": {"precip_mm": 0.3}}, {"type": "Feature", "geometry": {"type": "Point", "coordinates": [-72.97500610351562, -12.97500228881836]}, "properties": {"precip_mm": 0.8}}, {"type": "Feature", "geometry": {"type": "Point", "coordinates": [-72.47500610351562, -12.97500228881836]}, "properties": {"precip_mm": 0.5}}, {"type": "Feature", "geometry": {"type": "Point", "coordinates": [-71.97500610351562, -12.97500228881836]}, "properties": {"precip_mm": 0.5}}, {"type": "Feature", "geometry": {"type": "Point", "coordinates": [-71.47500610351562, -12.97500228881836]}, "properties": {"precip_mm": 0.7}}, {"type": "Feature", "geometry": {"type": "Point", "coordinates": [-70.97500610351562, -12.97500228881836]}, "properties": {"precip_mm": 2.2}}, {"type": "Feature", "geometry": {"type": "Point", "coordinates": [-70.47500610351562, -12.97500228881836]}, "properties": {"precip_mm": 2.9}}, {"type": "Feature", "geometry": {"type": "Point", "coordinates": [-69.97500610351562, -12.97500228881836]}, "properties": {"precip_mm": 2.0}}, {"type": "Feature", "geometry": {"type": "Point", "coordinates": [-69.47500610351562, -12.97500228881836]}, "properties": {"precip_mm": 2.3}}, {"type": "Feature", "geometry": {"type": "Point", "coordinates": [-68.97500610351562, -12.97500228881836]}, "properties": {"precip_mm": 1.9}}, {"type": "Feature", "geometry": {"type": "Point", "coordinates": [-68.47500610351562, -12.97500228881836]}, "properties": {"precip_mm": 2.5}}, {"type": "Feature", "geometry": {"type": "Point", "coordinates": [-67.97500610351562, -12.97500228881836]}, "properties": {"precip_mm": 2.6}}, {"type": "Feature", "geometry": {"type": "Point", "coordinates": [-67.47500610351562, -12.97500228881836]}, "properties": {"precip_mm": 2.6}}, {"type": "Feature", "geometry": {"type": "Point", "coordinates": [-66.97500610351562, -12.97500228881836]}, "properties": {"precip_mm": 1.7}}, {"type": "Feature", "geometry": {"type": "Point", "coordinates": [-66.47500610351562, -12.97500228881836]}, "properties": {"precip_mm": 1.9}}, {"type": "Feature", "geometry": {"type": "Point", "coordinates": [-65.97500610351562, -12.97500228881836]}, "properties": {"precip_mm": 1.5}}, {"type": "Feature", "geometry": {"type": "Point", "coordinates": [-65.47500610351562, -12.97500228881836]}, "properties": {"precip_mm": 1.0}}, {"type": "Feature", "geometry": {"type": "Point", "coordinates": [-64.97500610351562, -12.97500228881836]}, "properties": {"precip_mm": 0.8}}, {"type": "Feature", "geometry": {"type": "Point", "coordinates": [-64.47500610351562, -12.97500228881836]}, "properties": {"precip_mm": 0.7}}, {"type": "Feature", "geometry": {"type": "Point", "coordinates": [-63.975006103515625, -12.97500228881836]}, "properties": {"precip_mm": 0.5}}, {"type": "Feature", "geometry": {"type": "Point", "coordinates": [-63.475006103515625, -12.97500228881836]}, "properties": {"precip_mm": 0.5}}, {"type": "Feature", "geometry": {"type": "Point", "coordinates": [-62.975006103515625, -12.97500228881836]}, "properties": {"precip_mm": 0.4}}, {"type": "Feature", "geometry": {"type": "Point", "coordinates": [-62.475006103515625, -12.97500228881836]}, "properties": {"precip_mm": 0.4}}, {"type": "Feature", "geometry": {"type": "Point", "coordinates": [-61.975006103515625, -12.97500228881836]}, "properties": {"precip_mm": 0.4}}, {"type": "Feature", "geometry": {"type": "Point", "coordinates": [-61.475006103515625, -12.97500228881836]}, "properties": {"precip_mm": 0.6}}, {"type": "Feature", "geometry": {"type": "Point", "coordinates": [-60.975006103515625, -12.97500228881836]}, "properties": {"precip_mm": 0.3}}, {"type": "Feature", "geometry": {"type": "Point", "coordinates": [-60.475006103515625, -12.97500228881836]}, "properties": {"precip_mm": 0.4}}, {"type": "Feature", "geometry": {"type": "Point", "coordinates": [-59.975006103515625, -12.97500228881836]}, "properties": {"precip_mm": 0.5}}, {"type": "Feature", "geometry": {"type": "Point", "coordinates": [-59.475006103515625, -12.97500228881836]}, "properties": {"precip_mm": 0.4}}, {"type": "Feature", "geometry": {"type": "Point", "coordinates": [-58.975006103515625, -12.97500228881836]}, "properties": {"precip_mm": 0.4}}, {"type": "Feature", "geometry": {"type": "Point", "coordinates": [-58.475006103515625, -12.97500228881836]}, "properties": {"precip_mm": 0.5}}, {"type": "Feature", "geometry": {"type": "Point", "coordinates": [-57.975006103515625, -12.97500228881836]}, "properties": {"precip_mm": 0.4}}, {"type": "Feature", "geometry": {"type": "Point", "coordinates": [-57.475006103515625, -12.97500228881836]}, "properties": {"precip_mm": 0.3}}, {"type": "Feature", "geometry": {"type": "Point", "coordinates": [-56.975006103515625, -12.97500228881836]}, "properties": {"precip_mm": 0.3}}, {"type": "Feature", "geometry": {"type": "Point", "coordinates": [-56.475006103515625, -12.97500228881836]}, "properties": {"precip_mm": 0.3}}, {"type": "Feature", "geometry": {"type": "Point", "coordinates": [-55.975006103515625, -12.97500228881836]}, "properties": {"precip_mm": 0.2}}, {"type": "Feature", "geometry": {"type": "Point", "coordinates": [-55.475006103515625, -12.97500228881836]}, "properties": {"precip_mm": 0.2}}, {"type": "Feature", "geometry": {"type": "Point", "coordinates": [-54.975006103515625, -12.97500228881836]}, "properties": {"precip_mm": 0.2}}, {"type": "Feature", "geometry": {"type": "Point", "coordinates": [-54.475006103515625, -12.97500228881836]}, "properties": {"precip_mm": 0.2}}, {"type": "Feature", "geometry": {"type": "Point", "coordinates": [-53.975006103515625, -12.97500228881836]}, "properties": {"precip_mm": 0.2}}, {"type": "Feature", "geometry": {"type": "Point", "coordinates": [-53.475006103515625, -12.97500228881836]}, "properties": {"precip_mm": 0.2}}, {"type": "Feature", "geometry": {"type": "Point", "coordinates": [-52.975006103515625, -12.97500228881836]}, "properties": {"precip_mm": 0.1}}, {"type": "Feature", "geometry": {"type": "Point", "coordinates": [-52.475006103515625, -12.97500228881836]}, "properties": {"precip_mm": 0.2}}, {"type": "Feature", "geometry": {"type": "Point", "coordinates": [-51.975006103515625, -12.97500228881836]}, "properties": {"precip_mm": 0.2}}, {"type": "Feature", "geometry": {"type": "Point", "coordinates": [-50.475006103515625, -12.97500228881836]}, "properties": {"precip_mm": 0.2}}, {"type": "Feature", "geometry": {"type": "Point", "coordinates": [-41.975006103515625, -12.97500228881836]}, "properties": {"precip_mm": 0.6}}, {"type": "Feature", "geometry": {"type": "Point", "coordinates": [-41.475006103515625, -12.97500228881836]}, "properties": {"precip_mm": 0.6}}, {"type": "Feature", "geometry": {"type": "Point", "coordinates": [-40.975006103515625, -12.97500228881836]}, "properties": {"precip_mm": 0.2}}, {"type": "Feature", "geometry": {"type": "Point", "coordinates": [-40.475006103515625, -12.97500228881836]}, "properties": {"precip_mm": 0.5}}, {"type": "Feature", "geometry": {"type": "Point", "coordinates": [-39.975006103515625, -12.97500228881836]}, "properties": {"precip_mm": 1.2}}, {"type": "Feature", "geometry": {"type": "Point", "coordinates": [-39.475006103515625, -12.97500228881836]}, "properties": {"precip_mm": 2.4}}, {"type": "Feature", "geometry": {"type": "Point", "coordinates": [-38.975006103515625, -12.97500228881836]}, "properties": {"precip_mm": 6.8}}, {"type": "Feature", "geometry": {"type": "Point", "coordinates": [-38.475006103515625, -12.97500228881836]}, "properties": {"precip_mm": 6.5}}, {"type": "Feature", "geometry": {"type": "Point", "coordinates": [-75.97500610351562, -12.47500228881836]}, "properties": {"precip_mm": 0.7}}, {"type": "Feature", "geometry": {"type": "Point", "coordinates": [-75.47500610351562, -12.47500228881836]}, "properties": {"precip_mm": 0.3}}, {"type": "Feature", "geometry": {"type": "Point", "coordinates": [-73.97500610351562, -12.47500228881836]}, "properties": {"precip_mm": 0.5}}, {"type": "Feature", "geometry": {"type": "Point", "coordinates": [-73.47500610351562, -12.47500228881836]}, "properties": {"precip_mm": 0.3}}, {"type": "Feature", "geometry": {"type": "Point", "coordinates": [-72.97500610351562, -12.47500228881836]}, "properties": {"precip_mm": 0.6}}, {"type": "Feature", "geometry": {"type": "Point", "coordinates": [-72.47500610351562, -12.47500228881836]}, "properties": {"precip_mm": 0.7}}, {"type": "Feature", "geometry": {"type": "Point", "coordinates": [-71.97500610351562, -12.47500228881836]}, "properties": {"precip_mm": 0.4}}, {"type": "Feature", "geometry": {"type": "Point", "coordinates": [-71.47500610351562, -12.47500228881836]}, "properties": {"precip_mm": 1.1}}, {"type": "Feature", "geometry": {"type": "Point", "coordinates": [-70.97500610351562, -12.47500228881836]}, "properties": {"precip_mm": 1.8}}, {"type": "Feature", "geometry": {"type": "Point", "coordinates": [-70.47500610351562, -12.47500228881836]}, "properties": {"precip_mm": 1.2}}, {"type": "Feature", "geometry": {"type": "Point", "coordinates": [-69.97500610351562, -12.47500228881836]}, "properties": {"precip_mm": 1.4}}, {"type": "Feature", "geometry": {"type": "Point", "coordinates": [-69.47500610351562, -12.47500228881836]}, "properties": {"precip_mm": 1.2}}, {"type": "Feature", "geometry": {"type": "Point", "coordinates": [-68.97500610351562, -12.47500228881836]}, "properties": {"precip_mm": 1.4}}, {"type": "Feature", "geometry": {"type": "Point", "coordinates": [-68.47500610351562, -12.47500228881836]}, "properties": {"precip_mm": 1.4}}, {"type": "Feature", "geometry": {"type": "Point", "coordinates": [-67.97500610351562, -12.47500228881836]}, "properties": {"precip_mm": 1.7}}, {"type": "Feature", "geometry": {"type": "Point", "coordinates": [-67.47500610351562, -12.47500228881836]}, "properties": {"precip_mm": 1.4}}, {"type": "Feature", "geometry": {"type": "Point", "coordinates": [-66.97500610351562, -12.47500228881836]}, "properties": {"precip_mm": 1.2}}, {"type": "Feature", "geometry": {"type": "Point", "coordinates": [-66.47500610351562, -12.47500228881836]}, "properties": {"precip_mm": 1.2}}, {"type": "Feature", "geometry": {"type": "Point", "coordinates": [-65.97500610351562, -12.47500228881836]}, "properties": {"precip_mm": 0.9}}, {"type": "Feature", "geometry": {"type": "Point", "coordinates": [-65.47500610351562, -12.47500228881836]}, "properties": {"precip_mm": 0.9}}, {"type": "Feature", "geometry": {"type": "Point", "coordinates": [-64.97500610351562, -12.47500228881836]}, "properties": {"precip_mm": 0.6}}, {"type": "Feature", "geometry": {"type": "Point", "coordinates": [-64.47500610351562, -12.47500228881836]}, "properties": {"precip_mm": 0.8}}, {"type": "Feature", "geometry": {"type": "Point", "coordinates": [-63.975006103515625, -12.47500228881836]}, "properties": {"precip_mm": 0.5}}, {"type": "Feature", "geometry": {"type": "Point", "coordinates": [-63.475006103515625, -12.47500228881836]}, "properties": {"precip_mm": 0.4}}, {"type": "Feature", "geometry": {"type": "Point", "coordinates": [-62.975006103515625, -12.47500228881836]}, "properties": {"precip_mm": 0.3}}, {"type": "Feature", "geometry": {"type": "Point", "coordinates": [-62.475006103515625, -12.47500228881836]}, "properties": {"precip_mm": 0.4}}, {"type": "Feature", "geometry": {"type": "Point", "coordinates": [-61.975006103515625, -12.47500228881836]}, "properties": {"precip_mm": 0.4}}, {"type": "Feature", "geometry": {"type": "Point", "coordinates": [-61.475006103515625, -12.47500228881836]}, "properties": {"precip_mm": 0.3}}, {"type": "Feature", "geometry": {"type": "Point", "coordinates": [-60.975006103515625, -12.47500228881836]}, "properties": {"precip_mm": 0.3}}, {"type": "Feature", "geometry": {"type": "Point", "coordinates": [-60.475006103515625, -12.47500228881836]}, "properties": {"precip_mm": 0.2}}, {"type": "Feature", "geometry": {"type": "Point", "coordinates": [-59.975006103515625, -12.47500228881836]}, "properties": {"precip_mm": 0.2}}, {"type": "Feature", "geometry": {"type": "Point", "coordinates": [-59.475006103515625, -12.47500228881836]}, "properties": {"precip_mm": 0.3}}, {"type": "Feature", "geometry": {"type": "Point", "coordinates": [-58.975006103515625, -12.47500228881836]}, "properties": {"precip_mm": 0.4}}, {"type": "Feature", "geometry": {"type": "Point", "coordinates": [-58.475006103515625, -12.47500228881836]}, "properties": {"precip_mm": 0.4}}, {"type": "Feature", "geometry": {"type": "Point", "coordinates": [-57.975006103515625, -12.47500228881836]}, "properties": {"precip_mm": 0.4}}, {"type": "Feature", "geometry": {"type": "Point", "coordinates": [-57.475006103515625, -12.47500228881836]}, "properties": {"precip_mm": 0.3}}, {"type": "Feature", "geometry": {"type": "Point", "coordinates": [-56.975006103515625, -12.47500228881836]}, "properties": {"precip_mm": 0.2}}, {"type": "Feature", "geometry": {"type": "Point", "coordinates": [-56.475006103515625, -12.47500228881836]}, "properties": {"precip_mm": 0.1}}, {"type": "Feature", "geometry": {"type": "Point", "coordinates": [-55.975006103515625, -12.47500228881836]}, "properties": {"precip_mm": 0.0}}, {"type": "Feature", "geometry": {"type": "Point", "coordinates": [-55.475006103515625, -12.47500228881836]}, "properties": {"precip_mm": 0.1}}, {"type": "Feature", "geometry": {"type": "Point", "coordinates": [-54.975006103515625, -12.47500228881836]}, "properties": {"precip_mm": 0.1}}, {"type": "Feature", "geometry": {"type": "Point", "coordinates": [-54.475006103515625, -12.47500228881836]}, "properties": {"precip_mm": 0.2}}, {"type": "Feature", "geometry": {"type": "Point", "coordinates": [-53.975006103515625, -12.47500228881836]}, "properties": {"precip_mm": 0.2}}, {"type": "Feature", "geometry": {"type": "Point", "coordinates": [-53.475006103515625, -12.47500228881836]}, "properties": {"precip_mm": 0.2}}, {"type": "Feature", "geometry": {"type": "Point", "coordinates": [-52.975006103515625, -12.47500228881836]}, "properties": {"precip_mm": 0.2}}, {"type": "Feature", "geometry": {"type": "Point", "coordinates": [-52.475006103515625, -12.47500228881836]}, "properties": {"precip_mm": 0.1}}, {"type": "Feature", "geometry": {"type": "Point", "coordinates": [-41.975006103515625, -12.47500228881836]}, "properties": {"precip_mm": 0.4}}, {"type": "Feature", "geometry": {"type": "Point", "coordinates": [-41.475006103515625, -12.47500228881836]}, "properties": {"precip_mm": 0.7}}, {"type": "Feature", "geometry": {"type": "Point", "coordinates": [-40.975006103515625, -12.47500228881836]}, "properties": {"precip_mm": 0.7}}, {"type": "Feature", "geometry": {"type": "Point", "coordinates": [-40.475006103515625, -12.47500228881836]}, "properties": {"precip_mm": 0.5}}, {"type": "Feature", "geometry": {"type": "Point", "coordinates": [-39.975006103515625, -12.47500228881836]}, "properties": {"precip_mm": 1.1}}, {"type": "Feature", "geometry": {"type": "Point", "coordinates": [-39.475006103515625, -12.47500228881836]}, "properties": {"precip_mm": 0.7}}, {"type": "Feature", "geometry": {"type": "Point", "coordinates": [-38.975006103515625, -12.47500228881836]}, "properties": {"precip_mm": 2.9}}, {"type": "Feature", "geometry": {"type": "Point", "coordinates": [-38.475006103515625, -12.47500228881836]}, "properties": {"precip_mm": 3.6}}, {"type": "Feature", "geometry": {"type": "Point", "coordinates": [-37.975006103515625, -12.47500228881836]}, "properties": {"precip_mm": 5.5}}, {"type": "Feature", "geometry": {"type": "Point", "coordinates": [-75.97500610351562, -11.97500228881836]}, "properties": {"precip_mm": 0.5}}, {"type": "Feature", "geometry": {"type": "Point", "coordinates": [-74.97500610351562, -11.97500228881836]}, "properties": {"precip_mm": 0.4}}, {"type": "Feature", "geometry": {"type": "Point", "coordinates": [-74.47500610351562, -11.97500228881836]}, "properties": {"precip_mm": 0.2}}, {"type": "Feature", "geometry": {"type": "Point", "coordinates": [-73.97500610351562, -11.97500228881836]}, "properties": {"precip_mm": 0.6}}, {"type": "Feature", "geometry": {"type": "Point", "coordinates": [-73.47500610351562, -11.97500228881836]}, "properties": {"precip_mm": 0.3}}, {"type": "Feature", "geometry": {"type": "Point", "coordinates": [-72.97500610351562, -11.97500228881836]}, "properties": {"precip_mm": 2.0}}, {"type": "Feature", "geometry": {"type": "Point", "coordinates": [-72.47500610351562, -11.97500228881836]}, "properties": {"precip_mm": 2.2}}, {"type": "Feature", "geometry": {"type": "Point", "coordinates": [-71.97500610351562, -11.97500228881836]}, "properties": {"precip_mm": 1.1}}, {"type": "Feature", "geometry": {"type": "Point", "coordinates": [-71.47500610351562, -11.97500228881836]}, "properties": {"precip_mm": 0.7}}, {"type": "Feature", "geometry": {"type": "Point", "coordinates": [-70.97500610351562, -11.97500228881836]}, "properties": {"precip_mm": 0.7}}, {"type": "Feature", "geometry": {"type": "Point", "coordinates": [-70.47500610351562, -11.97500228881836]}, "properties": {"precip_mm": 0.5}}, {"type": "Feature", "geometry": {"type": "Point", "coordinates": [-69.97500610351562, -11.97500228881836]}, "properties": {"precip_mm": 0.5}}, {"type": "Feature", "geometry": {"type": "Point", "coordinates": [-69.47500610351562, -11.97500228881836]}, "properties": {"precip_mm": 0.5}}, {"type": "Feature", "geometry": {"type": "Point", "coordinates": [-68.97500610351562, -11.97500228881836]}, "properties": {"precip_mm": 0.4}}, {"type": "Feature", "geometry": {"type": "Point", "coordinates": [-68.47500610351562, -11.97500228881836]}, "properties": {"precip_mm": 1.1}}, {"type": "Feature", "geometry": {"type": "Point", "coordinates": [-67.97500610351562, -11.97500228881836]}, "properties": {"precip_mm": 0.8}}, {"type": "Feature", "geometry": {"type": "Point", "coordinates": [-67.47500610351562, -11.97500228881836]}, "properties": {"precip_mm": 1.0}}, {"type": "Feature", "geometry": {"type": "Point", "coordinates": [-66.97500610351562, -11.97500228881836]}, "properties": {"precip_mm": 0.7}}, {"type": "Feature", "geometry": {"type": "Point", "coordinates": [-66.47500610351562, -11.97500228881836]}, "properties": {"precip_mm": 1.0}}, {"type": "Feature", "geometry": {"type": "Point", "coordinates": [-65.97500610351562, -11.97500228881836]}, "properties": {"precip_mm": 0.8}}, {"type": "Feature", "geometry": {"type": "Point", "coordinates": [-65.47500610351562, -11.97500228881836]}, "properties": {"precip_mm": 0.7}}, {"type": "Feature", "geometry": {"type": "Point", "coordinates": [-64.97500610351562, -11.97500228881836]}, "properties": {"precip_mm": 0.5}}, {"type": "Feature", "geometry": {"type": "Point", "coordinates": [-64.47500610351562, -11.97500228881836]}, "properties": {"precip_mm": 0.6}}, {"type": "Feature", "geometry": {"type": "Point", "coordinates": [-63.975006103515625, -11.97500228881836]}, "properties": {"precip_mm": 0.5}}, {"type": "Feature", "geometry": {"type": "Point", "coordinates": [-63.475006103515625, -11.97500228881836]}, "properties": {"precip_mm": 0.5}}, {"type": "Feature", "geometry": {"type": "Point", "coordinates": [-62.975006103515625, -11.97500228881836]}, "properties": {"precip_mm": 0.6}}, {"type": "Feature", "geometry": {"type": "Point", "coordinates": [-62.475006103515625, -11.97500228881836]}, "properties": {"precip_mm": 0.4}}, {"type": "Feature", "geometry": {"type": "Point", "coordinates": [-61.975006103515625, -11.97500228881836]}, "properties": {"precip_mm": 0.3}}, {"type": "Feature", "geometry": {"type": "Point", "coordinates": [-61.475006103515625, -11.97500228881836]}, "properties": {"precip_mm": 0.2}}, {"type": "Feature", "geometry": {"type": "Point", "coordinates": [-60.975006103515625, -11.97500228881836]}, "properties": {"precip_mm": 0.2}}, {"type": "Feature", "geometry": {"type": "Point", "coordinates": [-60.475006103515625, -11.97500228881836]}, "properties": {"precip_mm": 0.2}}, {"type": "Feature", "geometry": {"type": "Point", "coordinates": [-59.975006103515625, -11.97500228881836]}, "properties": {"precip_mm": 0.2}}, {"type": "Feature", "geometry": {"type": "Point", "coordinates": [-59.475006103515625, -11.97500228881836]}, "properties": {"precip_mm": 0.3}}, {"type": "Feature", "geometry": {"type": "Point", "coordinates": [-58.975006103515625, -11.97500228881836]}, "properties": {"precip_mm": 0.3}}, {"type": "Feature", "geometry": {"type": "Point", "coordinates": [-58.475006103515625, -11.97500228881836]}, "properties": {"precip_mm": 0.3}}, {"type": "Feature", "geometry": {"type": "Point", "coordinates": [-57.975006103515625, -11.97500228881836]}, "properties": {"precip_mm": 0.2}}, {"type": "Feature", "geometry": {"type": "Point", "coordinates": [-57.475006103515625, -11.97500228881836]}, "properties": {"precip_mm": 0.2}}, {"type": "Feature", "geometry": {"type": "Point", "coordinates": [-56.975006103515625, -11.97500228881836]}, "properties": {"precip_mm": 0.1}}, {"type": "Feature", "geometry": {"type": "Point", "coordinates": [-55.975006103515625, -11.97500228881836]}, "properties": {"precip_mm": 0.1}}, {"type": "Feature", "geometry": {"type": "Point", "coordinates": [-55.475006103515625, -11.97500228881836]}, "properties": {"precip_mm": 0.2}}, {"type": "Feature", "geometry": {"type": "Point", "coordinates": [-54.975006103515625, -11.97500228881836]}, "properties": {"precip_mm": 0.2}}, {"type": "Feature", "geometry": {"type": "Point", "coordinates": [-54.475006103515625, -11.97500228881836]}, "properties": {"precip_mm": 0.2}}, {"type": "Feature", "geometry": {"type": "Point", "coordinates": [-53.975006103515625, -11.97500228881836]}, "properties": {"precip_mm": 0.2}}, {"type": "Feature", "geometry": {"type": "Point", "coordinates": [-53.475006103515625, -11.97500228881836]}, "properties": {"precip_mm": 0.3}}, {"type": "Feature", "geometry": {"type": "Point", "coordinates": [-52.975006103515625, -11.97500228881836]}, "properties": {"precip_mm": 0.2}}, {"type": "Feature", "geometry": {"type": "Point", "coordinates": [-51.975006103515625, -11.97500228881836]}, "properties": {"precip_mm": 0.1}}, {"type": "Feature", "geometry": {"type": "Point", "coordinates": [-41.975006103515625, -11.97500228881836]}, "properties": {"precip_mm": 0.5}}, {"type": "Feature", "geometry": {"type": "Point", "coordinates": [-41.475006103515625, -11.97500228881836]}, "properties": {"precip_mm": 0.8}}, {"type": "Feature", "geometry": {"type": "Point", "coordinates": [-40.975006103515625, -11.97500228881836]}, "properties": {"precip_mm": 0.7}}, {"type": "Feature", "geometry": {"type": "Point", "coordinates": [-40.475006103515625, -11.97500228881836]}, "properties": {"precip_mm": 1.4}}, {"type": "Feature", "geometry": {"type": "Point", "coordinates": [-39.975006103515625, -11.97500228881836]}, "properties": {"precip_mm": 0.5}}, {"type": "Feature", "geometry": {"type": "Point", "coordinates": [-39.475006103515625, -11.97500228881836]}, "properties": {"precip_mm": 0.5}}, {"type": "Feature", "geometry": {"type": "Point", "coordinates": [-38.975006103515625, -11.97500228881836]}, "properties": {"precip_mm": 1.8}}, {"type": "Feature", "geometry": {"type": "Point", "coordinates": [-38.475006103515625, -11.97500228881836]}, "properties": {"precip_mm": 2.7}}, {"type": "Feature", "geometry": {"type": "Point", "coordinates": [-37.975006103515625, -11.97500228881836]}, "properties": {"precip_mm": 4.0}}, {"type": "Feature", "geometry": {"type": "Point", "coordinates": [-76.47500610351562, -11.47500228881836]}, "properties": {"precip_mm": 0.2}}, {"type": "Feature", "geometry": {"type": "Point", "coordinates": [-75.97500610351562, -11.47500228881836]}, "properties": {"precip_mm": 0.2}}, {"type": "Feature", "geometry": {"type": "Point", "coordinates": [-75.47500610351562, -11.47500228881836]}, "properties": {"precip_mm": 0.2}}, {"type": "Feature", "geometry": {"type": "Point", "coordinates": [-74.97500610351562, -11.47500228881836]}, "properties": {"precip_mm": 0.5}}, {"type": "Feature", "geometry": {"type": "Point", "coordinates": [-74.47500610351562, -11.47500228881836]}, "properties": {"precip_mm": 0.8}}, {"type": "Feature", "geometry": {"type": "Point", "coordinates": [-73.97500610351562, -11.47500228881836]}, "properties": {"precip_mm": 0.5}}, {"type": "Feature", "geometry": {"type": "Point", "coordinates": [-73.47500610351562, -11.47500228881836]}, "properties": {"precip_mm": 1.6}}, {"type": "Feature", "geometry": {"type": "Point", "coordinates": [-72.97500610351562, -11.47500228881836]}, "properties": {"precip_mm": 2.5}}, {"type": "Feature", "geometry": {"type": "Point", "coordinates": [-72.47500610351562, -11.47500228881836]}, "properties": {"precip_mm": 1.6}}, {"type": "Feature", "geometry": {"type": "Point", "coordinates": [-71.97500610351562, -11.47500228881836]}, "properties": {"precip_mm": 0.9}}, {"type": "Feature", "geometry": {"type": "Point", "coordinates": [-71.47500610351562, -11.47500228881836]}, "properties": {"precip_mm": 0.8}}, {"type": "Feature", "geometry": {"type": "Point", "coordinates": [-70.97500610351562, -11.47500228881836]}, "properties": {"precip_mm": 0.7}}, {"type": "Feature", "geometry": {"type": "Point", "coordinates": [-70.47500610351562, -11.47500228881836]}, "properties": {"precip_mm": 0.5}}, {"type": "Feature", "geometry": {"type": "Point", "coordinates": [-69.97500610351562, -11.47500228881836]}, "properties": {"precip_mm": 0.5}}, {"type": "Feature", "geometry": {"type": "Point", "coordinates": [-69.47500610351562, -11.47500228881836]}, "properties": {"precip_mm": 0.5}}, {"type": "Feature", "geometry": {"type": "Point", "coordinates": [-68.97500610351562, -11.47500228881836]}, "properties": {"precip_mm": 0.6}}, {"type": "Feature", "geometry": {"type": "Point", "coordinates": [-68.47500610351562, -11.47500228881836]}, "properties": {"precip_mm": 0.6}}, {"type": "Feature", "geometry": {"type": "Point", "coordinates": [-67.97500610351562, -11.47500228881836]}, "properties": {"precip_mm": 0.7}}, {"type": "Feature", "geometry": {"type": "Point", "coordinates": [-67.47500610351562, -11.47500228881836]}, "properties": {"precip_mm": 0.9}}, {"type": "Feature", "geometry": {"type": "Point", "coordinates": [-66.97500610351562, -11.47500228881836]}, "properties": {"precip_mm": 0.7}}, {"type": "Feature", "geometry": {"type": "Point", "coordinates": [-66.47500610351562, -11.47500228881836]}, "properties": {"precip_mm": 0.7}}, {"type": "Feature", "geometry": {"type": "Point", "coordinates": [-65.97500610351562, -11.47500228881836]}, "properties": {"precip_mm": 1.2}}, {"type": "Feature", "geometry": {"type": "Point", "coordinates": [-65.47500610351562, -11.47500228881836]}, "properties": {"precip_mm": 0.8}}, {"type": "Feature", "geometry": {"type": "Point", "coordinates": [-64.97500610351562, -11.47500228881836]}, "properties": {"precip_mm": 0.8}}, {"type": "Feature", "geometry": {"type": "Point", "coordinates": [-64.47500610351562, -11.47500228881836]}, "properties": {"precip_mm": 0.7}}, {"type": "Feature", "geometry": {"type": "Point", "coordinates": [-63.975006103515625, -11.47500228881836]}, "properties": {"precip_mm": 0.7}}, {"type": "Feature", "geometry": {"type": "Point", "coordinates": [-63.475006103515625, -11.47500228881836]}, "properties": {"precip_mm": 0.4}}, {"type": "Feature", "geometry": {"type": "Point", "coordinates": [-62.975006103515625, -11.47500228881836]}, "properties": {"precip_mm": 0.4}}, {"type": "Feature", "geometry": {"type": "Point", "coordinates": [-62.475006103515625, -11.47500228881836]}, "properties": {"precip_mm": 0.4}}, {"type": "Feature", "geometry": {"type": "Point", "coordinates": [-61.975006103515625, -11.47500228881836]}, "properties": {"precip_mm": 0.2}}, {"type": "Feature", "geometry": {"type": "Point", "coordinates": [-61.475006103515625, -11.47500228881836]}, "properties": {"precip_mm": 0.2}}, {"type": "Feature", "geometry": {"type": "Point", "coordinates": [-60.975006103515625, -11.47500228881836]}, "properties": {"precip_mm": 0.2}}, {"type": "Feature", "geometry": {"type": "Point", "coordinates": [-60.475006103515625, -11.47500228881836]}, "properties": {"precip_mm": 0.3}}, {"type": "Feature", "geometry": {"type": "Point", "coordinates": [-59.975006103515625, -11.47500228881836]}, "properties": {"precip_mm": 0.2}}, {"type": "Feature", "geometry": {"type": "Point", "coordinates": [-59.475006103515625, -11.47500228881836]}, "properties": {"precip_mm": 0.2}}, {"type": "Feature", "geometry": {"type": "Point", "coordinates": [-58.975006103515625, -11.47500228881836]}, "properties": {"precip_mm": 0.2}}, {"type": "Feature", "geometry": {"type": "Point", "coordinates": [-58.475006103515625, -11.47500228881836]}, "properties": {"precip_mm": 0.2}}, {"type": "Feature", "geometry": {"type": "Point", "coordinates": [-57.975006103515625, -11.47500228881836]}, "properties": {"precip_mm": 0.2}}, {"type": "Feature", "geometry": {"type": "Point", "coordinates": [-57.475006103515625, -11.47500228881836]}, "properties": {"precip_mm": 0.2}}, {"type": "Feature", "geometry": {"type": "Point", "coordinates": [-56.975006103515625, -11.47500228881836]}, "properties": {"precip_mm": 0.1}}, {"type": "Feature", "geometry": {"type": "Point", "coordinates": [-56.475006103515625, -11.47500228881836]}, "properties": {"precip_mm": 0.1}}, {"type": "Feature", "geometry": {"type": "Point", "coordinates": [-55.975006103515625, -11.47500228881836]}, "properties": {"precip_mm": 0.2}}, {"type": "Feature", "geometry": {"type": "Point", "coordinates": [-55.475006103515625, -11.47500228881836]}, "properties": {"precip_mm": 0.2}}, {"type": "Feature", "geometry": {"type": "Point", "coordinates": [-54.975006103515625, -11.47500228881836]}, "properties": {"precip_mm": 0.3}}, {"type": "Feature", "geometry": {"type": "Point", "coordinates": [-54.475006103515625, -11.47500228881836]}, "properties": {"precip_mm": 0.3}}, {"type": "Feature", "geometry": {"type": "Point", "coordinates": [-53.975006103515625, -11.47500228881836]}, "properties": {"precip_mm": 0.3}}, {"type": "Feature", "geometry": {"type": "Point", "coordinates": [-53.475006103515625, -11.47500228881836]}, "properties": {"precip_mm": 0.2}}, {"type": "Feature", "geometry": {"type": "Point", "coordinates": [-52.975006103515625, -11.47500228881836]}, "properties": {"precip_mm": 0.2}}, {"type": "Feature", "geometry": {"type": "Point", "coordinates": [-42.475006103515625, -11.47500228881836]}, "properties": {"precip_mm": 0.2}}, {"type": "Feature", "geometry": {"type": "Point", "coordinates": [-41.475006103515625, -11.47500228881836]}, "properties": {"precip_mm": 0.3}}, {"type": "Feature", "geometry": {"type": "Point", "coordinates": [-40.975006103515625, -11.47500228881836]}, "properties": {"precip_mm": 0.7}}, {"type": "Feature", "geometry": {"type": "Point", "coordinates": [-40.475006103515625, -11.47500228881836]}, "properties": {"precip_mm": 1.1}}, {"type": "Feature", "geometry": {"type": "Point", "coordinates": [-39.975006103515625, -11.47500228881836]}, "properties": {"precip_mm": 0.9}}, {"type": "Feature", "geometry": {"type": "Point", "coordinates": [-39.475006103515625, -11.47500228881836]}, "properties": {"precip_mm": 0.6}}, {"type": "Feature", "geometry": {"type": "Point", "coordinates": [-38.975006103515625, -11.47500228881836]}, "properties": {"precip_mm": 1.1}}, {"type": "Feature", "geometry": {"type": "Point", "coordinates": [-38.475006103515625, -11.47500228881836]}, "properties": {"precip_mm": 1.6}}, {"type": "Feature", "geometry": {"type": "Point", "coordinates": [-37.975006103515625, -11.47500228881836]}, "properties": {"precip_mm": 2.4}}, {"type": "Feature", "geometry": {"type": "Point", "coordinates": [-37.475006103515625, -11.47500228881836]}, "properties": {"precip_mm": 4.1}}, {"type": "Feature", "geometry": {"type": "Point", "coordinates": [-76.47500610351562, -10.97500228881836]}, "properties": {"precip_mm": 0.2}}, {"type": "Feature", "geometry": {"type": "Point", "coordinates": [-75.97500610351562, -10.97500228881836]}, "properties": {"precip_mm": 0.6}}, {"type": "Feature", "geometry": {"type": "Point", "coordinates": [-75.47500610351562, -10.97500228881836]}, "properties": {"precip_mm": 0.7}}, {"type": "Feature", "geometry": {"type": "Point", "coordinates": [-74.97500610351562, -10.97500228881836]}, "properties": {"precip_mm": 1.0}}, {"type": "Feature", "geometry": {"type": "Point", "coordinates": [-74.47500610351562, -10.97500228881836]}, "properties": {"precip_mm": 0.8}}, {"type": "Feature", "geometry": {"type": "Point", "coordinates": [-73.97500610351562, -10.97500228881836]}, "properties": {"precip_mm": 0.8}}, {"type": "Feature", "geometry": {"type": "Point", "coordinates": [-73.47500610351562, -10.97500228881836]}, "properties": {"precip_mm": 1.4}}, {"type": "Feature", "geometry": {"type": "Point", "coordinates": [-72.97500610351562, -10.97500228881836]}, "properties": {"precip_mm": 1.5}}, {"type": "Feature", "geometry": {"type": "Point", "coordinates": [-72.47500610351562, -10.97500228881836]}, "properties": {"precip_mm": 1.0}}, {"type": "Feature", "geometry": {"type": "Point", "coordinates": [-71.97500610351562, -10.97500228881836]}, "properties": {"precip_mm": 1.4}}, {"type": "Feature", "geometry": {"type": "Point", "coordinates": [-71.47500610351562, -10.97500228881836]}, "properties": {"precip_mm": 1.1}}, {"type": "Feature", "geometry": {"type": "Point", "coordinates": [-70.97500610351562, -10.97500228881836]}, "properties": {"precip_mm": 0.8}}, {"type": "Feature", "geometry": {"type": "Point", "coordinates": [-70.47500610351562, -10.97500228881836]}, "properties": {"precip_mm": 0.6}}, {"type": "Feature", "geometry": {"type": "Point", "coordinates": [-69.97500610351562, -10.97500228881836]}, "properties": {"precip_mm": 0.7}}, {"type": "Feature", "geometry": {"type": "Point", "coordinates": [-69.47500610351562, -10.97500228881836]}, "properties": {"precip_mm": 0.7}}, {"type": "Feature", "geometry": {"type": "Point", "coordinates": [-68.97500610351562, -10.97500228881836]}, "properties": {"precip_mm": 0.5}}, {"type": "Feature", "geometry": {"type": "Point", "coordinates": [-68.47500610351562, -10.97500228881836]}, "properties": {"precip_mm": 0.7}}, {"type": "Feature", "geometry": {"type": "Point", "coordinates": [-67.97500610351562, -10.97500228881836]}, "properties": {"precip_mm": 0.9}}, {"type": "Feature", "geometry": {"type": "Point", "coordinates": [-67.47500610351562, -10.97500228881836]}, "properties": {"precip_mm": 0.7}}, {"type": "Feature", "geometry": {"type": "Point", "coordinates": [-66.97500610351562, -10.97500228881836]}, "properties": {"precip_mm": 0.5}}, {"type": "Feature", "geometry": {"type": "Point", "coordinates": [-66.47500610351562, -10.97500228881836]}, "properties": {"precip_mm": 1.6}}, {"type": "Feature", "geometry": {"type": "Point", "coordinates": [-65.97500610351562, -10.97500228881836]}, "properties": {"precip_mm": 1.0}}, {"type": "Feature", "geometry": {"type": "Point", "coordinates": [-65.47500610351562, -10.97500228881836]}, "properties": {"precip_mm": 0.9}}, {"type": "Feature", "geometry": {"type": "Point", "coordinates": [-64.97500610351562, -10.97500228881836]}, "properties": {"precip_mm": 0.6}}, {"type": "Feature", "geometry": {"type": "Point", "coordinates": [-64.47500610351562, -10.97500228881836]}, "properties": {"precip_mm": 0.5}}, {"type": "Feature", "geometry": {"type": "Point", "coordinates": [-63.975006103515625, -10.97500228881836]}, "properties": {"precip_mm": 1.4}}, {"type": "Feature", "geometry": {"type": "Point", "coordinates": [-63.475006103515625, -10.97500228881836]}, "properties": {"precip_mm": 0.8}}, {"type": "Feature", "geometry": {"type": "Point", "coordinates": [-62.975006103515625, -10.97500228881836]}, "properties": {"precip_mm": 0.4}}, {"type": "Feature", "geometry": {"type": "Point", "coordinates": [-62.475006103515625, -10.97500228881836]}, "properties": {"precip_mm": 0.4}}, {"type": "Feature", "geometry": {"type": "Point", "coordinates": [-61.975006103515625, -10.97500228881836]}, "properties": {"precip_mm": 0.3}}, {"type": "Feature", "geometry": {"type": "Point", "coordinates": [-61.475006103515625, -10.97500228881836]}, "properties": {"precip_mm": 0.2}}, {"type": "Feature", "geometry": {"type": "Point", "coordinates": [-60.975006103515625, -10.97500228881836]}, "properties": {"precip_mm": 0.2}}, {"type": "Feature", "geometry": {"type": "Point", "coordinates": [-60.475006103515625, -10.97500228881836]}, "properties": {"precip_mm": 0.2}}, {"type": "Feature", "geometry": {"type": "Point", "coordinates": [-59.975006103515625, -10.97500228881836]}, "properties": {"precip_mm": 0.2}}, {"type": "Feature", "geometry": {"type": "Point", "coordinates": [-59.475006103515625, -10.97500228881836]}, "properties": {"precip_mm": 0.2}}, {"type": "Feature", "geometry": {"type": "Point", "coordinates": [-58.975006103515625, -10.97500228881836]}, "properties": {"precip_mm": 0.4}}, {"type": "Feature", "geometry": {"type": "Point", "coordinates": [-58.475006103515625, -10.97500228881836]}, "properties": {"precip_mm": 0.2}}, {"type": "Feature", "geometry": {"type": "Point", "coordinates": [-57.975006103515625, -10.97500228881836]}, "properties": {"precip_mm": 0.2}}, {"type": "Feature", "geometry": {"type": "Point", "coordinates": [-57.475006103515625, -10.97500228881836]}, "properties": {"precip_mm": 0.2}}, {"type": "Feature", "geometry": {"type": "Point", "coordinates": [-56.975006103515625, -10.97500228881836]}, "properties": {"precip_mm": 0.1}}, {"type": "Feature", "geometry": {"type": "Point", "coordinates": [-56.475006103515625, -10.97500228881836]}, "properties": {"precip_mm": 0.2}}, {"type": "Feature", "geometry": {"type": "Point", "coordinates": [-55.975006103515625, -10.97500228881836]}, "properties": {"precip_mm": 0.2}}, {"type": "Feature", "geometry": {"type": "Point", "coordinates": [-55.475006103515625, -10.97500228881836]}, "properties": {"precip_mm": 0.5}}, {"type": "Feature", "geometry": {"type": "Point", "coordinates": [-54.975006103515625, -10.97500228881836]}, "properties": {"precip_mm": 0.2}}, {"type": "Feature", "geometry": {"type": "Point", "coordinates": [-53.475006103515625, -10.97500228881836]}, "properties": {"precip_mm": 0.1}}, {"type": "Feature", "geometry": {"type": "Point", "coordinates": [-52.975006103515625, -10.97500228881836]}, "properties": {"precip_mm": 0.1}}, {"type": "Feature", "geometry": {"type": "Point", "coordinates": [-52.475006103515625, -10.97500228881836]}, "properties": {"precip_mm": 0.1}}, {"type": "Feature", "geometry": {"type": "Point", "coordinates": [-40.975006103515625, -10.97500228881836]}, "properties": {"precip_mm": 0.2}}, {"type": "Feature", "geometry": {"type": "Point", "coordinates": [-40.475006103515625, -10.97500228881836]}, "properties": {"precip_mm": 0.8}}, {"type": "Feature", "geometry": {"type": "Point", "coordinates": [-39.975006103515625, -10.97500228881836]}, "properties": {"precip_mm": 0.5}}, {"type": "Feature", "geometry": {"type": "Point", "coordinates": [-39.475006103515625, -10.97500228881836]}, "properties": {"precip_mm": 0.5}}, {"type": "Feature", "geometry": {"type": "Point", "coordinates": [-38.975006103515625, -10.97500228881836]}, "properties": {"precip_mm": 0.5}}, {"type": "Feature", "geometry": {"type": "Point", "coordinates": [-38.475006103515625, -10.97500228881836]}, "properties": {"precip_mm": 0.8}}, {"type": "Feature", "geometry": {"type": "Point", "coordinates": [-37.975006103515625, -10.97500228881836]}, "properties": {"precip_mm": 1.1}}, {"type": "Feature", "geometry": {"type": "Point", "coordinates": [-37.475006103515625, -10.97500228881836]}, "properties": {"precip_mm": 3.0}}, {"type": "Feature", "geometry": {"type": "Point", "coordinates": [-76.47500610351562, -10.47500228881836]}, "properties": {"precip_mm": 0.2}}, {"type": "Feature", "geometry": {"type": "Point", "coordinates": [-75.97500610351562, -10.47500228881836]}, "properties": {"precip_mm": 0.5}}, {"type": "Feature", "geometry": {"type": "Point", "coordinates": [-75.47500610351562, -10.47500228881836]}, "properties": {"precip_mm": 1.0}}, {"type": "Feature", "geometry": {"type": "Point", "coordinates": [-74.97500610351562, -10.47500228881836]}, "properties": {"precip_mm": 2.6}}, {"type": "Feature", "geometry": {"type": "Point", "coordinates": [-74.47500610351562, -10.47500228881836]}, "properties": {"precip_mm": 1.1}}, {"type": "Feature", "geometry": {"type": "Point", "coordinates": [-73.97500610351562, -10.47500228881836]}, "properties": {"precip_mm": 1.3}}, {"type": "Feature", "geometry": {"type": "Point", "coordinates": [-73.47500610351562, -10.47500228881836]}, "properties": {"precip_mm": 1.2}}, {"type": "Feature", "geometry": {"type": "Point", "coordinates": [-72.97500610351562, -10.47500228881836]}, "properties": {"precip_mm": 1.0}}, {"type": "Feature", "geometry": {"type": "Point", "coordinates": [-72.47500610351562, -10.47500228881836]}, "properties": {"precip_mm": 0.8}}, {"type": "Feature", "geometry": {"type": "Point", "coordinates": [-71.97500610351562, -10.47500228881836]}, "properties": {"precip_mm": 0.8}}, {"type": "Feature", "geometry": {"type": "Point", "coordinates": [-71.47500610351562, -10.47500228881836]}, "properties": {"precip_mm": 1.3}}, {"type": "Feature", "geometry": {"type": "Point", "coordinates": [-70.97500610351562, -10.47500228881836]}, "properties": {"precip_mm": 1.1}}, {"type": "Feature", "geometry": {"type": "Point", "coordinates": [-70.47500610351562, -10.47500228881836]}, "properties": {"precip_mm": 0.6}}, {"type": "Feature", "geometry": {"type": "Point", "coordinates": [-69.97500610351562, -10.47500228881836]}, "properties": {"precip_mm": 0.8}}, {"type": "Feature", "geometry": {"type": "Point", "coordinates": [-69.47500610351562, -10.47500228881836]}, "properties": {"precip_mm": 0.6}}, {"type": "Feature", "geometry": {"type": "Point", "coordinates": [-68.97500610351562, -10.47500228881836]}, "properties": {"precip_mm": 0.7}}, {"type": "Feature", "geometry": {"type": "Point", "coordinates": [-68.47500610351562, -10.47500228881836]}, "properties": {"precip_mm": 1.2}}, {"type": "Feature", "geometry": {"type": "Point", "coordinates": [-67.97500610351562, -10.47500228881836]}, "properties": {"precip_mm": 1.3}}, {"type": "Feature", "geometry": {"type": "Point", "coordinates": [-67.47500610351562, -10.47500228881836]}, "properties": {"precip_mm": 1.1}}, {"type": "Feature", "geometry": {"type": "Point", "coordinates": [-66.97500610351562, -10.47500228881836]}, "properties": {"precip_mm": 1.2}}, {"type": "Feature", "geometry": {"type": "Point", "coordinates": [-66.47500610351562, -10.47500228881836]}, "properties": {"precip_mm": 1.5}}, {"type": "Feature", "geometry": {"type": "Point", "coordinates": [-65.97500610351562, -10.47500228881836]}, "properties": {"precip_mm": 0.9}}, {"type": "Feature", "geometry": {"type": "Point", "coordinates": [-65.47500610351562, -10.47500228881836]}, "properties": {"precip_mm": 1.4}}, {"type": "Feature", "geometry": {"type": "Point", "coordinates": [-64.97500610351562, -10.47500228881836]}, "properties": {"precip_mm": 0.6}}, {"type": "Feature", "geometry": {"type": "Point", "coordinates": [-64.47500610351562, -10.47500228881836]}, "properties": {"precip_mm": 0.8}}, {"type": "Feature", "geometry": {"type": "Point", "coordinates": [-63.975006103515625, -10.47500228881836]}, "properties": {"precip_mm": 1.3}}, {"type": "Feature", "geometry": {"type": "Point", "coordinates": [-63.475006103515625, -10.47500228881836]}, "properties": {"precip_mm": 0.7}}, {"type": "Feature", "geometry": {"type": "Point", "coordinates": [-62.975006103515625, -10.47500228881836]}, "properties": {"precip_mm": 0.4}}, {"type": "Feature", "geometry": {"type": "Point", "coordinates": [-62.475006103515625, -10.47500228881836]}, "properties": {"precip_mm": 0.5}}, {"type": "Feature", "geometry": {"type": "Point", "coordinates": [-61.975006103515625, -10.47500228881836]}, "properties": {"precip_mm": 0.4}}, {"type": "Feature", "geometry": {"type": "Point", "coordinates": [-61.475006103515625, -10.47500228881836]}, "properties": {"precip_mm": 0.2}}, {"type": "Feature", "geometry": {"type": "Point", "coordinates": [-60.975006103515625, -10.47500228881836]}, "properties": {"precip_mm": 0.2}}, {"type": "Feature", "geometry": {"type": "Point", "coordinates": [-60.475006103515625, -10.47500228881836]}, "properties": {"precip_mm": 0.3}}, {"type": "Feature", "geometry": {"type": "Point", "coordinates": [-59.975006103515625, -10.47500228881836]}, "properties": {"precip_mm": 0.2}}, {"type": "Feature", "geometry": {"type": "Point", "coordinates": [-59.475006103515625, -10.47500228881836]}, "properties": {"precip_mm": 0.3}}, {"type": "Feature", "geometry": {"type": "Point", "coordinates": [-58.975006103515625, -10.47500228881836]}, "properties": {"precip_mm": 0.2}}, {"type": "Feature", "geometry": {"type": "Point", "coordinates": [-58.475006103515625, -10.47500228881836]}, "properties": {"precip_mm": 0.1}}, {"type": "Feature", "geometry": {"type": "Point", "coordinates": [-57.975006103515625, -10.47500228881836]}, "properties": {"precip_mm": 0.1}}, {"type": "Feature", "geometry": {"type": "Point", "coordinates": [-57.475006103515625, -10.47500228881836]}, "properties": {"precip_mm": 0.2}}, {"type": "Feature", "geometry": {"type": "Point", "coordinates": [-56.975006103515625, -10.47500228881836]}, "properties": {"precip_mm": 0.1}}, {"type": "Feature", "geometry": {"type": "Point", "coordinates": [-56.475006103515625, -10.47500228881836]}, "properties": {"precip_mm": 0.2}}, {"type": "Feature", "geometry": {"type": "Point", "coordinates": [-55.975006103515625, -10.47500228881836]}, "properties": {"precip_mm": 0.2}}, {"type": "Feature", "geometry": {"type": "Point", "coordinates": [-54.975006103515625, -10.47500228881836]}, "properties": {"precip_mm": 0.3}}, {"type": "Feature", "geometry": {"type": "Point", "coordinates": [-53.975006103515625, -10.47500228881836]}, "properties": {"precip_mm": 0.1}}, {"type": "Feature", "geometry": {"type": "Point", "coordinates": [-52.975006103515625, -10.47500228881836]}, "properties": {"precip_mm": 0.2}}, {"type": "Feature", "geometry": {"type": "Point", "coordinates": [-52.475006103515625, -10.47500228881836]}, "properties": {"precip_mm": 0.1}}, {"type": "Feature", "geometry": {"type": "Point", "coordinates": [-51.975006103515625, -10.47500228881836]}, "properties": {"precip_mm": 0.1}}, {"type": "Feature", "geometry": {"type": "Point", "coordinates": [-41.475006103515625, -10.47500228881836]}, "properties": {"precip_mm": 0.3}}, {"type": "Feature", "geometry": {"type": "Point", "coordinates": [-40.975006103515625, -10.47500228881836]}, "properties": {"precip_mm": 0.2}}, {"type": "Feature", "geometry": {"type": "Point", "coordinates": [-40.475006103515625, -10.47500228881836]}, "properties": {"precip_mm": 0.5}}, {"type": "Feature", "geometry": {"type": "Point", "coordinates": [-39.975006103515625, -10.47500228881836]}, "properties": {"precip_mm": 0.4}}, {"type": "Feature", "geometry": {"type": "Point", "coordinates": [-39.475006103515625, -10.47500228881836]}, "properties": {"precip_mm": 0.5}}, {"type": "Feature", "geometry": {"type": "Point", "coordinates": [-38.975006103515625, -10.47500228881836]}, "properties": {"precip_mm": 1.2}}, {"type": "Feature", "geometry": {"type": "Point", "coordinates": [-38.475006103515625, -10.47500228881836]}, "properties": {"precip_mm": 1.0}}, {"type": "Feature", "geometry": {"type": "Point", "coordinates": [-37.975006103515625, -10.47500228881836]}, "properties": {"precip_mm": 1.3}}, {"type": "Feature", "geometry": {"type": "Point", "coordinates": [-37.475006103515625, -10.47500228881836]}, "properties": {"precip_mm": 0.9}}, {"type": "Feature", "geometry": {"type": "Point", "coordinates": [-36.975006103515625, -10.47500228881836]}, "properties": {"precip_mm": 3.5}}, {"type": "Feature", "geometry": {"type": "Point", "coordinates": [-36.475006103515625, -10.47500228881836]}, "properties": {"precip_mm": 5.1}}, {"type": "Feature", "geometry": {"type": "Point", "coordinates": [-76.97500610351562, -9.97500228881836]}, "properties": {"precip_mm": 0.2}}, {"type": "Feature", "geometry": {"type": "Point", "coordinates": [-76.47500610351562, -9.97500228881836]}, "properties": {"precip_mm": 0.2}}, {"type": "Feature", "geometry": {"type": "Point", "coordinates": [-75.97500610351562, -9.97500228881836]}, "properties": {"precip_mm": 0.2}}, {"type": "Feature", "geometry": {"type": "Point", "coordinates": [-75.47500610351562, -9.97500228881836]}, "properties": {"precip_mm": 1.3}}, {"type": "Feature", "geometry": {"type": "Point", "coordinates": [-74.97500610351562, -9.97500228881836]}, "properties": {"precip_mm": 1.5}}, {"type": "Feature", "geometry": {"type": "Point", "coordinates": [-74.47500610351562, -9.97500228881836]}, "properties": {"precip_mm": 0.9}}, {"type": "Feature", "geometry": {"type": "Point", "coordinates": [-73.97500610351562, -9.97500228881836]}, "properties": {"precip_mm": 0.7}}, {"type": "Feature", "geometry": {"type": "Point", "coordinates": [-73.47500610351562, -9.97500228881836]}, "properties": {"precip_mm": 0.6}}, {"type": "Feature", "geometry": {"type": "Point", "coordinates": [-72.97500610351562, -9.97500228881836]}, "properties": {"precip_mm": 0.8}}, {"type": "Feature", "geometry": {"type": "Point", "coordinates": [-72.47500610351562, -9.97500228881836]}, "properties": {"precip_mm": 0.6}}, {"type": "Feature", "geometry": {"type": "Point", "coordinates": [-71.97500610351562, -9.97500228881836]}, "properties": {"precip_mm": 0.9}}, {"type": "Feature", "geometry": {"type": "Point", "coordinates": [-71.47500610351562, -9.97500228881836]}, "properties": {"precip_mm": 0.8}}, {"type": "Feature", "geometry": {"type": "Point", "coordinates": [-70.97500610351562, -9.97500228881836]}, "properties": {"precip_mm": 0.6}}, {"type": "Feature", "geometry": {"type": "Point", "coordinates": [-70.47500610351562, -9.97500228881836]}, "properties": {"precip_mm": 0.9}}, {"type": "Feature", "geometry": {"type": "Point", "coordinates": [-69.97500610351562, -9.97500228881836]}, "properties": {"precip_mm": 0.7}}, {"type": "Feature", "geometry": {"type": "Point", "coordinates": [-69.47500610351562, -9.97500228881836]}, "properties": {"precip_mm": 0.8}}, {"type": "Feature", "geometry": {"type": "Point", "coordinates": [-68.97500610351562, -9.97500228881836]}, "properties": {"precip_mm": 0.9}}, {"type": "Feature", "geometry": {"type": "Point", "coordinates": [-68.47500610351562, -9.97500228881836]}, "properties": {"precip_mm": 0.9}}, {"type": "Feature", "geometry": {"type": "Point", "coordinates": [-67.97500610351562, -9.97500228881836]}, "properties": {"precip_mm": 1.0}}, {"type": "Feature", "geometry": {"type": "Point", "coordinates": [-67.47500610351562, -9.97500228881836]}, "properties": {"precip_mm": 1.2}}, {"type": "Feature", "geometry": {"type": "Point", "coordinates": [-66.97500610351562, -9.97500228881836]}, "properties": {"precip_mm": 1.3}}, {"type": "Feature", "geometry": {"type": "Point", "coordinates": [-66.47500610351562, -9.97500228881836]}, "properties": {"precip_mm": 1.5}}, {"type": "Feature", "geometry": {"type": "Point", "coordinates": [-65.97500610351562, -9.97500228881836]}, "properties": {"precip_mm": 1.2}}, {"type": "Feature", "geometry": {"type": "Point", "coordinates": [-65.47500610351562, -9.97500228881836]}, "properties": {"precip_mm": 1.7}}, {"type": "Feature", "geometry": {"type": "Point", "coordinates": [-64.97500610351562, -9.97500228881836]}, "properties": {"precip_mm": 1.2}}, {"type": "Feature", "geometry": {"type": "Point", "coordinates": [-64.47500610351562, -9.97500228881836]}, "properties": {"precip_mm": 0.6}}, {"type": "Feature", "geometry": {"type": "Point", "coordinates": [-63.975006103515625, -9.97500228881836]}, "properties": {"precip_mm": 1.2}}, {"type": "Feature", "geometry": {"type": "Point", "coordinates": [-63.475006103515625, -9.97500228881836]}, "properties": {"precip_mm": 1.0}}, {"type": "Feature", "geometry": {"type": "Point", "coordinates": [-62.975006103515625, -9.97500228881836]}, "properties": {"precip_mm": 0.6}}, {"type": "Feature", "geometry": {"type": "Point", "coordinates": [-62.475006103515625, -9.97500228881836]}, "properties": {"precip_mm": 0.5}}, {"type": "Feature", "geometry": {"type": "Point", "coordinates": [-61.975006103515625, -9.97500228881836]}, "properties": {"precip_mm": 0.2}}, {"type": "Feature", "geometry": {"type": "Point", "coordinates": [-61.475006103515625, -9.97500228881836]}, "properties": {"precip_mm": 0.3}}, {"type": "Feature", "geometry": {"type": "Point", "coordinates": [-60.975006103515625, -9.97500228881836]}, "properties": {"precip_mm": 0.2}}, {"type": "Feature", "geometry": {"type": "Point", "coordinates": [-60.475006103515625, -9.97500228881836]}, "properties": {"precip_mm": 0.3}}, {"type": "Feature", "geometry": {"type": "Point", "coordinates": [-59.975006103515625, -9.97500228881836]}, "properties": {"precip_mm": 0.4}}, {"type": "Feature", "geometry": {"type": "Point", "coordinates": [-59.475006103515625, -9.97500228881836]}, "properties": {"precip_mm": 0.3}}, {"type": "Feature", "geometry": {"type": "Point", "coordinates": [-58.975006103515625, -9.97500228881836]}, "properties": {"precip_mm": 0.2}}, {"type": "Feature", "geometry": {"type": "Point", "coordinates": [-58.475006103515625, -9.97500228881836]}, "properties": {"precip_mm": 0.2}}, {"type": "Feature", "geometry": {"type": "Point", "coordinates": [-57.975006103515625, -9.97500228881836]}, "properties": {"precip_mm": 0.2}}, {"type": "Feature", "geometry": {"type": "Point", "coordinates": [-57.475006103515625, -9.97500228881836]}, "properties": {"precip_mm": 0.3}}, {"type": "Feature", "geometry": {"type": "Point", "coordinates": [-56.975006103515625, -9.97500228881836]}, "properties": {"precip_mm": 0.2}}, {"type": "Feature", "geometry": {"type": "Point", "coordinates": [-56.475006103515625, -9.97500228881836]}, "properties": {"precip_mm": 0.2}}, {"type": "Feature", "geometry": {"type": "Point", "coordinates": [-55.475006103515625, -9.97500228881836]}, "properties": {"precip_mm": 0.4}}, {"type": "Feature", "geometry": {"type": "Point", "coordinates": [-54.975006103515625, -9.97500228881836]}, "properties": {"precip_mm": 0.1}}, {"type": "Feature", "geometry": {"type": "Point", "coordinates": [-54.475006103515625, -9.97500228881836]}, "properties": {"precip_mm": 0.1}}, {"type": "Feature", "geometry": {"type": "Point", "coordinates": [-53.975006103515625, -9.97500228881836]}, "properties": {"precip_mm": 0.1}}, {"type": "Feature", "geometry": {"type": "Point", "coordinates": [-53.475006103515625, -9.97500228881836]}, "properties": {"precip_mm": 0.2}}, {"type": "Feature", "geometry": {"type": "Point", "coordinates": [-51.975006103515625, -9.97500228881836]}, "properties": {"precip_mm": 0.0}}, {"type": "Feature", "geometry": {"type": "Point", "coordinates": [-51.475006103515625, -9.97500228881836]}, "properties": {"precip_mm": 0.1}}, {"type": "Feature", "geometry": {"type": "Point", "coordinates": [-50.975006103515625, -9.97500228881836]}, "properties": {"precip_mm": 0.0}}, {"type": "Feature", "geometry": {"type": "Point", "coordinates": [-50.475006103515625, -9.97500228881836]}, "properties": {"precip_mm": 0.1}}, {"type": "Feature", "geometry": {"type": "Point", "coordinates": [-40.975006103515625, -9.97500228881836]}, "properties": {"precip_mm": 0.6}}, {"type": "Feature", "geometry": {"type": "Point", "coordinates": [-40.475006103515625, -9.97500228881836]}, "properties": {"precip_mm": 0.4}}, {"type": "Feature", "geometry": {"type": "Point", "coordinates": [-39.975006103515625, -9.97500228881836]}, "properties": {"precip_mm": 0.3}}, {"type": "Feature", "geometry": {"type": "Point", "coordinates": [-39.475006103515625, -9.97500228881836]}, "properties": {"precip_mm": 0.5}}, {"type": "Feature", "geometry": {"type": "Point", "coordinates": [-38.975006103515625, -9.97500228881836]}, "properties": {"precip_mm": 0.7}}, {"type": "Feature", "geometry": {"type": "Point", "coordinates": [-38.475006103515625, -9.97500228881836]}, "properties": {"precip_mm": 0.9}}, {"type": "Feature", "geometry": {"type": "Point", "coordinates": [-37.975006103515625, -9.97500228881836]}, "properties": {"precip_mm": 1.6}}, {"type": "Feature", "geometry": {"type": "Point", "coordinates": [-37.475006103515625, -9.97500228881836]}, "properties": {"precip_mm": 1.4}}, {"type": "Feature", "geometry": {"type": "Point", "coordinates": [-36.975006103515625, -9.97500228881836]}, "properties": {"precip_mm": 1.9}}, {"type": "Feature", "geometry": {"type": "Point", "coordinates": [-36.475006103515625, -9.97500228881836]}, "properties": {"precip_mm": 1.5}}, {"type": "Feature", "geometry": {"type": "Point", "coordinates": [-35.975006103515625, -9.97500228881836]}, "properties": {"precip_mm": 3.0}}, {"type": "Feature", "geometry": {"type": "Point", "coordinates": [-76.97500610351562, -9.47500228881836]}, "properties": {"precip_mm": 0.3}}, {"type": "Feature", "geometry": {"type": "Point", "coordinates": [-76.47500610351562, -9.47500228881836]}, "properties": {"precip_mm": 0.4}}, {"type": "Feature", "geometry": {"type": "Point", "coordinates": [-75.97500610351562, -9.47500228881836]}, "properties": {"precip_mm": 1.0}}, {"type": "Feature", "geometry": {"type": "Point", "coordinates": [-75.47500610351562, -9.47500228881836]}, "properties": {"precip_mm": 1.7}}, {"type": "Feature", "geometry": {"type": "Point", "coordinates": [-74.97500610351562, -9.47500228881836]}, "properties": {"precip_mm": 1.2}}, {"type": "Feature", "geometry": {"type": "Point", "coordinates": [-74.47500610351562, -9.47500228881836]}, "properties": {"precip_mm": 1.2}}, {"type": "Feature", "geometry": {"type": "Point", "coordinates": [-73.97500610351562, -9.47500228881836]}, "properties": {"precip_mm": 0.8}}, {"type": "Feature", "geometry": {"type": "Point", "coordinates": [-73.47500610351562, -9.47500228881836]}, "properties": {"precip_mm": 0.8}}, {"type": "Feature", "geometry": {"type": "Point", "coordinates": [-72.97500610351562, -9.47500228881836]}, "properties": {"precip_mm": 0.5}}, {"type": "Feature", "geometry": {"type": "Point", "coordinates": [-72.47500610351562, -9.47500228881836]}, "properties": {"precip_mm": 0.5}}, {"type": "Feature", "geometry": {"type": "Point", "coordinates": [-71.97500610351562, -9.47500228881836]}, "properties": {"precip_mm": 0.7}}, {"type": "Feature", "geometry": {"type": "Point", "coordinates": [-71.47500610351562, -9.47500228881836]}, "properties": {"precip_mm": 0.7}}, {"type": "Feature", "geometry": {"type": "Point", "coordinates": [-70.97500610351562, -9.47500228881836]}, "properties": {"precip_mm": 0.9}}, {"type": "Feature", "geometry": {"type": "Point", "coordinates": [-70.47500610351562, -9.47500228881836]}, "properties": {"precip_mm": 1.1}}, {"type": "Feature", "geometry": {"type": "Point", "coordinates": [-69.97500610351562, -9.47500228881836]}, "properties": {"precip_mm": 1.5}}, {"type": "Feature", "geometry": {"type": "Point", "coordinates": [-69.47500610351562, -9.47500228881836]}, "properties": {"precip_mm": 1.0}}, {"type": "Feature", "geometry": {"type": "Point", "coordinates": [-68.97500610351562, -9.47500228881836]}, "properties": {"precip_mm": 0.9}}, {"type": "Feature", "geometry": {"type": "Point", "coordinates": [-68.47500610351562, -9.47500228881836]}, "properties": {"precip_mm": 1.7}}, {"type": "Feature", "geometry": {"type": "Point", "coordinates": [-67.97500610351562, -9.47500228881836]}, "properties": {"precip_mm": 1.0}}, {"type": "Feature", "geometry": {"type": "Point", "coordinates": [-67.47500610351562, -9.47500228881836]}, "properties": {"precip_mm": 1.6}}, {"type": "Feature", "geometry": {"type": "Point", "coordinates": [-66.97500610351562, -9.47500228881836]}, "properties": {"precip_mm": 1.4}}, {"type": "Feature", "geometry": {"type": "Point", "coordinates": [-66.47500610351562, -9.47500228881836]}, "properties": {"precip_mm": 1.4}}, {"type": "Feature", "geometry": {"type": "Point", "coordinates": [-65.97500610351562, -9.47500228881836]}, "properties": {"precip_mm": 2.0}}, {"type": "Feature", "geometry": {"type": "Point", "coordinates": [-65.47500610351562, -9.47500228881836]}, "properties": {"precip_mm": 2.0}}, {"type": "Feature", "geometry": {"type": "Point", "coordinates": [-64.97500610351562, -9.47500228881836]}, "properties": {"precip_mm": 1.9}}, {"type": "Feature", "geometry": {"type": "Point", "coordinates": [-64.47500610351562, -9.47500228881836]}, "properties": {"precip_mm": 1.2}}, {"type": "Feature", "geometry": {"type": "Point", "coordinates": [-63.975006103515625, -9.47500228881836]}, "properties": {"precip_mm": 1.3}}, {"type": "Feature", "geometry": {"type": "Point", "coordinates": [-63.475006103515625, -9.47500228881836]}, "properties": {"precip_mm": 1.4}}, {"type": "Feature", "geometry": {"type": "Point", "coordinates": [-62.975006103515625, -9.47500228881836]}, "properties": {"precip_mm": 0.9}}, {"type": "Feature", "geometry": {"type": "Point", "coordinates": [-62.475006103515625, -9.47500228881836]}, "properties": {"precip_mm": 0.8}}, {"type": "Feature", "geometry": {"type": "Point", "coordinates": [-61.975006103515625, -9.47500228881836]}, "properties": {"precip_mm": 0.4}}, {"type": "Feature", "geometry": {"type": "Point", "coordinates": [-61.475006103515625, -9.47500228881836]}, "properties": {"precip_mm": 0.4}}, {"type": "Feature", "geometry": {"type": "Point", "coordinates": [-60.975006103515625, -9.47500228881836]}, "properties": {"precip_mm": 0.5}}, {"type": "Feature", "geometry": {"type": "Point", "coordinates": [-60.475006103515625, -9.47500228881836]}, "properties": {"precip_mm": 0.4}}, {"type": "Feature", "geometry": {"type": "Point", "coordinates": [-59.975006103515625, -9.47500228881836]}, "properties": {"precip_mm": 0.5}}, {"type": "Feature", "geometry": {"type": "Point", "coordinates": [-59.475006103515625, -9.47500228881836]}, "properties": {"precip_mm": 0.5}}, {"type": "Feature", "geometry": {"type": "Point", "coordinates": [-58.975006103515625, -9.47500228881836]}, "properties": {"precip_mm": 0.3}}, {"type": "Feature", "geometry": {"type": "Point", "coordinates": [-58.475006103515625, -9.47500228881836]}, "properties": {"precip_mm": 0.2}}, {"type": "Feature", "geometry": {"type": "Point", "coordinates": [-57.975006103515625, -9.47500228881836]}, "properties": {"precip_mm": 0.2}}, {"type": "Feature", "geometry": {"type": "Point", "coordinates": [-57.475006103515625, -9.47500228881836]}, "properties": {"precip_mm": 0.3}}, {"type": "Feature", "geometry": {"type": "Point", "coordinates": [-56.475006103515625, -9.47500228881836]}, "properties": {"precip_mm": 0.2}}, {"type": "Feature", "geometry": {"type": "Point", "coordinates": [-55.975006103515625, -9.47500228881836]}, "properties": {"precip_mm": 0.1}}, {"type": "Feature", "geometry": {"type": "Point", "coordinates": [-55.475006103515625, -9.47500228881836]}, "properties": {"precip_mm": 0.1}}, {"type": "Feature", "geometry": {"type": "Point", "coordinates": [-54.975006103515625, -9.47500228881836]}, "properties": {"precip_mm": 0.1}}, {"type": "Feature", "geometry": {"type": "Point", "coordinates": [-51.975006103515625, -9.47500228881836]}, "properties": {"precip_mm": 0.1}}, {"type": "Feature", "geometry": {"type": "Point", "coordinates": [-51.475006103515625, -9.47500228881836]}, "properties": {"precip_mm": 0.1}}, {"type": "Feature", "geometry": {"type": "Point", "coordinates": [-49.975006103515625, -9.47500228881836]}, "properties": {"precip_mm": 0.2}}, {"type": "Feature", "geometry": {"type": "Point", "coordinates": [-49.475006103515625, -9.47500228881836]}, "properties": {"precip_mm": 0.2}}, {"type": "Feature", "geometry": {"type": "Point", "coordinates": [-48.975006103515625, -9.47500228881836]}, "properties": {"precip_mm": 0.1}}, {"type": "Feature", "geometry": {"type": "Point", "coordinates": [-39.975006103515625, -9.47500228881836]}, "properties": {"precip_mm": 0.3}}, {"type": "Feature", "geometry": {"type": "Point", "coordinates": [-38.975006103515625, -9.47500228881836]}, "properties": {"precip_mm": 0.3}}, {"type": "Feature", "geometry": {"type": "Point", "coordinates": [-38.475006103515625, -9.47500228881836]}, "properties": {"precip_mm": 0.7}}, {"type": "Feature", "geometry": {"type": "Point", "coordinates": [-37.975006103515625, -9.47500228881836]}, "properties": {"precip_mm": 0.9}}, {"type": "Feature", "geometry": {"type": "Point", "coordinates": [-37.475006103515625, -9.47500228881836]}, "properties": {"precip_mm": 1.1}}, {"type": "Feature", "geometry": {"type": "Point", "coordinates": [-36.975006103515625, -9.47500228881836]}, "properties": {"precip_mm": 1.7}}, {"type": "Feature", "geometry": {"type": "Point", "coordinates": [-36.475006103515625, -9.47500228881836]}, "properties": {"precip_mm": 1.4}}, {"type": "Feature", "geometry": {"type": "Point", "coordinates": [-35.975006103515625, -9.47500228881836]}, "properties": {"precip_mm": 2.6}}, {"type": "Feature", "geometry": {"type": "Point", "coordinates": [-78.47500610351562, -8.97500228881836]}, "properties": {"precip_mm": 0.3}}, {"type": "Feature", "geometry": {"type": "Point", "coordinates": [-77.47500610351562, -8.97500228881836]}, "properties": {"precip_mm": 0.4}}, {"type": "Feature", "geometry": {"type": "Point", "coordinates": [-76.97500610351562, -8.97500228881836]}, "properties": {"precip_mm": 0.2}}, {"type": "Feature", "geometry": {"type": "Point", "coordinates": [-76.47500610351562, -8.97500228881836]}, "properties": {"precip_mm": 0.7}}, {"type": "Feature", "geometry": {"type": "Point", "coordinates": [-75.97500610351562, -8.97500228881836]}, "properties": {"precip_mm": 1.8}}, {"type": "Feature", "geometry": {"type": "Point", "coordinates": [-75.47500610351562, -8.97500228881836]}, "properties": {"precip_mm": 2.4}}, {"type": "Feature", "geometry": {"type": "Point", "coordinates": [-74.97500610351562, -8.97500228881836]}, "properties": {"precip_mm": 0.8}}, {"type": "Feature", "geometry": {"type": "Point", "coordinates": [-74.47500610351562, -8.97500228881836]}, "properties": {"precip_mm": 0.6}}, {"type": "Feature", "geometry": {"type": "Point", "coordinates": [-73.97500610351562, -8.97500228881836]}, "properties": {"precip_mm": 0.8}}, {"type": "Feature", "geometry": {"type": "Point", "coordinates": [-73.47500610351562, -8.97500228881836]}, "properties": {"precip_mm": 0.7}}, {"type": "Feature", "geometry": {"type": "Point", "coordinates": [-72.97500610351562, -8.97500228881836]}, "properties": {"precip_mm": 0.6}}, {"type": "Feature", "geometry": {"type": "Point", "coordinates": [-72.47500610351562, -8.97500228881836]}, "properties": {"precip_mm": 0.6}}, {"type": "Feature", "geometry": {"type": "Point", "coordinates": [-71.97500610351562, -8.97500228881836]}, "properties": {"precip_mm": 0.5}}, {"type": "Feature", "geometry": {"type": "Point", "coordinates": [-71.47500610351562, -8.97500228881836]}, "properties": {"precip_mm": 0.6}}, {"type": "Feature", "geometry": {"type": "Point", "coordinates": [-70.97500610351562, -8.97500228881836]}, "properties": {"precip_mm": 0.9}}, {"type": "Feature", "geometry": {"type": "Point", "coordinates": [-70.47500610351562, -8.97500228881836]}, "properties": {"precip_mm": 0.9}}, {"type": "Feature", "geometry": {"type": "Point", "coordinates": [-69.97500610351562, -8.97500228881836]}, "properties": {"precip_mm": 1.3}}, {"type": "Feature", "geometry": {"type": "Point", "coordinates": [-69.47500610351562, -8.97500228881836]}, "properties": {"precip_mm": 1.1}}, {"type": "Feature", "geometry": {"type": "Point", "coordinates": [-68.97500610351562, -8.97500228881836]}, "properties": {"precip_mm": 1.3}}, {"type": "Feature", "geometry": {"type": "Point", "coordinates": [-68.47500610351562, -8.97500228881836]}, "properties": {"precip_mm": 1.1}}, {"type": "Feature", "geometry": {"type": "Point", "coordinates": [-67.97500610351562, -8.97500228881836]}, "properties": {"precip_mm": 1.4}}, {"type": "Feature", "geometry": {"type": "Point", "coordinates": [-67.47500610351562, -8.97500228881836]}, "properties": {"precip_mm": 1.9}}, {"type": "Feature", "geometry": {"type": "Point", "coordinates": [-66.97500610351562, -8.97500228881836]}, "properties": {"precip_mm": 2.1}}, {"type": "Feature", "geometry": {"type": "Point", "coordinates": [-66.47500610351562, -8.97500228881836]}, "properties": {"precip_mm": 1.8}}, {"type": "Feature", "geometry": {"type": "Point", "coordinates": [-65.97500610351562, -8.97500228881836]}, "properties": {"precip_mm": 1.9}}, {"type": "Feature", "geometry": {"type": "Point", "coordinates": [-65.47500610351562, -8.97500228881836]}, "properties": {"precip_mm": 1.4}}, {"type": "Feature", "geometry": {"type": "Point", "coordinates": [-64.97500610351562, -8.97500228881836]}, "properties": {"precip_mm": 1.3}}, {"type": "Feature", "geometry": {"type": "Point", "coordinates": [-64.47500610351562, -8.97500228881836]}, "properties": {"precip_mm": 1.3}}, {"type": "Feature", "geometry": {"type": "Point", "coordinates": [-63.975006103515625, -8.97500228881836]}, "properties": {"precip_mm": 1.2}}, {"type": "Feature", "geometry": {"type": "Point", "coordinates": [-63.475006103515625, -8.97500228881836]}, "properties": {"precip_mm": 1.0}}, {"type": "Feature", "geometry": {"type": "Point", "coordinates": [-62.975006103515625, -8.97500228881836]}, "properties": {"precip_mm": 0.8}}, {"type": "Feature", "geometry": {"type": "Point", "coordinates": [-62.475006103515625, -8.97500228881836]}, "properties": {"precip_mm": 1.0}}, {"type": "Feature", "geometry": {"type": "Point", "coordinates": [-61.975006103515625, -8.97500228881836]}, "properties": {"precip_mm": 1.0}}, {"type": "Feature", "geometry": {"type": "Point", "coordinates": [-61.475006103515625, -8.97500228881836]}, "properties": {"precip_mm": 0.9}}, {"type": "Feature", "geometry": {"type": "Point", "coordinates": [-60.975006103515625, -8.97500228881836]}, "properties": {"precip_mm": 0.6}}, {"type": "Feature", "geometry": {"type": "Point", "coordinates": [-60.475006103515625, -8.97500228881836]}, "properties": {"precip_mm": 0.6}}, {"type": "Feature", "geometry": {"type": "Point", "coordinates": [-59.975006103515625, -8.97500228881836]}, "properties": {"precip_mm": 0.5}}, {"type": "Feature", "geometry": {"type": "Point", "coordinates": [-59.475006103515625, -8.97500228881836]}, "properties": {"precip_mm": 0.4}}, {"type": "Feature", "geometry": {"type": "Point", "coordinates": [-58.975006103515625, -8.97500228881836]}, "properties": {"precip_mm": 0.3}}, {"type": "Feature", "geometry": {"type": "Point", "coordinates": [-58.475006103515625, -8.97500228881836]}, "properties": {"precip_mm": 0.1}}, {"type": "Feature", "geometry": {"type": "Point", "coordinates": [-57.975006103515625, -8.97500228881836]}, "properties": {"precip_mm": 0.1}}, {"type": "Feature", "geometry": {"type": "Point", "coordinates": [-57.475006103515625, -8.97500228881836]}, "properties": {"precip_mm": 0.1}}, {"type": "Feature", "geometry": {"type": "Point", "coordinates": [-56.975006103515625, -8.97500228881836]}, "properties": {"precip_mm": 0.4}}, {"type": "Feature", "geometry": {"type": "Point", "coordinates": [-56.475006103515625, -8.97500228881836]}, "properties": {"precip_mm": 0.5}}, {"type": "Feature", "geometry": {"type": "Point", "coordinates": [-55.975006103515625, -8.97500228881836]}, "properties": {"precip_mm": 0.2}}, {"type": "Feature", "geometry": {"type": "Point", "coordinates": [-55.475006103515625, -8.97500228881836]}, "properties": {"precip_mm": 0.2}}, {"type": "Feature", "geometry": {"type": "Point", "coordinates": [-54.975006103515625, -8.97500228881836]}, "properties": {"precip_mm": 0.1}}, {"type": "Feature", "geometry": {"type": "Point", "coordinates": [-51.475006103515625, -8.97500228881836]}, "properties": {"precip_mm": 0.0}}, {"type": "Feature", "geometry": {"type": "Point", "coordinates": [-50.975006103515625, -8.97500228881836]}, "properties": {"precip_mm": 0.1}}, {"type": "Feature", "geometry": {"type": "Point", "coordinates": [-50.475006103515625, -8.97500228881836]}, "properties": {"precip_mm": 0.1}}, {"type": "Feature", "geometry": {"type": "Point", "coordinates": [-49.975006103515625, -8.97500228881836]}, "properties": {"precip_mm": 0.2}}, {"type": "Feature", "geometry": {"type": "Point", "coordinates": [-49.475006103515625, -8.97500228881836]}, "properties": {"precip_mm": 0.2}}, {"type": "Feature", "geometry": {"type": "Point", "coordinates": [-48.975006103515625, -8.97500228881836]}, "properties": {"precip_mm": 0.2}}, {"type": "Feature", "geometry": {"type": "Point", "coordinates": [-45.975006103515625, -8.97500228881836]}, "properties": {"precip_mm": 0.1}}, {"type": "Feature", "geometry": {"type": "Point", "coordinates": [-39.975006103515625, -8.97500228881836]}, "properties": {"precip_mm": 0.2}}, {"type": "Feature", "geometry": {"type": "Point", "coordinates": [-39.475006103515625, -8.97500228881836]}, "properties": {"precip_mm": 0.2}}, {"type": "Feature", "geometry": {"type": "Point", "coordinates": [-38.975006103515625, -8.97500228881836]}, "properties": {"precip_mm": 0.2}}, {"type": "Feature", "geometry": {"type": "Point", "coordinates": [-38.475006103515625, -8.97500228881836]}, "properties": {"precip_mm": 0.5}}, {"type": "Feature", "geometry": {"type": "Point", "coordinates": [-37.975006103515625, -8.97500228881836]}, "properties": {"precip_mm": 1.3}}, {"type": "Feature", "geometry": {"type": "Point", "coordinates": [-37.475006103515625, -8.97500228881836]}, "properties": {"precip_mm": 1.2}}, {"type": "Feature", "geometry": {"type": "Point", "coordinates": [-36.975006103515625, -8.97500228881836]}, "properties": {"precip_mm": 1.4}}, {"type": "Feature", "geometry": {"type": "Point", "coordinates": [-36.475006103515625, -8.97500228881836]}, "properties": {"precip_mm": 2.2}}, {"type": "Feature", "geometry": {"type": "Point", "coordinates": [-35.975006103515625, -8.97500228881836]}, "properties": {"precip_mm": 1.8}}, {"type": "Feature", "geometry": {"type": "Point", "coordinates": [-35.475006103515625, -8.97500228881836]}, "properties": {"precip_mm": 1.9}}, {"type": "Feature", "geometry": {"type": "Point", "coordinates": [-77.47500610351562, -8.47500228881836]}, "properties": {"precip_mm": 0.2}}, {"type": "Feature", "geometry": {"type": "Point", "coordinates": [-76.97500610351562, -8.47500228881836]}, "properties": {"precip_mm": 0.4}}, {"type": "Feature", "geometry": {"type": "Point", "coordinates": [-76.47500610351562, -8.47500228881836]}, "properties": {"precip_mm": 1.2}}, {"type": "Feature", "geometry": {"type": "Point", "coordinates": [-75.97500610351562, -8.47500228881836]}, "properties": {"precip_mm": 1.6}}, {"type": "Feature", "geometry": {"type": "Point", "coordinates": [-75.47500610351562, -8.47500228881836]}, "properties": {"precip_mm": 1.4}}, {"type": "Feature", "geometry": {"type": "Point", "coordinates": [-74.97500610351562, -8.47500228881836]}, "properties": {"precip_mm": 0.6}}, {"type": "Feature", "geometry": {"type": "Point", "coordinates": [-74.47500610351562, -8.47500228881836]}, "properties": {"precip_mm": 0.4}}, {"type": "Feature", "geometry": {"type": "Point", "coordinates": [-73.97500610351562, -8.47500228881836]}, "properties": {"precip_mm": 0.7}}, {"type": "Feature", "geometry": {"type": "Point", "coordinates": [-73.47500610351562, -8.47500228881836]}, "properties": {"precip_mm": 0.7}}, {"type": "Feature", "geometry": {"type": "Point", "coordinates": [-72.97500610351562, -8.47500228881836]}, "properties": {"precip_mm": 0.4}}, {"type": "Feature", "geometry": {"type": "Point", "coordinates": [-72.47500610351562, -8.47500228881836]}, "properties": {"precip_mm": 0.5}}, {"type": "Feature", "geometry": {"type": "Point", "coordinates": [-71.97500610351562, -8.47500228881836]}, "properties": {"precip_mm": 0.5}}, {"type": "Feature", "geometry": {"type": "Point", "coordinates": [-71.47500610351562, -8.47500228881836]}, "properties": {"precip_mm": 0.5}}, {"type": "Feature", "geometry": {"type": "Point", "coordinates": [-70.97500610351562, -8.47500228881836]}, "properties": {"precip_mm": 0.7}}, {"type": "Feature", "geometry": {"type": "Point", "coordinates": [-70.47500610351562, -8.47500228881836]}, "properties": {"precip_mm": 0.9}}, {"type": "Feature", "geometry": {"type": "Point", "coordinates": [-69.97500610351562, -8.47500228881836]}, "properties": {"precip_mm": 1.1}}, {"type": "Feature", "geometry": {"type": "Point", "coordinates": [-69.47500610351562, -8.47500228881836]}, "properties": {"precip_mm": 1.4}}, {"type": "Feature", "geometry": {"type": "Point", "coordinates": [-68.97500610351562, -8.47500228881836]}, "properties": {"precip_mm": 1.2}}, {"type": "Feature", "geometry": {"type": "Point", "coordinates": [-68.47500610351562, -8.47500228881836]}, "properties": {"precip_mm": 1.2}}, {"type": "Feature", "geometry": {"type": "Point", "coordinates": [-67.97500610351562, -8.47500228881836]}, "properties": {"precip_mm": 1.4}}, {"type": "Feature", "geometry": {"type": "Point", "coordinates": [-67.47500610351562, -8.47500228881836]}, "properties": {"precip_mm": 2.0}}, {"type": "Feature", "geometry": {"type": "Point", "coordinates": [-66.97500610351562, -8.47500228881836]}, "properties": {"precip_mm": 2.1}}, {"type": "Feature", "geometry": {"type": "Point", "coordinates": [-66.47500610351562, -8.47500228881836]}, "properties": {"precip_mm": 1.9}}, {"type": "Feature", "geometry": {"type": "Point", "coordinates": [-65.97500610351562, -8.47500228881836]}, "properties": {"precip_mm": 1.3}}, {"type": "Feature", "geometry": {"type": "Point", "coordinates": [-65.47500610351562, -8.47500228881836]}, "properties": {"precip_mm": 0.7}}, {"type": "Feature", "geometry": {"type": "Point", "coordinates": [-64.97500610351562, -8.47500228881836]}, "properties": {"precip_mm": 1.5}}, {"type": "Feature", "geometry": {"type": "Point", "coordinates": [-64.47500610351562, -8.47500228881836]}, "properties": {"precip_mm": 1.5}}, {"type": "Feature", "geometry": {"type": "Point", "coordinates": [-63.975006103515625, -8.47500228881836]}, "properties": {"precip_mm": 1.3}}, {"type": "Feature", "geometry": {"type": "Point", "coordinates": [-63.475006103515625, -8.47500228881836]}, "properties": {"precip_mm": 1.3}}, {"type": "Feature", "geometry": {"type": "Point", "coordinates": [-62.975006103515625, -8.47500228881836]}, "properties": {"precip_mm": 1.5}}, {"type": "Feature", "geometry": {"type": "Point", "coordinates": [-62.475006103515625, -8.47500228881836]}, "properties": {"precip_mm": 1.1}}, {"type": "Feature", "geometry": {"type": "Point", "coordinates": [-61.975006103515625, -8.47500228881836]}, "properties": {"precip_mm": 1.3}}, {"type": "Feature", "geometry": {"type": "Point", "coordinates": [-61.475006103515625, -8.47500228881836]}, "properties": {"precip_mm": 1.0}}, {"type": "Feature", "geometry": {"type": "Point", "coordinates": [-60.975006103515625, -8.47500228881836]}, "properties": {"precip_mm": 0.6}}, {"type": "Feature", "geometry": {"type": "Point", "coordinates": [-60.475006103515625, -8.47500228881836]}, "properties": {"precip_mm": 1.0}}, {"type": "Feature", "geometry": {"type": "Point", "coordinates": [-59.975006103515625, -8.47500228881836]}, "properties": {"precip_mm": 0.6}}, {"type": "Feature", "geometry": {"type": "Point", "coordinates": [-59.475006103515625, -8.47500228881836]}, "properties": {"precip_mm": 0.7}}, {"type": "Feature", "geometry": {"type": "Point", "coordinates": [-58.975006103515625, -8.47500228881836]}, "properties": {"precip_mm": 0.3}}, {"type": "Feature", "geometry": {"type": "Point", "coordinates": [-58.475006103515625, -8.47500228881836]}, "properties": {"precip_mm": 0.2}}, {"type": "Feature", "geometry": {"type": "Point", "coordinates": [-57.475006103515625, -8.47500228881836]}, "properties": {"precip_mm": 0.1}}, {"type": "Feature", "geometry": {"type": "Point", "coordinates": [-56.975006103515625, -8.47500228881836]}, "properties": {"precip_mm": 0.4}}, {"type": "Feature", "geometry": {"type": "Point", "coordinates": [-56.475006103515625, -8.47500228881836]}, "properties": {"precip_mm": 0.3}}, {"type": "Feature", "geometry": {"type": "Point", "coordinates": [-55.975006103515625, -8.47500228881836]}, "properties": {"precip_mm": 0.1}}, {"type": "Feature", "geometry": {"type": "Point", "coordinates": [-55.475006103515625, -8.47500228881836]}, "properties": {"precip_mm": 0.2}}, {"type": "Feature", "geometry": {"type": "Point", "coordinates": [-54.975006103515625, -8.47500228881836]}, "properties": {"precip_mm": 0.3}}, {"type": "Feature", "geometry": {"type": "Point", "coordinates": [-53.975006103515625, -8.47500228881836]}, "properties": {"precip_mm": 0.0}}, {"type": "Feature", "geometry": {"type": "Point", "coordinates": [-52.975006103515625, -8.47500228881836]}, "properties": {"precip_mm": 0.2}}, {"type": "Feature", "geometry": {"type": "Point", "coordinates": [-52.475006103515625, -8.47500228881836]}, "properties": {"precip_mm": 0.2}}, {"type": "Feature", "geometry": {"type": "Point", "coordinates": [-51.975006103515625, -8.47500228881836]}, "properties": {"precip_mm": 0.2}}, {"type": "Feature", "geometry": {"type": "Point", "coordinates": [-50.975006103515625, -8.47500228881836]}, "properties": {"precip_mm": 0.1}}, {"type": "Feature", "geometry": {"type": "Point", "coordinates": [-50.475006103515625, -8.47500228881836]}, "properties": {"precip_mm": 0.2}}, {"type": "Feature", "geometry": {"type": "Point", "coordinates": [-49.975006103515625, -8.47500228881836]}, "properties": {"precip_mm": 0.2}}, {"type": "Feature", "geometry": {"type": "Point", "coordinates": [-49.475006103515625, -8.47500228881836]}, "properties": {"precip_mm": 0.3}}, {"type": "Feature", "geometry": {"type": "Point", "coordinates": [-48.975006103515625, -8.47500228881836]}, "properties": {"precip_mm": 0.2}}, {"type": "Feature", "geometry": {"type": "Point", "coordinates": [-48.475006103515625, -8.47500228881836]}, "properties": {"precip_mm": 0.2}}, {"type": "Feature", "geometry": {"type": "Point", "coordinates": [-46.975006103515625, -8.47500228881836]}, "properties": {"precip_mm": 0.2}}, {"type": "Feature", "geometry": {"type": "Point", "coordinates": [-46.475006103515625, -8.47500228881836]}, "properties": {"precip_mm": 0.1}}, {"type": "Feature", "geometry": {"type": "Point", "coordinates": [-45.975006103515625, -8.47500228881836]}, "properties": {"precip_mm": 0.1}}, {"type": "Feature", "geometry": {"type": "Point", "coordinates": [-45.475006103515625, -8.47500228881836]}, "properties": {"precip_mm": 0.1}}, {"type": "Feature", "geometry": {"type": "Point", "coordinates": [-44.975006103515625, -8.47500228881836]}, "properties": {"precip_mm": 0.1}}, {"type": "Feature", "geometry": {"type": "Point", "coordinates": [-44.475006103515625, -8.47500228881836]}, "properties": {"precip_mm": 0.2}}, {"type": "Feature", "geometry": {"type": "Point", "coordinates": [-43.975006103515625, -8.47500228881836]}, "properties": {"precip_mm": 0.3}}, {"type": "Feature", "geometry": {"type": "Point", "coordinates": [-42.975006103515625, -8.47500228881836]}, "properties": {"precip_mm": 0.2}}, {"type": "Feature", "geometry": {"type": "Point", "coordinates": [-42.475006103515625, -8.47500228881836]}, "properties": {"precip_mm": 0.2}}, {"type": "Feature", "geometry": {"type": "Point", "coordinates": [-41.975006103515625, -8.47500228881836]}, "properties": {"precip_mm": 0.1}}, {"type": "Feature", "geometry": {"type": "Point", "coordinates": [-41.475006103515625, -8.47500228881836]}, "properties": {"precip_mm": 0.0}}, {"type": "Feature", "geometry": {"type": "Point", "coordinates": [-40.975006103515625, -8.47500228881836]}, "properties": {"precip_mm": 0.1}}, {"type": "Feature", "geometry": {"type": "Point", "coordinates": [-40.475006103515625, -8.47500228881836]}, "properties": {"precip_mm": 0.1}}, {"type": "Feature", "geometry": {"type": "Point", "coordinates": [-39.975006103515625, -8.47500228881836]}, "properties": {"precip_mm": 0.2}}, {"type": "Feature", "geometry": {"type": "Point", "coordinates": [-39.475006103515625, -8.47500228881836]}, "properties": {"precip_mm": 0.2}}, {"type": "Feature", "geometry": {"type": "Point", "coordinates": [-38.975006103515625, -8.47500228881836]}, "properties": {"precip_mm": 0.5}}, {"type": "Feature", "geometry": {"type": "Point", "coordinates": [-38.475006103515625, -8.47500228881836]}, "properties": {"precip_mm": 0.4}}, {"type": "Feature", "geometry": {"type": "Point", "coordinates": [-37.975006103515625, -8.47500228881836]}, "properties": {"precip_mm": 0.9}}, {"type": "Feature", "geometry": {"type": "Point", "coordinates": [-37.475006103515625, -8.47500228881836]}, "properties": {"precip_mm": 1.1}}, {"type": "Feature", "geometry": {"type": "Point", "coordinates": [-36.975006103515625, -8.47500228881836]}, "properties": {"precip_mm": 1.2}}, {"type": "Feature", "geometry": {"type": "Point", "coordinates": [-36.475006103515625, -8.47500228881836]}, "properties": {"precip_mm": 1.3}}, {"type": "Feature", "geometry": {"type": "Point", "coordinates": [-35.975006103515625, -8.47500228881836]}, "properties": {"precip_mm": 2.6}}, {"type": "Feature", "geometry": {"type": "Point", "coordinates": [-35.475006103515625, -8.47500228881836]}, "properties": {"precip_mm": 5.5}}, {"type": "Feature", "geometry": {"type": "Point", "coordinates": [-34.975006103515625, -8.47500228881836]}, "properties": {"precip_mm": 4.6}}, {"type": "Feature", "geometry": {"type": "Point", "coordinates": [-78.97500610351562, -7.975002288818359]}, "properties": {"precip_mm": 0.3}}, {"type": "Feature", "geometry": {"type": "Point", "coordinates": [-77.47500610351562, -7.975002288818359]}, "properties": {"precip_mm": 0.3}}, {"type": "Feature", "geometry": {"type": "Point", "coordinates": [-76.97500610351562, -7.975002288818359]}, "properties": {"precip_mm": 0.8}}, {"type": "Feature", "geometry": {"type": "Point", "coordinates": [-76.47500610351562, -7.975002288818359]}, "properties": {"precip_mm": 1.3}}, {"type": "Feature", "geometry": {"type": "Point", "coordinates": [-75.97500610351562, -7.975002288818359]}, "properties": {"precip_mm": 1.3}}, {"type": "Feature", "geometry": {"type": "Point", "coordinates": [-75.47500610351562, -7.975002288818359]}, "properties": {"precip_mm": 1.1}}, {"type": "Feature", "geometry": {"type": "Point", "coordinates": [-74.97500610351562, -7.975002288818359]}, "properties": {"precip_mm": 0.6}}, {"type": "Feature", "geometry": {"type": "Point", "coordinates": [-74.47500610351562, -7.975002288818359]}, "properties": {"precip_mm": 0.6}}, {"type": "Feature", "geometry": {"type": "Point", "coordinates": [-73.97500610351562, -7.975002288818359]}, "properties": {"precip_mm": 0.8}}, {"type": "Feature", "geometry": {"type": "Point", "coordinates": [-73.47500610351562, -7.975002288818359]}, "properties": {"precip_mm": 0.6}}, {"type": "Feature", "geometry": {"type": "Point", "coordinates": [-72.97500610351562, -7.975002288818359]}, "properties": {"precip_mm": 0.3}}, {"type": "Feature", "geometry": {"type": "Point", "coordinates": [-72.47500610351562, -7.975002288818359]}, "properties": {"precip_mm": 0.4}}, {"type": "Feature", "geometry": {"type": "Point", "coordinates": [-71.97500610351562, -7.975002288818359]}, "properties": {"precip_mm": 0.5}}, {"type": "Feature", "geometry": {"type": "Point", "coordinates": [-71.47500610351562, -7.975002288818359]}, "properties": {"precip_mm": 0.7}}, {"type": "Feature", "geometry": {"type": "Point", "coordinates": [-70.97500610351562, -7.975002288818359]}, "properties": {"precip_mm": 0.9}}, {"type": "Feature", "geometry": {"type": "Point", "coordinates": [-70.47500610351562, -7.975002288818359]}, "properties": {"precip_mm": 0.5}}, {"type": "Feature", "geometry": {"type": "Point", "coordinates": [-69.97500610351562, -7.975002288818359]}, "properties": {"precip_mm": 1.0}}, {"type": "Feature", "geometry": {"type": "Point", "coordinates": [-69.47500610351562, -7.975002288818359]}, "properties": {"precip_mm": 1.1}}, {"type": "Feature", "geometry": {"type": "Point", "coordinates": [-68.97500610351562, -7.975002288818359]}, "properties": {"precip_mm": 1.3}}, {"type": "Feature", "geometry": {"type": "Point", "coordinates": [-68.47500610351562, -7.975002288818359]}, "properties": {"precip_mm": 1.2}}, {"type": "Feature", "geometry": {"type": "Point", "coordinates": [-67.97500610351562, -7.975002288818359]}, "properties": {"precip_mm": 1.3}}, {"type": "Feature", "geometry": {"type": "Point", "coordinates": [-67.47500610351562, -7.975002288818359]}, "properties": {"precip_mm": 1.9}}, {"type": "Feature", "geometry": {"type": "Point", "coordinates": [-66.97500610351562, -7.975002288818359]}, "properties": {"precip_mm": 1.6}}, {"type": "Feature", "geometry": {"type": "Point", "coordinates": [-66.47500610351562, -7.975002288818359]}, "properties": {"precip_mm": 1.4}}, {"type": "Feature", "geometry": {"type": "Point", "coordinates": [-65.97500610351562, -7.975002288818359]}, "properties": {"precip_mm": 1.6}}, {"type": "Feature", "geometry": {"type": "Point", "coordinates": [-65.47500610351562, -7.975002288818359]}, "properties": {"precip_mm": 1.5}}, {"type": "Feature", "geometry": {"type": "Point", "coordinates": [-64.97500610351562, -7.975002288818359]}, "properties": {"precip_mm": 1.5}}, {"type": "Feature", "geometry": {"type": "Point", "coordinates": [-64.47500610351562, -7.975002288818359]}, "properties": {"precip_mm": 1.6}}, {"type": "Feature", "geometry": {"type": "Point", "coordinates": [-63.975006103515625, -7.975002288818359]}, "properties": {"precip_mm": 1.7}}, {"type": "Feature", "geometry": {"type": "Point", "coordinates": [-63.475006103515625, -7.975002288818359]}, "properties": {"precip_mm": 1.1}}, {"type": "Feature", "geometry": {"type": "Point", "coordinates": [-62.975006103515625, -7.975002288818359]}, "properties": {"precip_mm": 1.2}}, {"type": "Feature", "geometry": {"type": "Point", "coordinates": [-62.475006103515625, -7.975002288818359]}, "properties": {"precip_mm": 1.2}}, {"type": "Feature", "geometry": {"type": "Point", "coordinates": [-61.975006103515625, -7.975002288818359]}, "properties": {"precip_mm": 1.2}}, {"type": "Feature", "geometry": {"type": "Point", "coordinates": [-61.475006103515625, -7.975002288818359]}, "properties": {"precip_mm": 1.0}}, {"type": "Feature", "geometry": {"type": "Point", "coordinates": [-60.975006103515625, -7.975002288818359]}, "properties": {"precip_mm": 0.8}}, {"type": "Feature", "geometry": {"type": "Point", "coordinates": [-60.475006103515625, -7.975002288818359]}, "properties": {"precip_mm": 0.7}}, {"type": "Feature", "geometry": {"type": "Point", "coordinates": [-59.975006103515625, -7.975002288818359]}, "properties": {"precip_mm": 0.5}}, {"type": "Feature", "geometry": {"type": "Point", "coordinates": [-59.475006103515625, -7.975002288818359]}, "properties": {"precip_mm": 0.6}}, {"type": "Feature", "geometry": {"type": "Point", "coordinates": [-58.975006103515625, -7.975002288818359]}, "properties": {"precip_mm": 0.3}}, {"type": "Feature", "geometry": {"type": "Point", "coordinates": [-58.475006103515625, -7.975002288818359]}, "properties": {"precip_mm": 0.2}}, {"type": "Feature", "geometry": {"type": "Point", "coordinates": [-57.975006103515625, -7.975002288818359]}, "properties": {"precip_mm": 0.2}}, {"type": "Feature", "geometry": {"type": "Point", "coordinates": [-57.475006103515625, -7.975002288818359]}, "properties": {"precip_mm": 0.4}}, {"type": "Feature", "geometry": {"type": "Point", "coordinates": [-56.975006103515625, -7.975002288818359]}, "properties": {"precip_mm": 0.3}}, {"type": "Feature", "geometry": {"type": "Point", "coordinates": [-56.475006103515625, -7.975002288818359]}, "properties": {"precip_mm": 0.2}}, {"type": "Feature", "geometry": {"type": "Point", "coordinates": [-55.975006103515625, -7.975002288818359]}, "properties": {"precip_mm": 0.1}}, {"type": "Feature", "geometry": {"type": "Point", "coordinates": [-55.475006103515625, -7.975002288818359]}, "properties": {"precip_mm": 0.2}}, {"type": "Feature", "geometry": {"type": "Point", "coordinates": [-54.975006103515625, -7.975002288818359]}, "properties": {"precip_mm": 0.5}}, {"type": "Feature", "geometry": {"type": "Point", "coordinates": [-54.475006103515625, -7.975002288818359]}, "properties": {"precip_mm": 0.1}}, {"type": "Feature", "geometry": {"type": "Point", "coordinates": [-53.975006103515625, -7.975002288818359]}, "properties": {"precip_mm": 0.2}}, {"type": "Feature", "geometry": {"type": "Point", "coordinates": [-53.475006103515625, -7.975002288818359]}, "properties": {"precip_mm": 0.2}}, {"type": "Feature", "geometry": {"type": "Point", "coordinates": [-52.975006103515625, -7.975002288818359]}, "properties": {"precip_mm": 0.2}}, {"type": "Feature", "geometry": {"type": "Point", "coordinates": [-52.475006103515625, -7.975002288818359]}, "properties": {"precip_mm": 0.4}}, {"type": "Feature", "geometry": {"type": "Point", "coordinates": [-51.975006103515625, -7.975002288818359]}, "properties": {"precip_mm": 0.4}}, {"type": "Feature", "geometry": {"type": "Point", "coordinates": [-51.475006103515625, -7.975002288818359]}, "properties": {"precip_mm": 0.3}}, {"type": "Feature", "geometry": {"type": "Point", "coordinates": [-50.975006103515625, -7.975002288818359]}, "properties": {"precip_mm": 0.4}}, {"type": "Feature", "geometry": {"type": "Point", "coordinates": [-50.475006103515625, -7.975002288818359]}, "properties": {"precip_mm": 0.3}}, {"type": "Feature", "geometry": {"type": "Point", "coordinates": [-49.975006103515625, -7.975002288818359]}, "properties": {"precip_mm": 0.3}}, {"type": "Feature", "geometry": {"type": "Point", "coordinates": [-49.475006103515625, -7.975002288818359]}, "properties": {"precip_mm": 0.4}}, {"type": "Feature", "geometry": {"type": "Point", "coordinates": [-48.975006103515625, -7.975002288818359]}, "properties": {"precip_mm": 0.4}}, {"type": "Feature", "geometry": {"type": "Point", "coordinates": [-48.475006103515625, -7.975002288818359]}, "properties": {"precip_mm": 0.5}}, {"type": "Feature", "geometry": {"type": "Point", "coordinates": [-47.975006103515625, -7.975002288818359]}, "properties": {"precip_mm": 0.2}}, {"type": "Feature", "geometry": {"type": "Point", "coordinates": [-47.475006103515625, -7.975002288818359]}, "properties": {"precip_mm": 0.2}}, {"type": "Feature", "geometry": {"type": "Point", "coordinates": [-46.475006103515625, -7.975002288818359]}, "properties": {"precip_mm": 0.2}}, {"type": "Feature", "geometry": {"type": "Point", "coordinates": [-45.975006103515625, -7.975002288818359]}, "properties": {"precip_mm": 0.1}}, {"type": "Feature", "geometry": {"type": "Point", "coordinates": [-45.475006103515625, -7.975002288818359]}, "properties": {"precip_mm": 0.2}}, {"type": "Feature", "geometry": {"type": "Point", "coordinates": [-44.975006103515625, -7.975002288818359]}, "properties": {"precip_mm": 0.2}}, {"type": "Feature", "geometry": {"type": "Point", "coordinates": [-44.475006103515625, -7.975002288818359]}, "properties": {"precip_mm": 0.1}}, {"type": "Feature", "geometry": {"type": "Point", "coordinates": [-43.975006103515625, -7.975002288818359]}, "properties": {"precip_mm": 0.4}}, {"type": "Feature", "geometry": {"type": "Point", "coordinates": [-42.975006103515625, -7.975002288818359]}, "properties": {"precip_mm": 0.4}}, {"type": "Feature", "geometry": {"type": "Point", "coordinates": [-42.475006103515625, -7.975002288818359]}, "properties": {"precip_mm": 0.2}}, {"type": "Feature", "geometry": {"type": "Point", "coordinates": [-41.975006103515625, -7.975002288818359]}, "properties": {"precip_mm": 0.2}}, {"type": "Feature", "geometry": {"type": "Point", "coordinates": [-40.975006103515625, -7.975002288818359]}, "properties": {"precip_mm": 0.1}}, {"type": "Feature", "geometry": {"type": "Point", "coordinates": [-40.475006103515625, -7.975002288818359]}, "properties": {"precip_mm": 0.2}}, {"type": "Feature", "geometry": {"type": "Point", "coordinates": [-39.975006103515625, -7.975002288818359]}, "properties": {"precip_mm": 0.2}}, {"type": "Feature", "geometry": {"type": "Point", "coordinates": [-39.475006103515625, -7.975002288818359]}, "properties": {"precip_mm": 0.2}}, {"type": "Feature", "geometry": {"type": "Point", "coordinates": [-38.975006103515625, -7.975002288818359]}, "properties": {"precip_mm": 0.3}}, {"type": "Feature", "geometry": {"type": "Point", "coordinates": [-38.475006103515625, -7.975002288818359]}, "properties": {"precip_mm": 0.5}}, {"type": "Feature", "geometry": {"type": "Point", "coordinates": [-37.975006103515625, -7.975002288818359]}, "properties": {"precip_mm": 0.7}}, {"type": "Feature", "geometry": {"type": "Point", "coordinates": [-37.475006103515625, -7.975002288818359]}, "properties": {"precip_mm": 0.8}}, {"type": "Feature", "geometry": {"type": "Point", "coordinates": [-36.975006103515625, -7.975002288818359]}, "properties": {"precip_mm": 0.9}}, {"type": "Feature", "geometry": {"type": "Point", "coordinates": [-36.475006103515625, -7.975002288818359]}, "properties": {"precip_mm": 0.9}}, {"type": "Feature", "geometry": {"type": "Point", "coordinates": [-35.975006103515625, -7.975002288818359]}, "properties": {"precip_mm": 2.0}}, {"type": "Feature", "geometry": {"type": "Point", "coordinates": [-35.475006103515625, -7.975002288818359]}, "properties": {"precip_mm": 2.2}}, {"type": "Feature", "geometry": {"type": "Point", "coordinates": [-34.975006103515625, -7.975002288818359]}, "properties": {"precip_mm": 4.4}}, {"type": "Feature", "geometry": {"type": "Point", "coordinates": [-79.47500610351562, -7.475002288818359]}, "properties": {"precip_mm": 0.2}}, {"type": "Feature", "geometry": {"type": "Point", "coordinates": [-77.47500610351562, -7.475002288818359]}, "properties": {"precip_mm": 0.4}}, {"type": "Feature", "geometry": {"type": "Point", "coordinates": [-76.97500610351562, -7.475002288818359]}, "properties": {"precip_mm": 1.2}}, {"type": "Feature", "geometry": {"type": "Point", "coordinates": [-76.47500610351562, -7.475002288818359]}, "properties": {"precip_mm": 1.3}}, {"type": "Feature", "geometry": {"type": "Point", "coordinates": [-75.97500610351562, -7.475002288818359]}, "properties": {"precip_mm": 0.9}}, {"type": "Feature", "geometry": {"type": "Point", "coordinates": [-75.47500610351562, -7.475002288818359]}, "properties": {"precip_mm": 0.7}}, {"type": "Feature", "geometry": {"type": "Point", "coordinates": [-74.97500610351562, -7.475002288818359]}, "properties": {"precip_mm": 0.9}}, {"type": "Feature", "geometry": {"type": "Point", "coordinates": [-74.47500610351562, -7.475002288818359]}, "properties": {"precip_mm": 0.9}}, {"type": "Feature", "geometry": {"type": "Point", "coordinates": [-73.97500610351562, -7.475002288818359]}, "properties": {"precip_mm": 0.8}}, {"type": "Feature", "geometry": {"type": "Point", "coordinates": [-73.47500610351562, -7.475002288818359]}, "properties": {"precip_mm": 0.6}}, {"type": "Feature", "geometry": {"type": "Point", "coordinates": [-72.97500610351562, -7.475002288818359]}, "properties": {"precip_mm": 0.6}}, {"type": "Feature", "geometry": {"type": "Point", "coordinates": [-72.47500610351562, -7.475002288818359]}, "properties": {"precip_mm": 0.5}}, {"type": "Feature", "geometry": {"type": "Point", "coordinates": [-71.97500610351562, -7.475002288818359]}, "properties": {"precip_mm": 0.7}}, {"type": "Feature", "geometry": {"type": "Point", "coordinates": [-71.47500610351562, -7.475002288818359]}, "properties": {"precip_mm": 1.0}}, {"type": "Feature", "geometry": {"type": "Point", "coordinates": [-70.97500610351562, -7.475002288818359]}, "properties": {"precip_mm": 0.7}}, {"type": "Feature", "geometry": {"type": "Point", "coordinates": [-70.47500610351562, -7.475002288818359]}, "properties": {"precip_mm": 0.9}}, {"type": "Feature", "geometry": {"type": "Point", "coordinates": [-69.97500610351562, -7.475002288818359]}, "properties": {"precip_mm": 0.6}}, {"type": "Feature", "geometry": {"type": "Point", "coordinates": [-69.47500610351562, -7.475002288818359]}, "properties": {"precip_mm": 0.7}}, {"type": "Feature", "geometry": {"type": "Point", "coordinates": [-68.97500610351562, -7.475002288818359]}, "properties": {"precip_mm": 1.1}}, {"type": "Feature", "geometry": {"type": "Point", "coordinates": [-68.47500610351562, -7.475002288818359]}, "properties": {"precip_mm": 1.0}}, {"type": "Feature", "geometry": {"type": "Point", "coordinates": [-67.97500610351562, -7.475002288818359]}, "properties": {"precip_mm": 1.5}}, {"type": "Feature", "geometry": {"type": "Point", "coordinates": [-67.47500610351562, -7.475002288818359]}, "properties": {"precip_mm": 1.6}}, {"type": "Feature", "geometry": {"type": "Point", "coordinates": [-66.97500610351562, -7.475002288818359]}, "properties": {"precip_mm": 1.6}}, {"type": "Feature", "geometry": {"type": "Point", "coordinates": [-66.47500610351562, -7.475002288818359]}, "properties": {"precip_mm": 2.2}}, {"type": "Feature", "geometry": {"type": "Point", "coordinates": [-65.97500610351562, -7.475002288818359]}, "properties": {"precip_mm": 1.9}}, {"type": "Feature", "geometry": {"type": "Point", "coordinates": [-65.47500610351562, -7.475002288818359]}, "properties": {"precip_mm": 1.9}}, {"type": "Feature", "geometry": {"type": "Point", "coordinates": [-64.97500610351562, -7.475002288818359]}, "properties": {"precip_mm": 1.3}}, {"type": "Feature", "geometry": {"type": "Point", "coordinates": [-64.47500610351562, -7.475002288818359]}, "properties": {"precip_mm": 1.2}}, {"type": "Feature", "geometry": {"type": "Point", "coordinates": [-63.975006103515625, -7.475002288818359]}, "properties": {"precip_mm": 1.2}}, {"type": "Feature", "geometry": {"type": "Point", "coordinates": [-63.475006103515625, -7.475002288818359]}, "properties": {"precip_mm": 1.0}}, {"type": "Feature", "geometry": {"type": "Point", "coordinates": [-62.975006103515625, -7.475002288818359]}, "properties": {"precip_mm": 0.8}}, {"type": "Feature", "geometry": {"type": "Point", "coordinates": [-62.475006103515625, -7.475002288818359]}, "properties": {"precip_mm": 1.3}}, {"type": "Feature", "geometry": {"type": "Point", "coordinates": [-61.975006103515625, -7.475002288818359]}, "properties": {"precip_mm": 1.6}}, {"type": "Feature", "geometry": {"type": "Point", "coordinates": [-61.475006103515625, -7.475002288818359]}, "properties": {"precip_mm": 1.3}}, {"type": "Feature", "geometry": {"type": "Point", "coordinates": [-60.975006103515625, -7.475002288818359]}, "properties": {"precip_mm": 1.1}}, {"type": "Feature", "geometry": {"type": "Point", "coordinates": [-60.475006103515625, -7.475002288818359]}, "properties": {"precip_mm": 1.0}}, {"type": "Feature", "geometry": {"type": "Point", "coordinates": [-59.975006103515625, -7.475002288818359]}, "properties": {"precip_mm": 0.6}}, {"type": "Feature", "geometry": {"type": "Point", "coordinates": [-59.475006103515625, -7.475002288818359]}, "properties": {"precip_mm": 0.4}}, {"type": "Feature", "geometry": {"type": "Point", "coordinates": [-58.975006103515625, -7.475002288818359]}, "properties": {"precip_mm": 0.4}}, {"type": "Feature", "geometry": {"type": "Point", "coordinates": [-58.475006103515625, -7.475002288818359]}, "properties": {"precip_mm": 0.4}}, {"type": "Feature", "geometry": {"type": "Point", "coordinates": [-57.975006103515625, -7.475002288818359]}, "properties": {"precip_mm": 0.3}}, {"type": "Feature", "geometry": {"type": "Point", "coordinates": [-57.475006103515625, -7.475002288818359]}, "properties": {"precip_mm": 0.3}}, {"type": "Feature", "geometry": {"type": "Point", "coordinates": [-56.975006103515625, -7.475002288818359]}, "properties": {"precip_mm": 0.2}}, {"type": "Feature", "geometry": {"type": "Point", "coordinates": [-56.475006103515625, -7.475002288818359]}, "properties": {"precip_mm": 0.3}}, {"type": "Feature", "geometry": {"type": "Point", "coordinates": [-55.975006103515625, -7.475002288818359]}, "properties": {"precip_mm": 0.4}}, {"type": "Feature", "geometry": {"type": "Point", "coordinates": [-55.475006103515625, -7.475002288818359]}, "properties": {"precip_mm": 0.2}}, {"type": "Feature", "geometry": {"type": "Point", "coordinates": [-54.975006103515625, -7.475002288818359]}, "properties": {"precip_mm": 0.1}}, {"type": "Feature", "geometry": {"type": "Point", "coordinates": [-54.475006103515625, -7.475002288818359]}, "properties": {"precip_mm": 1.1}}, {"type": "Feature", "geometry": {"type": "Point", "coordinates": [-53.975006103515625, -7.475002288818359]}, "properties": {"precip_mm": 1.2}}, {"type": "Feature", "geometry": {"type": "Point", "coordinates": [-53.475006103515625, -7.475002288818359]}, "properties": {"precip_mm": 0.7}}, {"type": "Feature", "geometry": {"type": "Point", "coordinates": [-52.975006103515625, -7.475002288818359]}, "properties": {"precip_mm": 0.2}}, {"type": "Feature", "geometry": {"type": "Point", "coordinates": [-52.475006103515625, -7.475002288818359]}, "properties": {"precip_mm": 0.5}}, {"type": "Feature", "geometry": {"type": "Point", "coordinates": [-51.975006103515625, -7.475002288818359]}, "properties": {"precip_mm": 0.5}}, {"type": "Feature", "geometry": {"type": "Point", "coordinates": [-51.475006103515625, -7.475002288818359]}, "properties": {"precip_mm": 0.3}}, {"type": "Feature", "geometry": {"type": "Point", "coordinates": [-50.975006103515625, -7.475002288818359]}, "properties": {"precip_mm": 0.9}}, {"type": "Feature", "geometry": {"type": "Point", "coordinates": [-50.475006103515625, -7.475002288818359]}, "properties": {"precip_mm": 0.5}}, {"type": "Feature", "geometry": {"type": "Point", "coordinates": [-49.975006103515625, -7.475002288818359]}, "properties": {"precip_mm": 0.5}}, {"type": "Feature", "geometry": {"type": "Point", "coordinates": [-49.475006103515625, -7.475002288818359]}, "properties": {"precip_mm": 0.5}}, {"type": "Feature", "geometry": {"type": "Point", "coordinates": [-48.975006103515625, -7.475002288818359]}, "properties": {"precip_mm": 0.6}}, {"type": "Feature", "geometry": {"type": "Point", "coordinates": [-48.475006103515625, -7.475002288818359]}, "properties": {"precip_mm": 0.9}}, {"type": "Feature", "geometry": {"type": "Point", "coordinates": [-47.975006103515625, -7.475002288818359]}, "properties": {"precip_mm": 0.8}}, {"type": "Feature", "geometry": {"type": "Point", "coordinates": [-47.475006103515625, -7.475002288818359]}, "properties": {"precip_mm": 0.3}}, {"type": "Feature", "geometry": {"type": "Point", "coordinates": [-46.975006103515625, -7.475002288818359]}, "properties": {"precip_mm": 0.2}}, {"type": "Feature", "geometry": {"type": "Point", "coordinates": [-46.475006103515625, -7.475002288818359]}, "properties": {"precip_mm": 0.2}}, {"type": "Feature", "geometry": {"type": "Point", "coordinates": [-45.975006103515625, -7.475002288818359]}, "properties": {"precip_mm": 0.3}}, {"type": "Feature", "geometry": {"type": "Point", "coordinates": [-45.475006103515625, -7.475002288818359]}, "properties": {"precip_mm": 0.2}}, {"type": "Feature", "geometry": {"type": "Point", "coordinates": [-44.975006103515625, -7.475002288818359]}, "properties": {"precip_mm": 0.2}}, {"type": "Feature", "geometry": {"type": "Point", "coordinates": [-44.475006103515625, -7.475002288818359]}, "properties": {"precip_mm": 0.1}}, {"type": "Feature", "geometry": {"type": "Point", "coordinates": [-43.975006103515625, -7.475002288818359]}, "properties": {"precip_mm": 0.0}}, {"type": "Feature", "geometry": {"type": "Point", "coordinates": [-43.475006103515625, -7.475002288818359]}, "properties": {"precip_mm": 0.6}}, {"type": "Feature", "geometry": {"type": "Point", "coordinates": [-42.975006103515625, -7.475002288818359]}, "properties": {"precip_mm": 0.7}}, {"type": "Feature", "geometry": {"type": "Point", "coordinates": [-42.475006103515625, -7.475002288818359]}, "properties": {"precip_mm": 0.5}}, {"type": "Feature", "geometry": {"type": "Point", "coordinates": [-41.975006103515625, -7.475002288818359]}, "properties": {"precip_mm": 0.2}}, {"type": "Feature", "geometry": {"type": "Point", "coordinates": [-41.475006103515625, -7.475002288818359]}, "properties": {"precip_mm": 0.2}}, {"type": "Feature", "geometry": {"type": "Point", "coordinates": [-40.975006103515625, -7.475002288818359]}, "properties": {"precip_mm": 0.2}}, {"type": "Feature", "geometry": {"type": "Point", "coordinates": [-40.475006103515625, -7.475002288818359]}, "properties": {"precip_mm": 0.2}}, {"type": "Feature", "geometry": {"type": "Point", "coordinates": [-39.975006103515625, -7.475002288818359]}, "properties": {"precip_mm": 0.3}}, {"type": "Feature", "geometry": {"type": "Point", "coordinates": [-39.475006103515625, -7.475002288818359]}, "properties": {"precip_mm": 0.3}}, {"type": "Feature", "geometry": {"type": "Point", "coordinates": [-38.975006103515625, -7.475002288818359]}, "properties": {"precip_mm": 0.4}}, {"type": "Feature", "geometry": {"type": "Point", "coordinates": [-38.475006103515625, -7.475002288818359]}, "properties": {"precip_mm": 0.4}}, {"type": "Feature", "geometry": {"type": "Point", "coordinates": [-37.975006103515625, -7.475002288818359]}, "properties": {"precip_mm": 0.6}}, {"type": "Feature", "geometry": {"type": "Point", "coordinates": [-37.475006103515625, -7.475002288818359]}, "properties": {"precip_mm": 0.8}}, {"type": "Feature", "geometry": {"type": "Point", "coordinates": [-36.975006103515625, -7.475002288818359]}, "properties": {"precip_mm": 0.8}}, {"type": "Feature", "geometry": {"type": "Point", "coordinates": [-36.475006103515625, -7.475002288818359]}, "properties": {"precip_mm": 0.5}}, {"type": "Feature", "geometry": {"type": "Point", "coordinates": [-35.975006103515625, -7.475002288818359]}, "properties": {"precip_mm": 0.7}}, {"type": "Feature", "geometry": {"type": "Point", "coordinates": [-35.475006103515625, -7.475002288818359]}, "properties": {"precip_mm": 3.3}}, {"type": "Feature", "geometry": {"type": "Point", "coordinates": [-34.975006103515625, -7.475002288818359]}, "properties": {"precip_mm": 3.7}}, {"type": "Feature", "geometry": {"type": "Point", "coordinates": [-78.97500610351562, -6.975002288818359]}, "properties": {"precip_mm": 0.6}}, {"type": "Feature", "geometry": {"type": "Point", "coordinates": [-78.47500610351562, -6.975002288818359]}, "properties": {"precip_mm": 0.5}}, {"type": "Feature", "geometry": {"type": "Point", "coordinates": [-77.97500610351562, -6.975002288818359]}, "properties": {"precip_mm": 0.3}}, {"type": "Feature", "geometry": {"type": "Point", "coordinates": [-77.47500610351562, -6.975002288818359]}, "properties": {"precip_mm": 1.1}}, {"type": "Feature", "geometry": {"type": "Point", "coordinates": [-76.97500610351562, -6.975002288818359]}, "properties": {"precip_mm": 0.8}}, {"type": "Feature", "geometry": {"type": "Point", "coordinates": [-76.47500610351562, -6.975002288818359]}, "properties": {"precip_mm": 0.6}}, {"type": "Feature", "geometry": {"type": "Point", "coordinates": [-75.97500610351562, -6.975002288818359]}, "properties": {"precip_mm": 1.0}}, {"type": "Feature", "geometry": {"type": "Point", "coordinates": [-75.47500610351562, -6.975002288818359]}, "properties": {"precip_mm": 0.8}}, {"type": "Feature", "geometry": {"type": "Point", "coordinates": [-74.97500610351562, -6.975002288818359]}, "properties": {"precip_mm": 0.9}}, {"type": "Feature", "geometry": {"type": "Point", "coordinates": [-74.47500610351562, -6.975002288818359]}, "properties": {"precip_mm": 1.2}}, {"type": "Feature", "geometry": {"type": "Point", "coordinates": [-73.97500610351562, -6.975002288818359]}, "properties": {"precip_mm": 1.1}}, {"type": "Feature", "geometry": {"type": "Point", "coordinates": [-73.47500610351562, -6.975002288818359]}, "properties": {"precip_mm": 0.9}}, {"type": "Feature", "geometry": {"type": "Point", "coordinates": [-72.97500610351562, -6.975002288818359]}, "properties": {"precip_mm": 0.7}}, {"type": "Feature", "geometry": {"type": "Point", "coordinates": [-72.47500610351562, -6.975002288818359]}, "properties": {"precip_mm": 0.6}}, {"type": "Feature", "geometry": {"type": "Point", "coordinates": [-71.97500610351562, -6.975002288818359]}, "properties": {"precip_mm": 0.9}}, {"type": "Feature", "geometry": {"type": "Point", "coordinates": [-71.47500610351562, -6.975002288818359]}, "properties": {"precip_mm": 1.0}}, {"type": "Feature", "geometry": {"type": "Point", "coordinates": [-70.97500610351562, -6.975002288818359]}, "properties": {"precip_mm": 0.9}}, {"type": "Feature", "geometry": {"type": "Point", "coordinates": [-70.47500610351562, -6.975002288818359]}, "properties": {"precip_mm": 1.0}}, {"type": "Feature", "geometry": {"type": "Point", "coordinates": [-69.97500610351562, -6.975002288818359]}, "properties": {"precip_mm": 0.8}}, {"type": "Feature", "geometry": {"type": "Point", "coordinates": [-69.47500610351562, -6.975002288818359]}, "properties": {"precip_mm": 0.9}}, {"type": "Feature", "geometry": {"type": "Point", "coordinates": [-68.97500610351562, -6.975002288818359]}, "properties": {"precip_mm": 1.5}}, {"type": "Feature", "geometry": {"type": "Point", "coordinates": [-68.47500610351562, -6.975002288818359]}, "properties": {"precip_mm": 0.9}}, {"type": "Feature", "geometry": {"type": "Point", "coordinates": [-67.97500610351562, -6.975002288818359]}, "properties": {"precip_mm": 1.2}}, {"type": "Feature", "geometry": {"type": "Point", "coordinates": [-67.47500610351562, -6.975002288818359]}, "properties": {"precip_mm": 1.5}}, {"type": "Feature", "geometry": {"type": "Point", "coordinates": [-66.97500610351562, -6.975002288818359]}, "properties": {"precip_mm": 2.0}}, {"type": "Feature", "geometry": {"type": "Point", "coordinates": [-66.47500610351562, -6.975002288818359]}, "properties": {"precip_mm": 1.7}}, {"type": "Feature", "geometry": {"type": "Point", "coordinates": [-65.97500610351562, -6.975002288818359]}, "properties": {"precip_mm": 2.2}}, {"type": "Feature", "geometry": {"type": "Point", "coordinates": [-65.47500610351562, -6.975002288818359]}, "properties": {"precip_mm": 2.1}}, {"type": "Feature", "geometry": {"type": "Point", "coordinates": [-64.97500610351562, -6.975002288818359]}, "properties": {"precip_mm": 2.2}}, {"type": "Feature", "geometry": {"type": "Point", "coordinates": [-64.47500610351562, -6.975002288818359]}, "properties": {"precip_mm": 2.3}}, {"type": "Feature", "geometry": {"type": "Point", "coordinates": [-63.975006103515625, -6.975002288818359]}, "properties": {"precip_mm": 1.9}}, {"type": "Feature", "geometry": {"type": "Point", "coordinates": [-63.475006103515625, -6.975002288818359]}, "properties": {"precip_mm": 1.9}}, {"type": "Feature", "geometry": {"type": "Point", "coordinates": [-62.975006103515625, -6.975002288818359]}, "properties": {"precip_mm": 1.6}}, {"type": "Feature", "geometry": {"type": "Point", "coordinates": [-62.475006103515625, -6.975002288818359]}, "properties": {"precip_mm": 1.6}}, {"type": "Feature", "geometry": {"type": "Point", "coordinates": [-61.975006103515625, -6.975002288818359]}, "properties": {"precip_mm": 1.8}}, {"type": "Feature", "geometry": {"type": "Point", "coordinates": [-61.475006103515625, -6.975002288818359]}, "properties": {"precip_mm": 1.1}}, {"type": "Feature", "geometry": {"type": "Point", "coordinates": [-60.975006103515625, -6.975002288818359]}, "properties": {"precip_mm": 1.6}}, {"type": "Feature", "geometry": {"type": "Point", "coordinates": [-60.475006103515625, -6.975002288818359]}, "properties": {"precip_mm": 1.2}}, {"type": "Feature", "geometry": {"type": "Point", "coordinates": [-59.975006103515625, -6.975002288818359]}, "properties": {"precip_mm": 0.8}}, {"type": "Feature", "geometry": {"type": "Point", "coordinates": [-59.475006103515625, -6.975002288818359]}, "properties": {"precip_mm": 0.6}}, {"type": "Feature", "geometry": {"type": "Point", "coordinates": [-58.975006103515625, -6.975002288818359]}, "properties": {"precip_mm": 0.5}}, {"type": "Feature", "geometry": {"type": "Point", "coordinates": [-58.475006103515625, -6.975002288818359]}, "properties": {"precip_mm": 0.6}}, {"type": "Feature", "geometry": {"type": "Point", "coordinates": [-57.975006103515625, -6.975002288818359]}, "properties": {"precip_mm": 0.8}}, {"type": "Feature", "geometry": {"type": "Point", "coordinates": [-57.475006103515625, -6.975002288818359]}, "properties": {"precip_mm": 0.5}}, {"type": "Feature", "geometry": {"type": "Point", "coordinates": [-56.975006103515625, -6.975002288818359]}, "properties": {"precip_mm": 0.6}}, {"type": "Feature", "geometry": {"type": "Point", "coordinates": [-56.475006103515625, -6.975002288818359]}, "properties": {"precip_mm": 0.6}}, {"type": "Feature", "geometry": {"type": "Point", "coordinates": [-55.975006103515625, -6.975002288818359]}, "properties": {"precip_mm": 0.4}}, {"type": "Feature", "geometry": {"type": "Point", "coordinates": [-55.475006103515625, -6.975002288818359]}, "properties": {"precip_mm": 0.5}}, {"type": "Feature", "geometry": {"type": "Point", "coordinates": [-54.975006103515625, -6.975002288818359]}, "properties": {"precip_mm": 0.4}}, {"type": "Feature", "geometry": {"type": "Point", "coordinates": [-54.475006103515625, -6.975002288818359]}, "properties": {"precip_mm": 0.7}}, {"type": "Feature", "geometry": {"type": "Point", "coordinates": [-53.975006103515625, -6.975002288818359]}, "properties": {"precip_mm": 0.6}}, {"type": "Feature", "geometry": {"type": "Point", "coordinates": [-53.475006103515625, -6.975002288818359]}, "properties": {"precip_mm": 0.7}}, {"type": "Feature", "geometry": {"type": "Point", "coordinates": [-52.975006103515625, -6.975002288818359]}, "properties": {"precip_mm": 0.8}}, {"type": "Feature", "geometry": {"type": "Point", "coordinates": [-52.475006103515625, -6.975002288818359]}, "properties": {"precip_mm": 0.7}}, {"type": "Feature", "geometry": {"type": "Point", "coordinates": [-51.975006103515625, -6.975002288818359]}, "properties": {"precip_mm": 1.6}}, {"type": "Feature", "geometry": {"type": "Point", "coordinates": [-51.475006103515625, -6.975002288818359]}, "properties": {"precip_mm": 2.5}}, {"type": "Feature", "geometry": {"type": "Point", "coordinates": [-50.975006103515625, -6.975002288818359]}, "properties": {"precip_mm": 2.3}}, {"type": "Feature", "geometry": {"type": "Point", "coordinates": [-50.475006103515625, -6.975002288818359]}, "properties": {"precip_mm": 1.4}}, {"type": "Feature", "geometry": {"type": "Point", "coordinates": [-49.975006103515625, -6.975002288818359]}, "properties": {"precip_mm": 0.8}}, {"type": "Feature", "geometry": {"type": "Point", "coordinates": [-49.475006103515625, -6.975002288818359]}, "properties": {"precip_mm": 0.7}}, {"type": "Feature", "geometry": {"type": "Point", "coordinates": [-48.975006103515625, -6.975002288818359]}, "properties": {"precip_mm": 0.5}}, {"type": "Feature", "geometry": {"type": "Point", "coordinates": [-48.475006103515625, -6.975002288818359]}, "properties": {"precip_mm": 0.7}}, {"type": "Feature", "geometry": {"type": "Point", "coordinates": [-47.975006103515625, -6.975002288818359]}, "properties": {"precip_mm": 0.7}}, {"type": "Feature", "geometry": {"type": "Point", "coordinates": [-47.475006103515625, -6.975002288818359]}, "properties": {"precip_mm": 0.3}}, {"type": "Feature", "geometry": {"type": "Point", "coordinates": [-46.975006103515625, -6.975002288818359]}, "properties": {"precip_mm": 0.4}}, {"type": "Feature", "geometry": {"type": "Point", "coordinates": [-46.475006103515625, -6.975002288818359]}, "properties": {"precip_mm": 0.3}}, {"type": "Feature", "geometry": {"type": "Point", "coordinates": [-45.975006103515625, -6.975002288818359]}, "properties": {"precip_mm": 0.2}}, {"type": "Feature", "geometry": {"type": "Point", "coordinates": [-45.475006103515625, -6.975002288818359]}, "properties": {"precip_mm": 0.2}}, {"type": "Feature", "geometry": {"type": "Point", "coordinates": [-44.975006103515625, -6.975002288818359]}, "properties": {"precip_mm": 0.3}}, {"type": "Feature", "geometry": {"type": "Point", "coordinates": [-44.475006103515625, -6.975002288818359]}, "properties": {"precip_mm": 0.1}}, {"type": "Feature", "geometry": {"type": "Point", "coordinates": [-43.475006103515625, -6.975002288818359]}, "properties": {"precip_mm": 1.0}}, {"type": "Feature", "geometry": {"type": "Point", "coordinates": [-42.975006103515625, -6.975002288818359]}, "properties": {"precip_mm": 0.5}}, {"type": "Feature", "geometry": {"type": "Point", "coordinates": [-42.475006103515625, -6.975002288818359]}, "properties": {"precip_mm": 0.3}}, {"type": "Feature", "geometry": {"type": "Point", "coordinates": [-41.975006103515625, -6.975002288818359]}, "properties": {"precip_mm": 0.2}}, {"type": "Feature", "geometry": {"type": "Point", "coordinates": [-41.475006103515625, -6.975002288818359]}, "properties": {"precip_mm": 0.2}}, {"type": "Feature", "geometry": {"type": "Point", "coordinates": [-40.975006103515625, -6.975002288818359]}, "properties": {"precip_mm": 0.2}}, {"type": "Feature", "geometry": {"type": "Point", "coordinates": [-40.475006103515625, -6.975002288818359]}, "properties": {"precip_mm": 0.2}}, {"type": "Feature", "geometry": {"type": "Point", "coordinates": [-39.975006103515625, -6.975002288818359]}, "properties": {"precip_mm": 0.2}}, {"type": "Feature", "geometry": {"type": "Point", "coordinates": [-39.475006103515625, -6.975002288818359]}, "properties": {"precip_mm": 0.3}}, {"type": "Feature", "geometry": {"type": "Point", "coordinates": [-38.975006103515625, -6.975002288818359]}, "properties": {"precip_mm": 0.3}}, {"type": "Feature", "geometry": {"type": "Point", "coordinates": [-38.475006103515625, -6.975002288818359]}, "properties": {"precip_mm": 0.4}}, {"type": "Feature", "geometry": {"type": "Point", "coordinates": [-37.975006103515625, -6.975002288818359]}, "properties": {"precip_mm": 0.3}}, {"type": "Feature", "geometry": {"type": "Point", "coordinates": [-37.475006103515625, -6.975002288818359]}, "properties": {"precip_mm": 0.5}}, {"type": "Feature", "geometry": {"type": "Point", "coordinates": [-36.975006103515625, -6.975002288818359]}, "properties": {"precip_mm": 0.4}}, {"type": "Feature", "geometry": {"type": "Point", "coordinates": [-36.475006103515625, -6.975002288818359]}, "properties": {"precip_mm": 0.3}}, {"type": "Feature", "geometry": {"type": "Point", "coordinates": [-35.975006103515625, -6.975002288818359]}, "properties": {"precip_mm": 0.9}}, {"type": "Feature", "geometry": {"type": "Point", "coordinates": [-35.475006103515625, -6.975002288818359]}, "properties": {"precip_mm": 4.1}}, {"type": "Feature", "geometry": {"type": "Point", "coordinates": [-34.975006103515625, -6.975002288818359]}, "properties": {"precip_mm": 5.3}}, {"type": "Feature", "geometry": {"type": "Point", "coordinates": [-78.97500610351562, -6.475002288818359]}, "properties": {"precip_mm": 0.7}}, {"type": "Feature", "geometry": {"type": "Point", "coordinates": [-78.47500610351562, -6.475002288818359]}, "properties": {"precip_mm": 0.8}}, {"type": "Feature", "geometry": {"type": "Point", "coordinates": [-77.47500610351562, -6.475002288818359]}, "properties": {"precip_mm": 0.9}}, {"type": "Feature", "geometry": {"type": "Point", "coordinates": [-76.97500610351562, -6.475002288818359]}, "properties": {"precip_mm": 0.9}}, {"type": "Feature", "geometry": {"type": "Point", "coordinates": [-76.47500610351562, -6.475002288818359]}, "properties": {"precip_mm": 0.9}}, {"type": "Feature", "geometry": {"type": "Point", "coordinates": [-75.97500610351562, -6.475002288818359]}, "properties": {"precip_mm": 1.2}}, {"type": "Feature", "geometry": {"type": "Point", "coordinates": [-75.47500610351562, -6.475002288818359]}, "properties": {"precip_mm": 1.1}}, {"type": "Feature", "geometry": {"type": "Point", "coordinates": [-74.97500610351562, -6.475002288818359]}, "properties": {"precip_mm": 0.9}}, {"type": "Feature", "geometry": {"type": "Point", "coordinates": [-74.47500610351562, -6.475002288818359]}, "properties": {"precip_mm": 1.6}}, {"type": "Feature", "geometry": {"type": "Point", "coordinates": [-73.97500610351562, -6.475002288818359]}, "properties": {"precip_mm": 1.4}}, {"type": "Feature", "geometry": {"type": "Point", "coordinates": [-73.47500610351562, -6.475002288818359]}, "properties": {"precip_mm": 1.2}}, {"type": "Feature", "geometry": {"type": "Point", "coordinates": [-72.97500610351562, -6.475002288818359]}, "properties": {"precip_mm": 1.0}}, {"type": "Feature", "geometry": {"type": "Point", "coordinates": [-72.47500610351562, -6.475002288818359]}, "properties": {"precip_mm": 1.4}}, {"type": "Feature", "geometry": {"type": "Point", "coordinates": [-71.97500610351562, -6.475002288818359]}, "properties": {"precip_mm": 1.4}}, {"type": "Feature", "geometry": {"type": "Point", "coordinates": [-71.47500610351562, -6.475002288818359]}, "properties": {"precip_mm": 1.8}}, {"type": "Feature", "geometry": {"type": "Point", "coordinates": [-70.97500610351562, -6.475002288818359]}, "properties": {"precip_mm": 1.6}}, {"type": "Feature", "geometry": {"type": "Point", "coordinates": [-70.47500610351562, -6.475002288818359]}, "properties": {"precip_mm": 2.0}}, {"type": "Feature", "geometry": {"type": "Point", "coordinates": [-69.97500610351562, -6.475002288818359]}, "properties": {"precip_mm": 1.8}}, {"type": "Feature", "geometry": {"type": "Point", "coordinates": [-69.47500610351562, -6.475002288818359]}, "properties": {"precip_mm": 1.4}}, {"type": "Feature", "geometry": {"type": "Point", "coordinates": [-68.97500610351562, -6.475002288818359]}, "properties": {"precip_mm": 1.7}}, {"type": "Feature", "geometry": {"type": "Point", "coordinates": [-68.47500610351562, -6.475002288818359]}, "properties": {"precip_mm": 1.1}}, {"type": "Feature", "geometry": {"type": "Point", "coordinates": [-67.97500610351562, -6.475002288818359]}, "properties": {"precip_mm": 1.5}}, {"type": "Feature", "geometry": {"type": "Point", "coordinates": [-67.47500610351562, -6.475002288818359]}, "properties": {"precip_mm": 3.3}}, {"type": "Feature", "geometry": {"type": "Point", "coordinates": [-66.97500610351562, -6.475002288818359]}, "properties": {"precip_mm": 3.4}}, {"type": "Feature", "geometry": {"type": "Point", "coordinates": [-66.47500610351562, -6.475002288818359]}, "properties": {"precip_mm": 3.2}}, {"type": "Feature", "geometry": {"type": "Point", "coordinates": [-65.97500610351562, -6.475002288818359]}, "properties": {"precip_mm": 2.4}}, {"type": "Feature", "geometry": {"type": "Point", "coordinates": [-65.47500610351562, -6.475002288818359]}, "properties": {"precip_mm": 2.3}}, {"type": "Feature", "geometry": {"type": "Point", "coordinates": [-64.97500610351562, -6.475002288818359]}, "properties": {"precip_mm": 2.9}}, {"type": "Feature", "geometry": {"type": "Point", "coordinates": [-64.47500610351562, -6.475002288818359]}, "properties": {"precip_mm": 2.3}}, {"type": "Feature", "geometry": {"type": "Point", "coordinates": [-63.975006103515625, -6.475002288818359]}, "properties": {"precip_mm": 2.1}}, {"type": "Feature", "geometry": {"type": "Point", "coordinates": [-63.475006103515625, -6.475002288818359]}, "properties": {"precip_mm": 1.9}}, {"type": "Feature", "geometry": {"type": "Point", "coordinates": [-62.975006103515625, -6.475002288818359]}, "properties": {"precip_mm": 1.9}}, {"type": "Feature", "geometry": {"type": "Point", "coordinates": [-62.475006103515625, -6.475002288818359]}, "properties": {"precip_mm": 2.3}}, {"type": "Feature", "geometry": {"type": "Point", "coordinates": [-61.975006103515625, -6.475002288818359]}, "properties": {"precip_mm": 2.2}}, {"type": "Feature", "geometry": {"type": "Point", "coordinates": [-61.475006103515625, -6.475002288818359]}, "properties": {"precip_mm": 1.8}}, {"type": "Feature", "geometry": {"type": "Point", "coordinates": [-60.975006103515625, -6.475002288818359]}, "properties": {"precip_mm": 0.8}}, {"type": "Feature", "geometry": {"type": "Point", "coordinates": [-60.475006103515625, -6.475002288818359]}, "properties": {"precip_mm": 0.8}}, {"type": "Feature", "geometry": {"type": "Point", "coordinates": [-59.975006103515625, -6.475002288818359]}, "properties": {"precip_mm": 1.1}}, {"type": "Feature", "geometry": {"type": "Point", "coordinates": [-59.475006103515625, -6.475002288818359]}, "properties": {"precip_mm": 0.6}}, {"type": "Feature", "geometry": {"type": "Point", "coordinates": [-58.975006103515625, -6.475002288818359]}, "properties": {"precip_mm": 0.9}}, {"type": "Feature", "geometry": {"type": "Point", "coordinates": [-58.475006103515625, -6.475002288818359]}, "properties": {"precip_mm": 0.6}}, {"type": "Feature", "geometry": {"type": "Point", "coordinates": [-57.975006103515625, -6.475002288818359]}, "properties": {"precip_mm": 0.8}}, {"type": "Feature", "geometry": {"type": "Point", "coordinates": [-57.475006103515625, -6.475002288818359]}, "properties": {"precip_mm": 0.7}}, {"type": "Feature", "geometry": {"type": "Point", "coordinates": [-56.975006103515625, -6.475002288818359]}, "properties": {"precip_mm": 0.6}}, {"type": "Feature", "geometry": {"type": "Point", "coordinates": [-56.475006103515625, -6.475002288818359]}, "properties": {"precip_mm": 0.3}}, {"type": "Feature", "geometry": {"type": "Point", "coordinates": [-55.975006103515625, -6.475002288818359]}, "properties": {"precip_mm": 0.4}}, {"type": "Feature", "geometry": {"type": "Point", "coordinates": [-55.475006103515625, -6.475002288818359]}, "properties": {"precip_mm": 0.3}}, {"type": "Feature", "geometry": {"type": "Point", "coordinates": [-54.975006103515625, -6.475002288818359]}, "properties": {"precip_mm": 0.3}}, {"type": "Feature", "geometry": {"type": "Point", "coordinates": [-54.475006103515625, -6.475002288818359]}, "properties": {"precip_mm": 0.7}}, {"type": "Feature", "geometry": {"type": "Point", "coordinates": [-53.975006103515625, -6.475002288818359]}, "properties": {"precip_mm": 0.3}}, {"type": "Feature", "geometry": {"type": "Point", "coordinates": [-53.475006103515625, -6.475002288818359]}, "properties": {"precip_mm": 1.0}}, {"type": "Feature", "geometry": {"type": "Point", "coordinates": [-52.975006103515625, -6.475002288818359]}, "properties": {"precip_mm": 0.8}}, {"type": "Feature", "geometry": {"type": "Point", "coordinates": [-52.475006103515625, -6.475002288818359]}, "properties": {"precip_mm": 1.2}}, {"type": "Feature", "geometry": {"type": "Point", "coordinates": [-51.975006103515625, -6.475002288818359]}, "properties": {"precip_mm": 0.9}}, {"type": "Feature", "geometry": {"type": "Point", "coordinates": [-51.475006103515625, -6.475002288818359]}, "properties": {"precip_mm": 1.4}}, {"type": "Feature", "geometry": {"type": "Point", "coordinates": [-50.975006103515625, -6.475002288818359]}, "properties": {"precip_mm": 1.3}}, {"type": "Feature", "geometry": {"type": "Point", "coordinates": [-50.475006103515625, -6.475002288818359]}, "properties": {"precip_mm": 1.9}}, {"type": "Feature", "geometry": {"type": "Point", "coordinates": [-49.975006103515625, -6.475002288818359]}, "properties": {"precip_mm": 1.7}}, {"type": "Feature", "geometry": {"type": "Point", "coordinates": [-49.475006103515625, -6.475002288818359]}, "properties": {"precip_mm": 0.9}}, {"type": "Feature", "geometry": {"type": "Point", "coordinates": [-48.975006103515625, -6.475002288818359]}, "properties": {"precip_mm": 0.7}}, {"type": "Feature", "geometry": {"type": "Point", "coordinates": [-48.475006103515625, -6.475002288818359]}, "properties": {"precip_mm": 0.6}}, {"type": "Feature", "geometry": {"type": "Point", "coordinates": [-47.975006103515625, -6.475002288818359]}, "properties": {"precip_mm": 0.5}}, {"type": "Feature", "geometry": {"type": "Point", "coordinates": [-46.975006103515625, -6.475002288818359]}, "properties": {"precip_mm": 0.2}}, {"type": "Feature", "geometry": {"type": "Point", "coordinates": [-46.475006103515625, -6.475002288818359]}, "properties": {"precip_mm": 0.3}}, {"type": "Feature", "geometry": {"type": "Point", "coordinates": [-45.975006103515625, -6.475002288818359]}, "properties": {"precip_mm": 0.3}}, {"type": "Feature", "geometry": {"type": "Point", "coordinates": [-45.475006103515625, -6.475002288818359]}, "properties": {"precip_mm": 0.3}}, {"type": "Feature", "geometry": {"type": "Point", "coordinates": [-44.975006103515625, -6.475002288818359]}, "properties": {"precip_mm": 0.3}}, {"type": "Feature", "geometry": {"type": "Point", "coordinates": [-44.475006103515625, -6.475002288818359]}, "properties": {"precip_mm": 0.1}}, {"type": "Feature", "geometry": {"type": "Point", "coordinates": [-42.975006103515625, -6.475002288818359]}, "properties": {"precip_mm": 0.1}}, {"type": "Feature", "geometry": {"type": "Point", "coordinates": [-42.475006103515625, -6.475002288818359]}, "properties": {"precip_mm": 0.3}}, {"type": "Feature", "geometry": {"type": "Point", "coordinates": [-41.975006103515625, -6.475002288818359]}, "properties": {"precip_mm": 0.2}}, {"type": "Feature", "geometry": {"type": "Point", "coordinates": [-41.475006103515625, -6.475002288818359]}, "properties": {"precip_mm": 0.2}}, {"type": "Feature", "geometry": {"type": "Point", "coordinates": [-40.975006103515625, -6.475002288818359]}, "properties": {"precip_mm": 0.2}}, {"type": "Feature", "geometry": {"type": "Point", "coordinates": [-39.975006103515625, -6.475002288818359]}, "properties": {"precip_mm": 0.3}}, {"type": "Feature", "geometry": {"type": "Point", "coordinates": [-39.475006103515625, -6.475002288818359]}, "properties": {"precip_mm": 0.2}}, {"type": "Feature", "geometry": {"type": "Point", "coordinates": [-38.975006103515625, -6.475002288818359]}, "properties": {"precip_mm": 0.3}}, {"type": "Feature", "geometry": {"type": "Point", "coordinates": [-38.475006103515625, -6.475002288818359]}, "properties": {"precip_mm": 0.6}}, {"type": "Feature", "geometry": {"type": "Point", "coordinates": [-37.975006103515625, -6.475002288818359]}, "properties": {"precip_mm": 0.4}}, {"type": "Feature", "geometry": {"type": "Point", "coordinates": [-37.475006103515625, -6.475002288818359]}, "properties": {"precip_mm": 0.2}}, {"type": "Feature", "geometry": {"type": "Point", "coordinates": [-36.975006103515625, -6.475002288818359]}, "properties": {"precip_mm": 0.2}}, {"type": "Feature", "geometry": {"type": "Point", "coordinates": [-36.475006103515625, -6.475002288818359]}, "properties": {"precip_mm": 0.2}}, {"type": "Feature", "geometry": {"type": "Point", "coordinates": [-35.975006103515625, -6.475002288818359]}, "properties": {"precip_mm": 1.5}}, {"type": "Feature", "geometry": {"type": "Point", "coordinates": [-35.475006103515625, -6.475002288818359]}, "properties": {"precip_mm": 3.6}}, {"type": "Feature", "geometry": {"type": "Point", "coordinates": [-34.975006103515625, -6.475002288818359]}, "properties": {"precip_mm": 7.4}}, {"type": "Feature", "geometry": {"type": "Point", "coordinates": [-78.97500610351562, -5.975002288818359]}, "properties": {"precip_mm": 0.9}}, {"type": "Feature", "geometry": {"type": "Point", "coordinates": [-78.47500610351562, -5.975002288818359]}, "properties": {"precip_mm": 0.7}}, {"type": "Feature", "geometry": {"type": "Point", "coordinates": [-77.97500610351562, -5.975002288818359]}, "properties": {"precip_mm": 1.4}}, {"type": "Feature", "geometry": {"type": "Point", "coordinates": [-77.47500610351562, -5.975002288818359]}, "properties": {"precip_mm": 1.5}}, {"type": "Feature", "geometry": {"type": "Point", "coordinates": [-76.97500610351562, -5.975002288818359]}, "properties": {"precip_mm": 1.0}}, {"type": "Feature", "geometry": {"type": "Point", "coordinates": [-76.47500610351562, -5.975002288818359]}, "properties": {"precip_mm": 1.9}}, {"type": "Feature", "geometry": {"type": "Point", "coordinates": [-75.97500610351562, -5.975002288818359]}, "properties": {"precip_mm": 1.4}}, {"type": "Feature", "geometry": {"type": "Point", "coordinates": [-75.47500610351562, -5.975002288818359]}, "properties": {"precip_mm": 1.3}}, {"type": "Feature", "geometry": {"type": "Point", "coordinates": [-74.97500610351562, -5.975002288818359]}, "properties": {"precip_mm": 1.4}}, {"type": "Feature", "geometry": {"type": "Point", "coordinates": [-74.47500610351562, -5.975002288818359]}, "properties": {"precip_mm": 2.1}}, {"type": "Feature", "geometry": {"type": "Point", "coordinates": [-73.97500610351562, -5.975002288818359]}, "properties": {"precip_mm": 1.6}}, {"type": "Feature", "geometry": {"type": "Point", "coordinates": [-73.47500610351562, -5.975002288818359]}, "properties": {"precip_mm": 1.1}}, {"type": "Feature", "geometry": {"type": "Point", "coordinates": [-72.97500610351562, -5.975002288818359]}, "properties": {"precip_mm": 0.9}}, {"type": "Feature", "geometry": {"type": "Point", "coordinates": [-72.47500610351562, -5.975002288818359]}, "properties": {"precip_mm": 1.5}}, {"type": "Feature", "geometry": {"type": "Point", "coordinates": [-71.97500610351562, -5.975002288818359]}, "properties": {"precip_mm": 1.5}}, {"type": "Feature", "geometry": {"type": "Point", "coordinates": [-71.47500610351562, -5.975002288818359]}, "properties": {"precip_mm": 2.1}}, {"type": "Feature", "geometry": {"type": "Point", "coordinates": [-70.97500610351562, -5.975002288818359]}, "properties": {"precip_mm": 2.4}}, {"type": "Feature", "geometry": {"type": "Point", "coordinates": [-70.47500610351562, -5.975002288818359]}, "properties": {"precip_mm": 2.1}}, {"type": "Feature", "geometry": {"type": "Point", "coordinates": [-69.97500610351562, -5.975002288818359]}, "properties": {"precip_mm": 2.6}}, {"type": "Feature", "geometry": {"type": "Point", "coordinates": [-69.47500610351562, -5.975002288818359]}, "properties": {"precip_mm": 2.4}}, {"type": "Feature", "geometry": {"type": "Point", "coordinates": [-68.97500610351562, -5.975002288818359]}, "properties": {"precip_mm": 2.1}}, {"type": "Feature", "geometry": {"type": "Point", "coordinates": [-68.47500610351562, -5.975002288818359]}, "properties": {"precip_mm": 2.5}}, {"type": "Feature", "geometry": {"type": "Point", "coordinates": [-67.97500610351562, -5.975002288818359]}, "properties": {"precip_mm": 2.5}}, {"type": "Feature", "geometry": {"type": "Point", "coordinates": [-67.47500610351562, -5.975002288818359]}, "properties": {"precip_mm": 2.6}}, {"type": "Feature", "geometry": {"type": "Point", "coordinates": [-66.97500610351562, -5.975002288818359]}, "properties": {"precip_mm": 2.4}}, {"type": "Feature", "geometry": {"type": "Point", "coordinates": [-66.47500610351562, -5.975002288818359]}, "properties": {"precip_mm": 3.0}}, {"type": "Feature", "geometry": {"type": "Point", "coordinates": [-65.97500610351562, -5.975002288818359]}, "properties": {"precip_mm": 2.7}}, {"type": "Feature", "geometry": {"type": "Point", "coordinates": [-65.47500610351562, -5.975002288818359]}, "properties": {"precip_mm": 2.6}}, {"type": "Feature", "geometry": {"type": "Point", "coordinates": [-64.97500610351562, -5.975002288818359]}, "properties": {"precip_mm": 2.8}}, {"type": "Feature", "geometry": {"type": "Point", "coordinates": [-64.47500610351562, -5.975002288818359]}, "properties": {"precip_mm": 2.6}}, {"type": "Feature", "geometry": {"type": "Point", "coordinates": [-63.975006103515625, -5.975002288818359]}, "properties": {"precip_mm": 2.1}}, {"type": "Feature", "geometry": {"type": "Point", "coordinates": [-63.475006103515625, -5.975002288818359]}, "properties": {"precip_mm": 1.6}}, {"type": "Feature", "geometry": {"type": "Point", "coordinates": [-62.975006103515625, -5.975002288818359]}, "properties": {"precip_mm": 2.0}}, {"type": "Feature", "geometry": {"type": "Point", "coordinates": [-62.475006103515625, -5.975002288818359]}, "properties": {"precip_mm": 2.5}}, {"type": "Feature", "geometry": {"type": "Point", "coordinates": [-61.975006103515625, -5.975002288818359]}, "properties": {"precip_mm": 3.1}}, {"type": "Feature", "geometry": {"type": "Point", "coordinates": [-61.475006103515625, -5.975002288818359]}, "properties": {"precip_mm": 1.7}}, {"type": "Feature", "geometry": {"type": "Point", "coordinates": [-60.975006103515625, -5.975002288818359]}, "properties": {"precip_mm": 1.5}}, {"type": "Feature", "geometry": {"type": "Point", "coordinates": [-60.475006103515625, -5.975002288818359]}, "properties": {"precip_mm": 0.7}}, {"type": "Feature", "geometry": {"type": "Point", "coordinates": [-59.975006103515625, -5.975002288818359]}, "properties": {"precip_mm": 0.7}}, {"type": "Feature", "geometry": {"type": "Point", "coordinates": [-59.475006103515625, -5.975002288818359]}, "properties": {"precip_mm": 0.5}}, {"type": "Feature", "geometry": {"type": "Point", "coordinates": [-58.975006103515625, -5.975002288818359]}, "properties": {"precip_mm": 0.7}}, {"type": "Feature", "geometry": {"type": "Point", "coordinates": [-58.475006103515625, -5.975002288818359]}, "properties": {"precip_mm": 0.8}}, {"type": "Feature", "geometry": {"type": "Point", "coordinates": [-57.975006103515625, -5.975002288818359]}, "properties": {"precip_mm": 0.8}}, {"type": "Feature", "geometry": {"type": "Point", "coordinates": [-57.475006103515625, -5.975002288818359]}, "properties": {"precip_mm": 0.4}}, {"type": "Feature", "geometry": {"type": "Point", "coordinates": [-56.975006103515625, -5.975002288818359]}, "properties": {"precip_mm": 0.8}}, {"type": "Feature", "geometry": {"type": "Point", "coordinates": [-56.475006103515625, -5.975002288818359]}, "properties": {"precip_mm": 1.0}}, {"type": "Feature", "geometry": {"type": "Point", "coordinates": [-55.975006103515625, -5.975002288818359]}, "properties": {"precip_mm": 0.8}}, {"type": "Feature", "geometry": {"type": "Point", "coordinates": [-55.475006103515625, -5.975002288818359]}, "properties": {"precip_mm": 0.6}}, {"type": "Feature", "geometry": {"type": "Point", "coordinates": [-54.975006103515625, -5.975002288818359]}, "properties": {"precip_mm": 0.9}}, {"type": "Feature", "geometry": {"type": "Point", "coordinates": [-54.475006103515625, -5.975002288818359]}, "properties": {"precip_mm": 0.8}}, {"type": "Feature", "geometry": {"type": "Point", "coordinates": [-53.975006103515625, -5.975002288818359]}, "properties": {"precip_mm": 0.5}}, {"type": "Feature", "geometry": {"type": "Point", "coordinates": [-53.475006103515625, -5.975002288818359]}, "properties": {"precip_mm": 0.3}}, {"type": "Feature", "geometry": {"type": "Point", "coordinates": [-52.975006103515625, -5.975002288818359]}, "properties": {"precip_mm": 0.5}}, {"type": "Feature", "geometry": {"type": "Point", "coordinates": [-52.475006103515625, -5.975002288818359]}, "properties": {"precip_mm": 1.0}}, {"type": "Feature", "geometry": {"type": "Point", "coordinates": [-51.975006103515625, -5.975002288818359]}, "properties": {"precip_mm": 0.9}}, {"type": "Feature", "geometry": {"type": "Point", "coordinates": [-51.475006103515625, -5.975002288818359]}, "properties": {"precip_mm": 1.1}}, {"type": "Feature", "geometry": {"type": "Point", "coordinates": [-50.975006103515625, -5.975002288818359]}, "properties": {"precip_mm": 0.6}}, {"type": "Feature", "geometry": {"type": "Point", "coordinates": [-50.475006103515625, -5.975002288818359]}, "properties": {"precip_mm": 1.3}}, {"type": "Feature", "geometry": {"type": "Point", "coordinates": [-49.975006103515625, -5.975002288818359]}, "properties": {"precip_mm": 0.8}}, {"type": "Feature", "geometry": {"type": "Point", "coordinates": [-49.475006103515625, -5.975002288818359]}, "properties": {"precip_mm": 0.7}}, {"type": "Feature", "geometry": {"type": "Point", "coordinates": [-48.975006103515625, -5.975002288818359]}, "properties": {"precip_mm": 0.4}}, {"type": "Feature", "geometry": {"type": "Point", "coordinates": [-48.475006103515625, -5.975002288818359]}, "properties": {"precip_mm": 0.3}}, {"type": "Feature", "geometry": {"type": "Point", "coordinates": [-47.975006103515625, -5.975002288818359]}, "properties": {"precip_mm": 0.2}}, {"type": "Feature", "geometry": {"type": "Point", "coordinates": [-47.475006103515625, -5.975002288818359]}, "properties": {"precip_mm": 0.3}}, {"type": "Feature", "geometry": {"type": "Point", "coordinates": [-46.975006103515625, -5.975002288818359]}, "properties": {"precip_mm": 0.3}}, {"type": "Feature", "geometry": {"type": "Point", "coordinates": [-46.475006103515625, -5.975002288818359]}, "properties": {"precip_mm": 0.5}}, {"type": "Feature", "geometry": {"type": "Point", "coordinates": [-45.975006103515625, -5.975002288818359]}, "properties": {"precip_mm": 0.3}}, {"type": "Feature", "geometry": {"type": "Point", "coordinates": [-45.475006103515625, -5.975002288818359]}, "properties": {"precip_mm": 0.3}}, {"type": "Feature", "geometry": {"type": "Point", "coordinates": [-44.975006103515625, -5.975002288818359]}, "properties": {"precip_mm": 0.2}}, {"type": "Feature", "geometry": {"type": "Point", "coordinates": [-44.475006103515625, -5.975002288818359]}, "properties": {"precip_mm": 0.2}}, {"type": "Feature", "geometry": {"type": "Point", "coordinates": [-43.475006103515625, -5.975002288818359]}, "properties": {"precip_mm": 0.1}}, {"type": "Feature", "geometry": {"type": "Point", "coordinates": [-42.975006103515625, -5.975002288818359]}, "properties": {"precip_mm": 0.3}}, {"type": "Feature", "geometry": {"type": "Point", "coordinates": [-42.475006103515625, -5.975002288818359]}, "properties": {"precip_mm": 0.2}}, {"type": "Feature", "geometry": {"type": "Point", "coordinates": [-41.975006103515625, -5.975002288818359]}, "properties": {"precip_mm": 0.2}}, {"type": "Feature", "geometry": {"type": "Point", "coordinates": [-41.475006103515625, -5.975002288818359]}, "properties": {"precip_mm": 0.2}}, {"type": "Feature", "geometry": {"type": "Point", "coordinates": [-40.975006103515625, -5.975002288818359]}, "properties": {"precip_mm": 0.3}}, {"type": "Feature", "geometry": {"type": "Point", "coordinates": [-39.975006103515625, -5.975002288818359]}, "properties": {"precip_mm": 0.3}}, {"type": "Feature", "geometry": {"type": "Point", "coordinates": [-39.475006103515625, -5.975002288818359]}, "properties": {"precip_mm": 0.5}}, {"type": "Feature", "geometry": {"type": "Point", "coordinates": [-38.975006103515625, -5.975002288818359]}, "properties": {"precip_mm": 0.3}}, {"type": "Feature", "geometry": {"type": "Point", "coordinates": [-38.475006103515625, -5.975002288818359]}, "properties": {"precip_mm": 0.5}}, {"type": "Feature", "geometry": {"type": "Point", "coordinates": [-37.975006103515625, -5.975002288818359]}, "properties": {"precip_mm": 0.5}}, {"type": "Feature", "geometry": {"type": "Point", "coordinates": [-37.475006103515625, -5.975002288818359]}, "properties": {"precip_mm": 0.3}}, {"type": "Feature", "geometry": {"type": "Point", "coordinates": [-36.975006103515625, -5.975002288818359]}, "properties": {"precip_mm": 0.5}}, {"type": "Feature", "geometry": {"type": "Point", "coordinates": [-36.475006103515625, -5.975002288818359]}, "properties": {"precip_mm": 0.4}}, {"type": "Feature", "geometry": {"type": "Point", "coordinates": [-35.975006103515625, -5.975002288818359]}, "properties": {"precip_mm": 1.1}}, {"type": "Feature", "geometry": {"type": "Point", "coordinates": [-35.475006103515625, -5.975002288818359]}, "properties": {"precip_mm": 3.9}}, {"type": "Feature", "geometry": {"type": "Point", "coordinates": [-78.97500610351562, -5.475002288818359]}, "properties": {"precip_mm": 1.3}}, {"type": "Feature", "geometry": {"type": "Point", "coordinates": [-78.47500610351562, -5.475002288818359]}, "properties": {"precip_mm": 1.5}}, {"type": "Feature", "geometry": {"type": "Point", "coordinates": [-77.97500610351562, -5.475002288818359]}, "properties": {"precip_mm": 2.3}}, {"type": "Feature", "geometry": {"type": "Point", "coordinates": [-77.47500610351562, -5.475002288818359]}, "properties": {"precip_mm": 2.3}}, {"type": "Feature", "geometry": {"type": "Point", "coordinates": [-76.97500610351562, -5.475002288818359]}, "properties": {"precip_mm": 2.0}}, {"type": "Feature", "geometry": {"type": "Point", "coordinates": [-76.47500610351562, -5.475002288818359]}, "properties": {"precip_mm": 1.5}}, {"type": "Feature", "geometry": {"type": "Point", "coordinates": [-75.97500610351562, -5.475002288818359]}, "properties": {"precip_mm": 1.6}}, {"type": "Feature", "geometry": {"type": "Point", "coordinates": [-75.47500610351562, -5.475002288818359]}, "properties": {"precip_mm": 1.9}}, {"type": "Feature", "geometry": {"type": "Point", "coordinates": [-74.97500610351562, -5.475002288818359]}, "properties": {"precip_mm": 2.6}}, {"type": "Feature", "geometry": {"type": "Point", "coordinates": [-74.47500610351562, -5.475002288818359]}, "properties": {"precip_mm": 3.0}}, {"type": "Feature", "geometry": {"type": "Point", "coordinates": [-73.97500610351562, -5.475002288818359]}, "properties": {"precip_mm": 2.4}}, {"type": "Feature", "geometry": {"type": "Point", "coordinates": [-73.47500610351562, -5.475002288818359]}, "properties": {"precip_mm": 2.8}}, {"type": "Feature", "geometry": {"type": "Point", "coordinates": [-72.97500610351562, -5.475002288818359]}, "properties": {"precip_mm": 2.0}}, {"type": "Feature", "geometry": {"type": "Point", "coordinates": [-72.47500610351562, -5.475002288818359]}, "properties": {"precip_mm": 2.3}}, {"type": "Feature", "geometry": {"type": "Point", "coordinates": [-71.97500610351562, -5.475002288818359]}, "properties": {"precip_mm": 3.3}}, {"type": "Feature", "geometry": {"type": "Point", "coordinates": [-71.47500610351562, -5.475002288818359]}, "properties": {"precip_mm": 2.8}}, {"type": "Feature", "geometry": {"type": "Point", "coordinates": [-70.97500610351562, -5.475002288818359]}, "properties": {"precip_mm": 3.5}}, {"type": "Feature", "geometry": {"type": "Point", "coordinates": [-70.47500610351562, -5.475002288818359]}, "properties": {"precip_mm": 3.6}}, {"type": "Feature", "geometry": {"type": "Point", "coordinates": [-69.97500610351562, -5.475002288818359]}, "properties": {"precip_mm": 4.3}}, {"type": "Feature", "geometry": {"type": "Point", "coordinates": [-69.47500610351562, -5.475002288818359]}, "properties": {"precip_mm": 2.9}}, {"type": "Feature", "geometry": {"type": "Point", "coordinates": [-68.97500610351562, -5.475002288818359]}, "properties": {"precip_mm": 2.9}}, {"type": "Feature", "geometry": {"type": "Point", "coordinates": [-68.47500610351562, -5.475002288818359]}, "properties": {"precip_mm": 2.3}}, {"type": "Feature", "geometry": {"type": "Point", "coordinates": [-67.97500610351562, -5.475002288818359]}, "properties": {"precip_mm": 2.5}}, {"type": "Feature", "geometry": {"type": "Point", "coordinates": [-67.47500610351562, -5.475002288818359]}, "properties": {"precip_mm": 2.6}}, {"type": "Feature", "geometry": {"type": "Point", "coordinates": [-66.97500610351562, -5.475002288818359]}, "properties": {"precip_mm": 4.1}}, {"type": "Feature", "geometry": {"type": "Point", "coordinates": [-66.47500610351562, -5.475002288818359]}, "properties": {"precip_mm": 3.0}}, {"type": "Feature", "geometry": {"type": "Point", "coordinates": [-65.97500610351562, -5.475002288818359]}, "properties": {"precip_mm": 3.2}}, {"type": "Feature", "geometry": {"type": "Point", "coordinates": [-65.47500610351562, -5.475002288818359]}, "properties": {"precip_mm": 3.3}}, {"type": "Feature", "geometry": {"type": "Point", "coordinates": [-64.97500610351562, -5.475002288818359]}, "properties": {"precip_mm": 3.2}}, {"type": "Feature", "geometry": {"type": "Point", "coordinates": [-64.47500610351562, -5.475002288818359]}, "properties": {"precip_mm": 2.9}}, {"type": "Feature", "geometry": {"type": "Point", "coordinates": [-63.975006103515625, -5.475002288818359]}, "properties": {"precip_mm": 2.2}}, {"type": "Feature", "geometry": {"type": "Point", "coordinates": [-63.475006103515625, -5.475002288818359]}, "properties": {"precip_mm": 4.0}}, {"type": "Feature", "geometry": {"type": "Point", "coordinates": [-62.975006103515625, -5.475002288818359]}, "properties": {"precip_mm": 2.3}}, {"type": "Feature", "geometry": {"type": "Point", "coordinates": [-62.475006103515625, -5.475002288818359]}, "properties": {"precip_mm": 1.6}}, {"type": "Feature", "geometry": {"type": "Point", "coordinates": [-61.975006103515625, -5.475002288818359]}, "properties": {"precip_mm": 1.7}}, {"type": "Feature", "geometry": {"type": "Point", "coordinates": [-61.475006103515625, -5.475002288818359]}, "properties": {"precip_mm": 1.2}}, {"type": "Feature", "geometry": {"type": "Point", "coordinates": [-60.975006103515625, -5.475002288818359]}, "properties": {"precip_mm": 1.1}}, {"type": "Feature", "geometry": {"type": "Point", "coordinates": [-60.475006103515625, -5.475002288818359]}, "properties": {"precip_mm": 0.9}}, {"type": "Feature", "geometry": {"type": "Point", "coordinates": [-59.975006103515625, -5.475002288818359]}, "properties": {"precip_mm": 1.0}}, {"type": "Feature", "geometry": {"type": "Point", "coordinates": [-59.475006103515625, -5.475002288818359]}, "properties": {"precip_mm": 1.2}}, {"type": "Feature", "geometry": {"type": "Point", "coordinates": [-58.975006103515625, -5.475002288818359]}, "properties": {"precip_mm": 0.6}}, {"type": "Feature", "geometry": {"type": "Point", "coordinates": [-58.475006103515625, -5.475002288818359]}, "properties": {"precip_mm": 1.2}}, {"type": "Feature", "geometry": {"type": "Point", "coordinates": [-57.975006103515625, -5.475002288818359]}, "properties": {"precip_mm": 0.7}}, {"type": "Feature", "geometry": {"type": "Point", "coordinates": [-57.475006103515625, -5.475002288818359]}, "properties": {"precip_mm": 0.5}}, {"type": "Feature", "geometry": {"type": "Point", "coordinates": [-56.975006103515625, -5.475002288818359]}, "properties": {"precip_mm": 0.7}}, {"type": "Feature", "geometry": {"type": "Point", "coordinates": [-56.475006103515625, -5.475002288818359]}, "properties": {"precip_mm": 1.1}}, {"type": "Feature", "geometry": {"type": "Point", "coordinates": [-55.975006103515625, -5.475002288818359]}, "properties": {"precip_mm": 0.9}}, {"type": "Feature", "geometry": {"type": "Point", "coordinates": [-55.475006103515625, -5.475002288818359]}, "properties": {"precip_mm": 0.8}}, {"type": "Feature", "geometry": {"type": "Point", "coordinates": [-54.975006103515625, -5.475002288818359]}, "properties": {"precip_mm": 0.8}}, {"type": "Feature", "geometry": {"type": "Point", "coordinates": [-54.475006103515625, -5.475002288818359]}, "properties": {"precip_mm": 0.8}}, {"type": "Feature", "geometry": {"type": "Point", "coordinates": [-53.975006103515625, -5.475002288818359]}, "properties": {"precip_mm": 1.0}}, {"type": "Feature", "geometry": {"type": "Point", "coordinates": [-53.475006103515625, -5.475002288818359]}, "properties": {"precip_mm": 0.8}}, {"type": "Feature", "geometry": {"type": "Point", "coordinates": [-52.975006103515625, -5.475002288818359]}, "properties": {"precip_mm": 0.6}}, {"type": "Feature", "geometry": {"type": "Point", "coordinates": [-52.475006103515625, -5.475002288818359]}, "properties": {"precip_mm": 1.0}}, {"type": "Feature", "geometry": {"type": "Point", "coordinates": [-51.975006103515625, -5.475002288818359]}, "properties": {"precip_mm": 1.1}}, {"type": "Feature", "geometry": {"type": "Point", "coordinates": [-51.475006103515625, -5.475002288818359]}, "properties": {"precip_mm": 0.7}}, {"type": "Feature", "geometry": {"type": "Point", "coordinates": [-50.975006103515625, -5.475002288818359]}, "properties": {"precip_mm": 1.2}}, {"type": "Feature", "geometry": {"type": "Point", "coordinates": [-50.475006103515625, -5.475002288818359]}, "properties": {"precip_mm": 1.5}}, {"type": "Feature", "geometry": {"type": "Point", "coordinates": [-49.975006103515625, -5.475002288818359]}, "properties": {"precip_mm": 1.7}}, {"type": "Feature", "geometry": {"type": "Point", "coordinates": [-49.475006103515625, -5.475002288818359]}, "properties": {"precip_mm": 0.4}}, {"type": "Feature", "geometry": {"type": "Point", "coordinates": [-48.975006103515625, -5.475002288818359]}, "properties": {"precip_mm": 0.3}}, {"type": "Feature", "geometry": {"type": "Point", "coordinates": [-48.475006103515625, -5.475002288818359]}, "properties": {"precip_mm": 0.3}}, {"type": "Feature", "geometry": {"type": "Point", "coordinates": [-47.975006103515625, -5.475002288818359]}, "properties": {"precip_mm": 0.3}}, {"type": "Feature", "geometry": {"type": "Point", "coordinates": [-46.475006103515625, -5.475002288818359]}, "properties": {"precip_mm": 0.2}}, {"type": "Feature", "geometry": {"type": "Point", "coordinates": [-45.975006103515625, -5.475002288818359]}, "properties": {"precip_mm": 0.2}}, {"type": "Feature", "geometry": {"type": "Point", "coordinates": [-45.475006103515625, -5.475002288818359]}, "properties": {"precip_mm": 0.2}}, {"type": "Feature", "geometry": {"type": "Point", "coordinates": [-44.475006103515625, -5.475002288818359]}, "properties": {"precip_mm": 0.2}}, {"type": "Feature", "geometry": {"type": "Point", "coordinates": [-42.975006103515625, -5.475002288818359]}, "properties": {"precip_mm": 0.2}}, {"type": "Feature", "geometry": {"type": "Point", "coordinates": [-42.475006103515625, -5.475002288818359]}, "properties": {"precip_mm": 0.2}}, {"type": "Feature", "geometry": {"type": "Point", "coordinates": [-41.975006103515625, -5.475002288818359]}, "properties": {"precip_mm": 0.3}}, {"type": "Feature", "geometry": {"type": "Point", "coordinates": [-41.475006103515625, -5.475002288818359]}, "properties": {"precip_mm": 0.3}}, {"type": "Feature", "geometry": {"type": "Point", "coordinates": [-40.975006103515625, -5.475002288818359]}, "properties": {"precip_mm": 0.2}}, {"type": "Feature", "geometry": {"type": "Point", "coordinates": [-40.475006103515625, -5.475002288818359]}, "properties": {"precip_mm": 0.2}}, {"type": "Feature", "geometry": {"type": "Point", "coordinates": [-39.975006103515625, -5.475002288818359]}, "properties": {"precip_mm": 0.4}}, {"type": "Feature", "geometry": {"type": "Point", "coordinates": [-39.475006103515625, -5.475002288818359]}, "properties": {"precip_mm": 0.4}}, {"type": "Feature", "geometry": {"type": "Point", "coordinates": [-38.975006103515625, -5.475002288818359]}, "properties": {"precip_mm": 0.3}}, {"type": "Feature", "geometry": {"type": "Point", "coordinates": [-38.475006103515625, -5.475002288818359]}, "properties": {"precip_mm": 0.3}}, {"type": "Feature", "geometry": {"type": "Point", "coordinates": [-37.975006103515625, -5.475002288818359]}, "properties": {"precip_mm": 0.3}}, {"type": "Feature", "geometry": {"type": "Point", "coordinates": [-37.475006103515625, -5.475002288818359]}, "properties": {"precip_mm": 0.5}}, {"type": "Feature", "geometry": {"type": "Point", "coordinates": [-36.975006103515625, -5.475002288818359]}, "properties": {"precip_mm": 0.4}}, {"type": "Feature", "geometry": {"type": "Point", "coordinates": [-36.475006103515625, -5.475002288818359]}, "properties": {"precip_mm": 0.5}}, {"type": "Feature", "geometry": {"type": "Point", "coordinates": [-35.975006103515625, -5.475002288818359]}, "properties": {"precip_mm": 1.6}}, {"type": "Feature", "geometry": {"type": "Point", "coordinates": [-35.475006103515625, -5.475002288818359]}, "properties": {"precip_mm": 3.5}}, {"type": "Feature", "geometry": {"type": "Point", "coordinates": [-79.47500610351562, -4.975002288818359]}, "properties": {"precip_mm": 0.4}}, {"type": "Feature", "geometry": {"type": "Point", "coordinates": [-78.97500610351562, -4.975002288818359]}, "properties": {"precip_mm": 1.6}}, {"type": "Feature", "geometry": {"type": "Point", "coordinates": [-78.47500610351562, -4.975002288818359]}, "properties": {"precip_mm": 3.7}}, {"type": "Feature", "geometry": {"type": "Point", "coordinates": [-77.97500610351562, -4.975002288818359]}, "properties": {"precip_mm": 4.5}}, {"type": "Feature", "geometry": {"type": "Point", "coordinates": [-77.47500610351562, -4.975002288818359]}, "properties": {"precip_mm": 4.8}}, {"type": "Feature", "geometry": {"type": "Point", "coordinates": [-76.97500610351562, -4.975002288818359]}, "properties": {"precip_mm": 3.3}}, {"type": "Feature", "geometry": {"type": "Point", "coordinates": [-76.47500610351562, -4.975002288818359]}, "properties": {"precip_mm": 3.2}}, {"type": "Feature", "geometry": {"type": "Point", "coordinates": [-75.97500610351562, -4.975002288818359]}, "properties": {"precip_mm": 2.6}}, {"type": "Feature", "geometry": {"type": "Point", "coordinates": [-75.47500610351562, -4.975002288818359]}, "properties": {"precip_mm": 2.4}}, {"type": "Feature", "geometry": {"type": "Point", "coordinates": [-74.97500610351562, -4.975002288818359]}, "properties": {"precip_mm": 3.8}}, {"type": "Feature", "geometry": {"type": "Point", "coordinates": [-74.47500610351562, -4.975002288818359]}, "properties": {"precip_mm": 3.9}}, {"type": "Feature", "geometry": {"type": "Point", "coordinates": [-73.97500610351562, -4.975002288818359]}, "properties": {"precip_mm": 3.2}}, {"type": "Feature", "geometry": {"type": "Point", "coordinates": [-73.47500610351562, -4.975002288818359]}, "properties": {"precip_mm": 2.9}}, {"type": "Feature", "geometry": {"type": "Point", "coordinates": [-72.97500610351562, -4.975002288818359]}, "properties": {"precip_mm": 3.2}}, {"type": "Feature", "geometry": {"type": "Point", "coordinates": [-72.47500610351562, -4.975002288818359]}, "properties": {"precip_mm": 4.1}}, {"type": "Feature", "geometry": {"type": "Point", "coordinates": [-71.97500610351562, -4.975002288818359]}, "properties": {"precip_mm": 4.8}}, {"type": "Feature", "geometry": {"type": "Point", "coordinates": [-71.47500610351562, -4.975002288818359]}, "properties": {"precip_mm": 4.1}}, {"type": "Feature", "geometry": {"type": "Point", "coordinates": [-70.97500610351562, -4.975002288818359]}, "properties": {"precip_mm": 3.5}}, {"type": "Feature", "geometry": {"type": "Point", "coordinates": [-70.47500610351562, -4.975002288818359]}, "properties": {"precip_mm": 4.7}}, {"type": "Feature", "geometry": {"type": "Point", "coordinates": [-69.97500610351562, -4.975002288818359]}, "properties": {"precip_mm": 5.4}}, {"type": "Feature", "geometry": {"type": "Point", "coordinates": [-69.47500610351562, -4.975002288818359]}, "properties": {"precip_mm": 3.2}}, {"type": "Feature", "geometry": {"type": "Point", "coordinates": [-68.97500610351562, -4.975002288818359]}, "properties": {"precip_mm": 2.9}}, {"type": "Feature", "geometry": {"type": "Point", "coordinates": [-68.47500610351562, -4.975002288818359]}, "properties": {"precip_mm": 3.0}}, {"type": "Feature", "geometry": {"type": "Point", "coordinates": [-67.97500610351562, -4.975002288818359]}, "properties": {"precip_mm": 3.0}}, {"type": "Feature", "geometry": {"type": "Point", "coordinates": [-67.47500610351562, -4.975002288818359]}, "properties": {"precip_mm": 3.3}}, {"type": "Feature", "geometry": {"type": "Point", "coordinates": [-66.97500610351562, -4.975002288818359]}, "properties": {"precip_mm": 3.2}}, {"type": "Feature", "geometry": {"type": "Point", "coordinates": [-66.47500610351562, -4.975002288818359]}, "properties": {"precip_mm": 3.4}}, {"type": "Feature", "geometry": {"type": "Point", "coordinates": [-65.97500610351562, -4.975002288818359]}, "properties": {"precip_mm": 3.4}}, {"type": "Feature", "geometry": {"type": "Point", "coordinates": [-65.47500610351562, -4.975002288818359]}, "properties": {"precip_mm": 2.8}}, {"type": "Feature", "geometry": {"type": "Point", "coordinates": [-64.97500610351562, -4.975002288818359]}, "properties": {"precip_mm": 3.5}}, {"type": "Feature", "geometry": {"type": "Point", "coordinates": [-64.47500610351562, -4.975002288818359]}, "properties": {"precip_mm": 3.8}}, {"type": "Feature", "geometry": {"type": "Point", "coordinates": [-63.975006103515625, -4.975002288818359]}, "properties": {"precip_mm": 2.4}}, {"type": "Feature", "geometry": {"type": "Point", "coordinates": [-63.475006103515625, -4.975002288818359]}, "properties": {"precip_mm": 2.5}}, {"type": "Feature", "geometry": {"type": "Point", "coordinates": [-62.975006103515625, -4.975002288818359]}, "properties": {"precip_mm": 2.0}}, {"type": "Feature", "geometry": {"type": "Point", "coordinates": [-62.475006103515625, -4.975002288818359]}, "properties": {"precip_mm": 2.0}}, {"type": "Feature", "geometry": {"type": "Point", "coordinates": [-61.975006103515625, -4.975002288818359]}, "properties": {"precip_mm": 1.7}}, {"type": "Feature", "geometry": {"type": "Point", "coordinates": [-61.475006103515625, -4.975002288818359]}, "properties": {"precip_mm": 1.5}}, {"type": "Feature", "geometry": {"type": "Point", "coordinates": [-60.975006103515625, -4.975002288818359]}, "properties": {"precip_mm": 1.8}}, {"type": "Feature", "geometry": {"type": "Point", "coordinates": [-60.475006103515625, -4.975002288818359]}, "properties": {"precip_mm": 1.5}}, {"type": "Feature", "geometry": {"type": "Point", "coordinates": [-59.975006103515625, -4.975002288818359]}, "properties": {"precip_mm": 0.9}}, {"type": "Feature", "geometry": {"type": "Point", "coordinates": [-59.475006103515625, -4.975002288818359]}, "properties": {"precip_mm": 0.6}}, {"type": "Feature", "geometry": {"type": "Point", "coordinates": [-58.975006103515625, -4.975002288818359]}, "properties": {"precip_mm": 0.6}}, {"type": "Feature", "geometry": {"type": "Point", "coordinates": [-58.475006103515625, -4.975002288818359]}, "properties": {"precip_mm": 0.6}}, {"type": "Feature", "geometry": {"type": "Point", "coordinates": [-57.975006103515625, -4.975002288818359]}, "properties": {"precip_mm": 0.7}}, {"type": "Feature", "geometry": {"type": "Point", "coordinates": [-57.475006103515625, -4.975002288818359]}, "properties": {"precip_mm": 0.6}}, {"type": "Feature", "geometry": {"type": "Point", "coordinates": [-56.975006103515625, -4.975002288818359]}, "properties": {"precip_mm": 0.7}}, {"type": "Feature", "geometry": {"type": "Point", "coordinates": [-56.475006103515625, -4.975002288818359]}, "properties": {"precip_mm": 1.7}}, {"type": "Feature", "geometry": {"type": "Point", "coordinates": [-55.975006103515625, -4.975002288818359]}, "properties": {"precip_mm": 1.3}}, {"type": "Feature", "geometry": {"type": "Point", "coordinates": [-55.475006103515625, -4.975002288818359]}, "properties": {"precip_mm": 1.0}}, {"type": "Feature", "geometry": {"type": "Point", "coordinates": [-54.975006103515625, -4.975002288818359]}, "properties": {"precip_mm": 0.9}}, {"type": "Feature", "geometry": {"type": "Point", "coordinates": [-54.475006103515625, -4.975002288818359]}, "properties": {"precip_mm": 1.0}}, {"type": "Feature", "geometry": {"type": "Point", "coordinates": [-53.975006103515625, -4.975002288818359]}, "properties": {"precip_mm": 1.0}}, {"type": "Feature", "geometry": {"type": "Point", "coordinates": [-53.475006103515625, -4.975002288818359]}, "properties": {"precip_mm": 1.0}}, {"type": "Feature", "geometry": {"type": "Point", "coordinates": [-52.975006103515625, -4.975002288818359]}, "properties": {"precip_mm": 1.3}}, {"type": "Feature", "geometry": {"type": "Point", "coordinates": [-52.475006103515625, -4.975002288818359]}, "properties": {"precip_mm": 1.3}}, {"type": "Feature", "geometry": {"type": "Point", "coordinates": [-51.975006103515625, -4.975002288818359]}, "properties": {"precip_mm": 1.0}}, {"type": "Feature", "geometry": {"type": "Point", "coordinates": [-51.475006103515625, -4.975002288818359]}, "properties": {"precip_mm": 0.9}}, {"type": "Feature", "geometry": {"type": "Point", "coordinates": [-50.975006103515625, -4.975002288818359]}, "properties": {"precip_mm": 1.6}}, {"type": "Feature", "geometry": {"type": "Point", "coordinates": [-50.475006103515625, -4.975002288818359]}, "properties": {"precip_mm": 1.1}}, {"type": "Feature", "geometry": {"type": "Point", "coordinates": [-49.975006103515625, -4.975002288818359]}, "properties": {"precip_mm": 0.7}}, {"type": "Feature", "geometry": {"type": "Point", "coordinates": [-49.475006103515625, -4.975002288818359]}, "properties": {"precip_mm": 0.6}}, {"type": "Feature", "geometry": {"type": "Point", "coordinates": [-48.975006103515625, -4.975002288818359]}, "properties": {"precip_mm": 1.2}}, {"type": "Feature", "geometry": {"type": "Point", "coordinates": [-48.475006103515625, -4.975002288818359]}, "properties": {"precip_mm": 0.5}}, {"type": "Feature", "geometry": {"type": "Point", "coordinates": [-47.975006103515625, -4.975002288818359]}, "properties": {"precip_mm": 0.5}}, {"type": "Feature", "geometry": {"type": "Point", "coordinates": [-47.475006103515625, -4.975002288818359]}, "properties": {"precip_mm": 0.2}}, {"type": "Feature", "geometry": {"type": "Point", "coordinates": [-46.975006103515625, -4.975002288818359]}, "properties": {"precip_mm": 0.2}}, {"type": "Feature", "geometry": {"type": "Point", "coordinates": [-46.475006103515625, -4.975002288818359]}, "properties": {"precip_mm": 0.3}}, {"type": "Feature", "geometry": {"type": "Point", "coordinates": [-45.975006103515625, -4.975002288818359]}, "properties": {"precip_mm": 0.3}}, {"type": "Feature", "geometry": {"type": "Point", "coordinates": [-45.475006103515625, -4.975002288818359]}, "properties": {"precip_mm": 0.3}}, {"type": "Feature", "geometry": {"type": "Point", "coordinates": [-44.975006103515625, -4.975002288818359]}, "properties": {"precip_mm": 0.4}}, {"type": "Feature", "geometry": {"type": "Point", "coordinates": [-44.475006103515625, -4.975002288818359]}, "properties": {"precip_mm": 0.4}}, {"type": "Feature", "geometry": {"type": "Point", "coordinates": [-43.975006103515625, -4.975002288818359]}, "properties": {"precip_mm": 0.3}}, {"type": "Feature", "geometry": {"type": "Point", "coordinates": [-42.975006103515625, -4.975002288818359]}, "properties": {"precip_mm": 0.2}}, {"type": "Feature", "geometry": {"type": "Point", "coordinates": [-42.475006103515625, -4.975002288818359]}, "properties": {"precip_mm": 0.3}}, {"type": "Feature", "geometry": {"type": "Point", "coordinates": [-41.975006103515625, -4.975002288818359]}, "properties": {"precip_mm": 0.4}}, {"type": "Feature", "geometry": {"type": "Point", "coordinates": [-41.475006103515625, -4.975002288818359]}, "properties": {"precip_mm": 0.3}}, {"type": "Feature", "geometry": {"type": "Point", "coordinates": [-40.975006103515625, -4.975002288818359]}, "properties": {"precip_mm": 0.2}}, {"type": "Feature", "geometry": {"type": "Point", "coordinates": [-40.475006103515625, -4.975002288818359]}, "properties": {"precip_mm": 0.2}}, {"type": "Feature", "geometry": {"type": "Point", "coordinates": [-39.975006103515625, -4.975002288818359]}, "properties": {"precip_mm": 0.4}}, {"type": "Feature", "geometry": {"type": "Point", "coordinates": [-39.475006103515625, -4.975002288818359]}, "properties": {"precip_mm": 0.3}}, {"type": "Feature", "geometry": {"type": "Point", "coordinates": [-38.975006103515625, -4.975002288818359]}, "properties": {"precip_mm": 0.3}}, {"type": "Feature", "geometry": {"type": "Point", "coordinates": [-38.475006103515625, -4.975002288818359]}, "properties": {"precip_mm": 0.3}}, {"type": "Feature", "geometry": {"type": "Point", "coordinates": [-37.975006103515625, -4.975002288818359]}, "properties": {"precip_mm": 0.3}}, {"type": "Feature", "geometry": {"type": "Point", "coordinates": [-37.475006103515625, -4.975002288818359]}, "properties": {"precip_mm": 0.6}}, {"type": "Feature", "geometry": {"type": "Point", "coordinates": [-36.975006103515625, -4.975002288818359]}, "properties": {"precip_mm": 0.6}}, {"type": "Feature", "geometry": {"type": "Point", "coordinates": [-79.47500610351562, -4.475002288818359]}, "properties": {"precip_mm": 0.2}}, {"type": "Feature", "geometry": {"type": "Point", "coordinates": [-78.97500610351562, -4.475002288818359]}, "properties": {"precip_mm": 1.7}}, {"type": "Feature", "geometry": {"type": "Point", "coordinates": [-78.47500610351562, -4.475002288818359]}, "properties": {"precip_mm": 3.9}}, {"type": "Feature", "geometry": {"type": "Point", "coordinates": [-77.97500610351562, -4.475002288818359]}, "properties": {"precip_mm": 5.0}}, {"type": "Feature", "geometry": {"type": "Point", "coordinates": [-77.47500610351562, -4.475002288818359]}, "properties": {"precip_mm": 5.0}}, {"type": "Feature", "geometry": {"type": "Point", "coordinates": [-76.97500610351562, -4.475002288818359]}, "properties": {"precip_mm": 4.6}}, {"type": "Feature", "geometry": {"type": "Point", "coordinates": [-76.47500610351562, -4.475002288818359]}, "properties": {"precip_mm": 3.8}}, {"type": "Feature", "geometry": {"type": "Point", "coordinates": [-75.97500610351562, -4.475002288818359]}, "properties": {"precip_mm": 3.8}}, {"type": "Feature", "geometry": {"type": "Point", "coordinates": [-75.47500610351562, -4.475002288818359]}, "properties": {"precip_mm": 4.3}}, {"type": "Feature", "geometry": {"type": "Point", "coordinates": [-74.97500610351562, -4.475002288818359]}, "properties": {"precip_mm": 3.6}}, {"type": "Feature", "geometry": {"type": "Point", "coordinates": [-74.47500610351562, -4.475002288818359]}, "properties": {"precip_mm": 3.7}}, {"type": "Feature", "geometry": {"type": "Point", "coordinates": [-73.97500610351562, -4.475002288818359]}, "properties": {"precip_mm": 3.8}}, {"type": "Feature", "geometry": {"type": "Point", "coordinates": [-73.47500610351562, -4.475002288818359]}, "properties": {"precip_mm": 3.0}}, {"type": "Feature", "geometry": {"type": "Point", "coordinates": [-72.97500610351562, -4.475002288818359]}, "properties": {"precip_mm": 4.4}}, {"type": "Feature", "geometry": {"type": "Point", "coordinates": [-72.47500610351562, -4.475002288818359]}, "properties": {"precip_mm": 5.0}}, {"type": "Feature", "geometry": {"type": "Point", "coordinates": [-71.97500610351562, -4.475002288818359]}, "properties": {"precip_mm": 5.6}}, {"type": "Feature", "geometry": {"type": "Point", "coordinates": [-71.47500610351562, -4.475002288818359]}, "properties": {"precip_mm": 5.5}}, {"type": "Feature", "geometry": {"type": "Point", "coordinates": [-70.97500610351562, -4.475002288818359]}, "properties": {"precip_mm": 4.3}}, {"type": "Feature", "geometry": {"type": "Point", "coordinates": [-70.47500610351562, -4.475002288818359]}, "properties": {"precip_mm": 4.6}}, {"type": "Feature", "geometry": {"type": "Point", "coordinates": [-69.97500610351562, -4.475002288818359]}, "properties": {"precip_mm": 5.6}}, {"type": "Feature", "geometry": {"type": "Point", "coordinates": [-69.47500610351562, -4.475002288818359]}, "properties": {"precip_mm": 3.7}}, {"type": "Feature", "geometry": {"type": "Point", "coordinates": [-68.97500610351562, -4.475002288818359]}, "properties": {"precip_mm": 4.1}}, {"type": "Feature", "geometry": {"type": "Point", "coordinates": [-68.47500610351562, -4.475002288818359]}, "properties": {"precip_mm": 3.9}}, {"type": "Feature", "geometry": {"type": "Point", "coordinates": [-67.97500610351562, -4.475002288818359]}, "properties": {"precip_mm": 4.0}}, {"type": "Feature", "geometry": {"type": "Point", "coordinates": [-67.47500610351562, -4.475002288818359]}, "properties": {"precip_mm": 3.8}}, {"type": "Feature", "geometry": {"type": "Point", "coordinates": [-66.97500610351562, -4.475002288818359]}, "properties": {"precip_mm": 4.0}}, {"type": "Feature", "geometry": {"type": "Point", "coordinates": [-66.47500610351562, -4.475002288818359]}, "properties": {"precip_mm": 4.3}}, {"type": "Feature", "geometry": {"type": "Point", "coordinates": [-65.97500610351562, -4.475002288818359]}, "properties": {"precip_mm": 3.0}}, {"type": "Feature", "geometry": {"type": "Point", "coordinates": [-65.47500610351562, -4.475002288818359]}, "properties": {"precip_mm": 2.9}}, {"type": "Feature", "geometry": {"type": "Point", "coordinates": [-64.97500610351562, -4.475002288818359]}, "properties": {"precip_mm": 3.1}}, {"type": "Feature", "geometry": {"type": "Point", "coordinates": [-64.47500610351562, -4.475002288818359]}, "properties": {"precip_mm": 3.0}}, {"type": "Feature", "geometry": {"type": "Point", "coordinates": [-63.975006103515625, -4.475002288818359]}, "properties": {"precip_mm": 1.7}}, {"type": "Feature", "geometry": {"type": "Point", "coordinates": [-63.475006103515625, -4.475002288818359]}, "properties": {"precip_mm": 2.5}}, {"type": "Feature", "geometry": {"type": "Point", "coordinates": [-62.975006103515625, -4.475002288818359]}, "properties": {"precip_mm": 2.9}}, {"type": "Feature", "geometry": {"type": "Point", "coordinates": [-62.475006103515625, -4.475002288818359]}, "properties": {"precip_mm": 2.3}}, {"type": "Feature", "geometry": {"type": "Point", "coordinates": [-61.975006103515625, -4.475002288818359]}, "properties": {"precip_mm": 1.6}}, {"type": "Feature", "geometry": {"type": "Point", "coordinates": [-61.475006103515625, -4.475002288818359]}, "properties": {"precip_mm": 1.8}}, {"type": "Feature", "geometry": {"type": "Point", "coordinates": [-60.975006103515625, -4.475002288818359]}, "properties": {"precip_mm": 1.5}}, {"type": "Feature", "geometry": {"type": "Point", "coordinates": [-60.475006103515625, -4.475002288818359]}, "properties": {"precip_mm": 1.2}}, {"type": "Feature", "geometry": {"type": "Point", "coordinates": [-59.975006103515625, -4.475002288818359]}, "properties": {"precip_mm": 1.1}}, {"type": "Feature", "geometry": {"type": "Point", "coordinates": [-59.475006103515625, -4.475002288818359]}, "properties": {"precip_mm": 1.2}}, {"type": "Feature", "geometry": {"type": "Point", "coordinates": [-58.975006103515625, -4.475002288818359]}, "properties": {"precip_mm": 0.9}}, {"type": "Feature", "geometry": {"type": "Point", "coordinates": [-58.475006103515625, -4.475002288818359]}, "properties": {"precip_mm": 0.9}}, {"type": "Feature", "geometry": {"type": "Point", "coordinates": [-57.975006103515625, -4.475002288818359]}, "properties": {"precip_mm": 0.9}}, {"type": "Feature", "geometry": {"type": "Point", "coordinates": [-57.475006103515625, -4.475002288818359]}, "properties": {"precip_mm": 1.3}}, {"type": "Feature", "geometry": {"type": "Point", "coordinates": [-56.975006103515625, -4.475002288818359]}, "properties": {"precip_mm": 1.0}}, {"type": "Feature", "geometry": {"type": "Point", "coordinates": [-56.475006103515625, -4.475002288818359]}, "properties": {"precip_mm": 1.2}}, {"type": "Feature", "geometry": {"type": "Point", "coordinates": [-55.975006103515625, -4.475002288818359]}, "properties": {"precip_mm": 1.2}}, {"type": "Feature", "geometry": {"type": "Point", "coordinates": [-55.475006103515625, -4.475002288818359]}, "properties": {"precip_mm": 1.6}}, {"type": "Feature", "geometry": {"type": "Point", "coordinates": [-54.975006103515625, -4.475002288818359]}, "properties": {"precip_mm": 1.4}}, {"type": "Feature", "geometry": {"type": "Point", "coordinates": [-54.475006103515625, -4.475002288818359]}, "properties": {"precip_mm": 1.3}}, {"type": "Feature", "geometry": {"type": "Point", "coordinates": [-53.975006103515625, -4.475002288818359]}, "properties": {"precip_mm": 1.1}}, {"type": "Feature", "geometry": {"type": "Point", "coordinates": [-53.475006103515625, -4.475002288818359]}, "properties": {"precip_mm": 1.2}}, {"type": "Feature", "geometry": {"type": "Point", "coordinates": [-52.975006103515625, -4.475002288818359]}, "properties": {"precip_mm": 0.9}}, {"type": "Feature", "geometry": {"type": "Point", "coordinates": [-52.475006103515625, -4.475002288818359]}, "properties": {"precip_mm": 1.0}}, {"type": "Feature", "geometry": {"type": "Point", "coordinates": [-51.975006103515625, -4.475002288818359]}, "properties": {"precip_mm": 1.5}}, {"type": "Feature", "geometry": {"type": "Point", "coordinates": [-51.475006103515625, -4.475002288818359]}, "properties": {"precip_mm": 1.1}}, {"type": "Feature", "geometry": {"type": "Point", "coordinates": [-50.975006103515625, -4.475002288818359]}, "properties": {"precip_mm": 1.8}}, {"type": "Feature", "geometry": {"type": "Point", "coordinates": [-50.475006103515625, -4.475002288818359]}, "properties": {"precip_mm": 0.4}}, {"type": "Feature", "geometry": {"type": "Point", "coordinates": [-49.975006103515625, -4.475002288818359]}, "properties": {"precip_mm": 0.2}}, {"type": "Feature", "geometry": {"type": "Point", "coordinates": [-49.475006103515625, -4.475002288818359]}, "properties": {"precip_mm": 0.5}}, {"type": "Feature", "geometry": {"type": "Point", "coordinates": [-48.975006103515625, -4.475002288818359]}, "properties": {"precip_mm": 0.7}}, {"type": "Feature", "geometry": {"type": "Point", "coordinates": [-48.475006103515625, -4.475002288818359]}, "properties": {"precip_mm": 0.3}}, {"type": "Feature", "geometry": {"type": "Point", "coordinates": [-47.975006103515625, -4.475002288818359]}, "properties": {"precip_mm": 0.2}}, {"type": "Feature", "geometry": {"type": "Point", "coordinates": [-47.475006103515625, -4.475002288818359]}, "properties": {"precip_mm": 0.2}}, {"type": "Feature", "geometry": {"type": "Point", "coordinates": [-46.975006103515625, -4.475002288818359]}, "properties": {"precip_mm": 0.2}}, {"type": "Feature", "geometry": {"type": "Point", "coordinates": [-46.475006103515625, -4.475002288818359]}, "properties": {"precip_mm": 0.2}}, {"type": "Feature", "geometry": {"type": "Point", "coordinates": [-45.975006103515625, -4.475002288818359]}, "properties": {"precip_mm": 0.5}}, {"type": "Feature", "geometry": {"type": "Point", "coordinates": [-45.475006103515625, -4.475002288818359]}, "properties": {"precip_mm": 0.3}}, {"type": "Feature", "geometry": {"type": "Point", "coordinates": [-44.975006103515625, -4.475002288818359]}, "properties": {"precip_mm": 0.4}}, {"type": "Feature", "geometry": {"type": "Point", "coordinates": [-44.475006103515625, -4.475002288818359]}, "properties": {"precip_mm": 1.0}}, {"type": "Feature", "geometry": {"type": "Point", "coordinates": [-43.975006103515625, -4.475002288818359]}, "properties": {"precip_mm": 0.2}}, {"type": "Feature", "geometry": {"type": "Point", "coordinates": [-43.475006103515625, -4.475002288818359]}, "properties": {"precip_mm": 0.4}}, {"type": "Feature", "geometry": {"type": "Point", "coordinates": [-42.975006103515625, -4.475002288818359]}, "properties": {"precip_mm": 0.4}}, {"type": "Feature", "geometry": {"type": "Point", "coordinates": [-42.475006103515625, -4.475002288818359]}, "properties": {"precip_mm": 0.4}}, {"type": "Feature", "geometry": {"type": "Point", "coordinates": [-41.975006103515625, -4.475002288818359]}, "properties": {"precip_mm": 0.7}}, {"type": "Feature", "geometry": {"type": "Point", "coordinates": [-41.475006103515625, -4.475002288818359]}, "properties": {"precip_mm": 0.4}}, {"type": "Feature", "geometry": {"type": "Point", "coordinates": [-40.975006103515625, -4.475002288818359]}, "properties": {"precip_mm": 0.3}}, {"type": "Feature", "geometry": {"type": "Point", "coordinates": [-40.475006103515625, -4.475002288818359]}, "properties": {"precip_mm": 0.4}}, {"type": "Feature", "geometry": {"type": "Point", "coordinates": [-39.975006103515625, -4.475002288818359]}, "properties": {"precip_mm": 0.4}}, {"type": "Feature", "geometry": {"type": "Point", "coordinates": [-39.475006103515625, -4.475002288818359]}, "properties": {"precip_mm": 0.5}}, {"type": "Feature", "geometry": {"type": "Point", "coordinates": [-38.975006103515625, -4.475002288818359]}, "properties": {"precip_mm": 0.5}}, {"type": "Feature", "geometry": {"type": "Point", "coordinates": [-38.475006103515625, -4.475002288818359]}, "properties": {"precip_mm": 0.6}}, {"type": "Feature", "geometry": {"type": "Point", "coordinates": [-37.975006103515625, -4.475002288818359]}, "properties": {"precip_mm": 0.6}}, {"type": "Feature", "geometry": {"type": "Point", "coordinates": [-78.97500610351562, -3.9750022888183594]}, "properties": {"precip_mm": 1.6}}, {"type": "Feature", "geometry": {"type": "Point", "coordinates": [-78.47500610351562, -3.9750022888183594]}, "properties": {"precip_mm": 3.2}}, {"type": "Feature", "geometry": {"type": "Point", "coordinates": [-77.97500610351562, -3.9750022888183594]}, "properties": {"precip_mm": 4.6}}, {"type": "Feature", "geometry": {"type": "Point", "coordinates": [-77.47500610351562, -3.9750022888183594]}, "properties": {"precip_mm": 5.6}}, {"type": "Feature", "geometry": {"type": "Point", "coordinates": [-76.97500610351562, -3.9750022888183594]}, "properties": {"precip_mm": 6.6}}, {"type": "Feature", "geometry": {"type": "Point", "coordinates": [-76.47500610351562, -3.9750022888183594]}, "properties": {"precip_mm": 5.5}}, {"type": "Feature", "geometry": {"type": "Point", "coordinates": [-75.97500610351562, -3.9750022888183594]}, "properties": {"precip_mm": 3.9}}, {"type": "Feature", "geometry": {"type": "Point", "coordinates": [-75.47500610351562, -3.9750022888183594]}, "properties": {"precip_mm": 4.1}}, {"type": "Feature", "geometry": {"type": "Point", "coordinates": [-74.97500610351562, -3.9750022888183594]}, "properties": {"precip_mm": 3.7}}, {"type": "Feature", "geometry": {"type": "Point", "coordinates": [-74.47500610351562, -3.9750022888183594]}, "properties": {"precip_mm": 5.3}}, {"type": "Feature", "geometry": {"type": "Point", "coordinates": [-73.97500610351562, -3.9750022888183594]}, "properties": {"precip_mm": 4.7}}, {"type": "Feature", "geometry": {"type": "Point", "coordinates": [-73.47500610351562, -3.9750022888183594]}, "properties": {"precip_mm": 3.3}}, {"type": "Feature", "geometry": {"type": "Point", "coordinates": [-72.97500610351562, -3.9750022888183594]}, "properties": {"precip_mm": 5.8}}, {"type": "Feature", "geometry": {"type": "Point", "coordinates": [-72.47500610351562, -3.9750022888183594]}, "properties": {"precip_mm": 5.0}}, {"type": "Feature", "geometry": {"type": "Point", "coordinates": [-71.97500610351562, -3.9750022888183594]}, "properties": {"precip_mm": 3.6}}, {"type": "Feature", "geometry": {"type": "Point", "coordinates": [-71.47500610351562, -3.9750022888183594]}, "properties": {"precip_mm": 4.8}}, {"type": "Feature", "geometry": {"type": "Point", "coordinates": [-70.97500610351562, -3.9750022888183594]}, "properties": {"precip_mm": 5.0}}, {"type": "Feature", "geometry": {"type": "Point", "coordinates": [-70.47500610351562, -3.9750022888183594]}, "properties": {"precip_mm": 4.8}}, {"type": "Feature", "geometry": {"type": "Point", "coordinates": [-69.97500610351562, -3.9750022888183594]}, "properties": {"precip_mm": 6.4}}, {"type": "Feature", "geometry": {"type": "Point", "coordinates": [-69.47500610351562, -3.9750022888183594]}, "properties": {"precip_mm": 5.0}}, {"type": "Feature", "geometry": {"type": "Point", "coordinates": [-68.97500610351562, -3.9750022888183594]}, "properties": {"precip_mm": 5.8}}, {"type": "Feature", "geometry": {"type": "Point", "coordinates": [-68.47500610351562, -3.9750022888183594]}, "properties": {"precip_mm": 6.0}}, {"type": "Feature", "geometry": {"type": "Point", "coordinates": [-67.97500610351562, -3.9750022888183594]}, "properties": {"precip_mm": 5.3}}, {"type": "Feature", "geometry": {"type": "Point", "coordinates": [-67.47500610351562, -3.9750022888183594]}, "properties": {"precip_mm": 4.2}}, {"type": "Feature", "geometry": {"type": "Point", "coordinates": [-66.97500610351562, -3.9750022888183594]}, "properties": {"precip_mm": 4.8}}, {"type": "Feature", "geometry": {"type": "Point", "coordinates": [-66.47500610351562, -3.9750022888183594]}, "properties": {"precip_mm": 4.0}}, {"type": "Feature", "geometry": {"type": "Point", "coordinates": [-65.97500610351562, -3.9750022888183594]}, "properties": {"precip_mm": 3.8}}, {"type": "Feature", "geometry": {"type": "Point", "coordinates": [-65.47500610351562, -3.9750022888183594]}, "properties": {"precip_mm": 3.1}}, {"type": "Feature", "geometry": {"type": "Point", "coordinates": [-64.97500610351562, -3.9750022888183594]}, "properties": {"precip_mm": 2.7}}, {"type": "Feature", "geometry": {"type": "Point", "coordinates": [-64.47500610351562, -3.9750022888183594]}, "properties": {"precip_mm": 2.5}}, {"type": "Feature", "geometry": {"type": "Point", "coordinates": [-63.975006103515625, -3.9750022888183594]}, "properties": {"precip_mm": 2.6}}, {"type": "Feature", "geometry": {"type": "Point", "coordinates": [-63.475006103515625, -3.9750022888183594]}, "properties": {"precip_mm": 1.9}}, {"type": "Feature", "geometry": {"type": "Point", "coordinates": [-62.975006103515625, -3.9750022888183594]}, "properties": {"precip_mm": 1.7}}, {"type": "Feature", "geometry": {"type": "Point", "coordinates": [-62.475006103515625, -3.9750022888183594]}, "properties": {"precip_mm": 1.5}}, {"type": "Feature", "geometry": {"type": "Point", "coordinates": [-61.975006103515625, -3.9750022888183594]}, "properties": {"precip_mm": 1.2}}, {"type": "Feature", "geometry": {"type": "Point", "coordinates": [-61.475006103515625, -3.9750022888183594]}, "properties": {"precip_mm": 1.4}}, {"type": "Feature", "geometry": {"type": "Point", "coordinates": [-60.975006103515625, -3.9750022888183594]}, "properties": {"precip_mm": 1.3}}, {"type": "Feature", "geometry": {"type": "Point", "coordinates": [-60.475006103515625, -3.9750022888183594]}, "properties": {"precip_mm": 1.2}}, {"type": "Feature", "geometry": {"type": "Point", "coordinates": [-59.975006103515625, -3.9750022888183594]}, "properties": {"precip_mm": 1.2}}, {"type": "Feature", "geometry": {"type": "Point", "coordinates": [-59.475006103515625, -3.9750022888183594]}, "properties": {"precip_mm": 1.5}}, {"type": "Feature", "geometry": {"type": "Point", "coordinates": [-58.975006103515625, -3.9750022888183594]}, "properties": {"precip_mm": 1.1}}, {"type": "Feature", "geometry": {"type": "Point", "coordinates": [-58.475006103515625, -3.9750022888183594]}, "properties": {"precip_mm": 1.0}}, {"type": "Feature", "geometry": {"type": "Point", "coordinates": [-57.975006103515625, -3.9750022888183594]}, "properties": {"precip_mm": 0.9}}, {"type": "Feature", "geometry": {"type": "Point", "coordinates": [-57.475006103515625, -3.9750022888183594]}, "properties": {"precip_mm": 1.3}}, {"type": "Feature", "geometry": {"type": "Point", "coordinates": [-56.975006103515625, -3.9750022888183594]}, "properties": {"precip_mm": 1.4}}, {"type": "Feature", "geometry": {"type": "Point", "coordinates": [-56.475006103515625, -3.9750022888183594]}, "properties": {"precip_mm": 1.2}}, {"type": "Feature", "geometry": {"type": "Point", "coordinates": [-55.975006103515625, -3.9750022888183594]}, "properties": {"precip_mm": 1.1}}, {"type": "Feature", "geometry": {"type": "Point", "coordinates": [-55.475006103515625, -3.9750022888183594]}, "properties": {"precip_mm": 1.3}}, {"type": "Feature", "geometry": {"type": "Point", "coordinates": [-54.975006103515625, -3.9750022888183594]}, "properties": {"precip_mm": 1.3}}, {"type": "Feature", "geometry": {"type": "Point", "coordinates": [-54.475006103515625, -3.9750022888183594]}, "properties": {"precip_mm": 1.4}}, {"type": "Feature", "geometry": {"type": "Point", "coordinates": [-53.975006103515625, -3.9750022888183594]}, "properties": {"precip_mm": 1.1}}, {"type": "Feature", "geometry": {"type": "Point", "coordinates": [-53.475006103515625, -3.9750022888183594]}, "properties": {"precip_mm": 1.1}}, {"type": "Feature", "geometry": {"type": "Point", "coordinates": [-52.975006103515625, -3.9750022888183594]}, "properties": {"precip_mm": 1.1}}, {"type": "Feature", "geometry": {"type": "Point", "coordinates": [-52.475006103515625, -3.9750022888183594]}, "properties": {"precip_mm": 1.2}}, {"type": "Feature", "geometry": {"type": "Point", "coordinates": [-51.975006103515625, -3.9750022888183594]}, "properties": {"precip_mm": 1.6}}, {"type": "Feature", "geometry": {"type": "Point", "coordinates": [-51.475006103515625, -3.9750022888183594]}, "properties": {"precip_mm": 1.2}}, {"type": "Feature", "geometry": {"type": "Point", "coordinates": [-50.975006103515625, -3.9750022888183594]}, "properties": {"precip_mm": 0.9}}, {"type": "Feature", "geometry": {"type": "Point", "coordinates": [-50.475006103515625, -3.9750022888183594]}, "properties": {"precip_mm": 0.8}}, {"type": "Feature", "geometry": {"type": "Point", "coordinates": [-49.975006103515625, -3.9750022888183594]}, "properties": {"precip_mm": 0.5}}, {"type": "Feature", "geometry": {"type": "Point", "coordinates": [-49.475006103515625, -3.9750022888183594]}, "properties": {"precip_mm": 0.9}}, {"type": "Feature", "geometry": {"type": "Point", "coordinates": [-48.975006103515625, -3.9750022888183594]}, "properties": {"precip_mm": 0.6}}, {"type": "Feature", "geometry": {"type": "Point", "coordinates": [-48.475006103515625, -3.9750022888183594]}, "properties": {"precip_mm": 0.3}}, {"type": "Feature", "geometry": {"type": "Point", "coordinates": [-47.975006103515625, -3.9750022888183594]}, "properties": {"precip_mm": 0.3}}, {"type": "Feature", "geometry": {"type": "Point", "coordinates": [-47.475006103515625, -3.9750022888183594]}, "properties": {"precip_mm": 0.4}}, {"type": "Feature", "geometry": {"type": "Point", "coordinates": [-46.975006103515625, -3.9750022888183594]}, "properties": {"precip_mm": 0.5}}, {"type": "Feature", "geometry": {"type": "Point", "coordinates": [-46.475006103515625, -3.9750022888183594]}, "properties": {"precip_mm": 0.3}}, {"type": "Feature", "geometry": {"type": "Point", "coordinates": [-45.975006103515625, -3.9750022888183594]}, "properties": {"precip_mm": 0.7}}, {"type": "Feature", "geometry": {"type": "Point", "coordinates": [-45.475006103515625, -3.9750022888183594]}, "properties": {"precip_mm": 0.5}}, {"type": "Feature", "geometry": {"type": "Point", "coordinates": [-44.975006103515625, -3.9750022888183594]}, "properties": {"precip_mm": 0.6}}, {"type": "Feature", "geometry": {"type": "Point", "coordinates": [-44.475006103515625, -3.9750022888183594]}, "properties": {"precip_mm": 1.1}}, {"type": "Feature", "geometry": {"type": "Point", "coordinates": [-43.975006103515625, -3.9750022888183594]}, "properties": {"precip_mm": 1.3}}, {"type": "Feature", "geometry": {"type": "Point", "coordinates": [-43.475006103515625, -3.9750022888183594]}, "properties": {"precip_mm": 0.2}}, {"type": "Feature", "geometry": {"type": "Point", "coordinates": [-42.975006103515625, -3.9750022888183594]}, "properties": {"precip_mm": 0.9}}, {"type": "Feature", "geometry": {"type": "Point", "coordinates": [-42.475006103515625, -3.9750022888183594]}, "properties": {"precip_mm": 0.7}}, {"type": "Feature", "geometry": {"type": "Point", "coordinates": [-41.975006103515625, -3.9750022888183594]}, "properties": {"precip_mm": 0.8}}, {"type": "Feature", "geometry": {"type": "Point", "coordinates": [-41.475006103515625, -3.9750022888183594]}, "properties": {"precip_mm": 0.6}}, {"type": "Feature", "geometry": {"type": "Point", "coordinates": [-40.975006103515625, -3.9750022888183594]}, "properties": {"precip_mm": 0.9}}, {"type": "Feature", "geometry": {"type": "Point", "coordinates": [-40.475006103515625, -3.9750022888183594]}, "properties": {"precip_mm": 0.4}}, {"type": "Feature", "geometry": {"type": "Point", "coordinates": [-39.975006103515625, -3.9750022888183594]}, "properties": {"precip_mm": 0.3}}, {"type": "Feature", "geometry": {"type": "Point", "coordinates": [-39.475006103515625, -3.9750022888183594]}, "properties": {"precip_mm": 0.3}}, {"type": "Feature", "geometry": {"type": "Point", "coordinates": [-38.975006103515625, -3.9750022888183594]}, "properties": {"precip_mm": 0.6}}, {"type": "Feature", "geometry": {"type": "Point", "coordinates": [-38.475006103515625, -3.9750022888183594]}, "properties": {"precip_mm": 1.1}}, {"type": "Feature", "geometry": {"type": "Point", "coordinates": [-79.97500610351562, -3.4750022888183594]}, "properties": {"precip_mm": 0.2}}, {"type": "Feature", "geometry": {"type": "Point", "coordinates": [-78.97500610351562, -3.4750022888183594]}, "properties": {"precip_mm": 1.2}}, {"type": "Feature", "geometry": {"type": "Point", "coordinates": [-78.47500610351562, -3.4750022888183594]}, "properties": {"precip_mm": 3.6}}, {"type": "Feature", "geometry": {"type": "Point", "coordinates": [-77.97500610351562, -3.4750022888183594]}, "properties": {"precip_mm": 6.4}}, {"type": "Feature", "geometry": {"type": "Point", "coordinates": [-77.47500610351562, -3.4750022888183594]}, "properties": {"precip_mm": 6.9}}, {"type": "Feature", "geometry": {"type": "Point", "coordinates": [-76.97500610351562, -3.4750022888183594]}, "properties": {"precip_mm": 8.7}}, {"type": "Feature", "geometry": {"type": "Point", "coordinates": [-76.47500610351562, -3.4750022888183594]}, "properties": {"precip_mm": 6.2}}, {"type": "Feature", "geometry": {"type": "Point", "coordinates": [-75.97500610351562, -3.4750022888183594]}, "properties": {"precip_mm": 4.2}}, {"type": "Feature", "geometry": {"type": "Point", "coordinates": [-75.47500610351562, -3.4750022888183594]}, "properties": {"precip_mm": 4.6}}, {"type": "Feature", "geometry": {"type": "Point", "coordinates": [-74.97500610351562, -3.4750022888183594]}, "properties": {"precip_mm": 4.3}}, {"type": "Feature", "geometry": {"type": "Point", "coordinates": [-74.47500610351562, -3.4750022888183594]}, "properties": {"precip_mm": 5.7}}, {"type": "Feature", "geometry": {"type": "Point", "coordinates": [-73.97500610351562, -3.4750022888183594]}, "properties": {"precip_mm": 5.7}}, {"type": "Feature", "geometry": {"type": "Point", "coordinates": [-73.47500610351562, -3.4750022888183594]}, "properties": {"precip_mm": 4.7}}, {"type": "Feature", "geometry": {"type": "Point", "coordinates": [-72.97500610351562, -3.4750022888183594]}, "properties": {"precip_mm": 6.0}}, {"type": "Feature", "geometry": {"type": "Point", "coordinates": [-72.47500610351562, -3.4750022888183594]}, "properties": {"precip_mm": 6.2}}, {"type": "Feature", "geometry": {"type": "Point", "coordinates": [-71.97500610351562, -3.4750022888183594]}, "properties": {"precip_mm": 4.5}}, {"type": "Feature", "geometry": {"type": "Point", "coordinates": [-71.47500610351562, -3.4750022888183594]}, "properties": {"precip_mm": 6.1}}, {"type": "Feature", "geometry": {"type": "Point", "coordinates": [-70.97500610351562, -3.4750022888183594]}, "properties": {"precip_mm": 7.4}}, {"type": "Feature", "geometry": {"type": "Point", "coordinates": [-70.47500610351562, -3.4750022888183594]}, "properties": {"precip_mm": 8.1}}, {"type": "Feature", "geometry": {"type": "Point", "coordinates": [-69.97500610351562, -3.4750022888183594]}, "properties": {"precip_mm": 6.9}}, {"type": "Feature", "geometry": {"type": "Point", "coordinates": [-69.47500610351562, -3.4750022888183594]}, "properties": {"precip_mm": 5.8}}, {"type": "Feature", "geometry": {"type": "Point", "coordinates": [-68.97500610351562, -3.4750022888183594]}, "properties": {"precip_mm": 5.7}}, {"type": "Feature", "geometry": {"type": "Point", "coordinates": [-68.47500610351562, -3.4750022888183594]}, "properties": {"precip_mm": 5.0}}, {"type": "Feature", "geometry": {"type": "Point", "coordinates": [-67.97500610351562, -3.4750022888183594]}, "properties": {"precip_mm": 5.0}}, {"type": "Feature", "geometry": {"type": "Point", "coordinates": [-67.47500610351562, -3.4750022888183594]}, "properties": {"precip_mm": 5.4}}, {"type": "Feature", "geometry": {"type": "Point", "coordinates": [-66.97500610351562, -3.4750022888183594]}, "properties": {"precip_mm": 4.7}}, {"type": "Feature", "geometry": {"type": "Point", "coordinates": [-66.47500610351562, -3.4750022888183594]}, "properties": {"precip_mm": 3.8}}, {"type": "Feature", "geometry": {"type": "Point", "coordinates": [-65.97500610351562, -3.4750022888183594]}, "properties": {"precip_mm": 4.1}}, {"type": "Feature", "geometry": {"type": "Point", "coordinates": [-65.47500610351562, -3.4750022888183594]}, "properties": {"precip_mm": 3.4}}, {"type": "Feature", "geometry": {"type": "Point", "coordinates": [-64.97500610351562, -3.4750022888183594]}, "properties": {"precip_mm": 3.5}}, {"type": "Feature", "geometry": {"type": "Point", "coordinates": [-64.47500610351562, -3.4750022888183594]}, "properties": {"precip_mm": 3.1}}, {"type": "Feature", "geometry": {"type": "Point", "coordinates": [-63.975006103515625, -3.4750022888183594]}, "properties": {"precip_mm": 2.1}}, {"type": "Feature", "geometry": {"type": "Point", "coordinates": [-63.475006103515625, -3.4750022888183594]}, "properties": {"precip_mm": 2.3}}, {"type": "Feature", "geometry": {"type": "Point", "coordinates": [-62.975006103515625, -3.4750022888183594]}, "properties": {"precip_mm": 2.0}}, {"type": "Feature", "geometry": {"type": "Point", "coordinates": [-62.475006103515625, -3.4750022888183594]}, "properties": {"precip_mm": 1.4}}, {"type": "Feature", "geometry": {"type": "Point", "coordinates": [-61.975006103515625, -3.4750022888183594]}, "properties": {"precip_mm": 1.5}}, {"type": "Feature", "geometry": {"type": "Point", "coordinates": [-61.475006103515625, -3.4750022888183594]}, "properties": {"precip_mm": 1.0}}, {"type": "Feature", "geometry": {"type": "Point", "coordinates": [-60.975006103515625, -3.4750022888183594]}, "properties": {"precip_mm": 0.7}}, {"type": "Feature", "geometry": {"type": "Point", "coordinates": [-60.475006103515625, -3.4750022888183594]}, "properties": {"precip_mm": 0.6}}, {"type": "Feature", "geometry": {"type": "Point", "coordinates": [-59.975006103515625, -3.4750022888183594]}, "properties": {"precip_mm": 1.0}}, {"type": "Feature", "geometry": {"type": "Point", "coordinates": [-59.475006103515625, -3.4750022888183594]}, "properties": {"precip_mm": 1.1}}, {"type": "Feature", "geometry": {"type": "Point", "coordinates": [-58.975006103515625, -3.4750022888183594]}, "properties": {"precip_mm": 0.5}}, {"type": "Feature", "geometry": {"type": "Point", "coordinates": [-58.475006103515625, -3.4750022888183594]}, "properties": {"precip_mm": 0.5}}, {"type": "Feature", "geometry": {"type": "Point", "coordinates": [-57.975006103515625, -3.4750022888183594]}, "properties": {"precip_mm": 0.9}}, {"type": "Feature", "geometry": {"type": "Point", "coordinates": [-57.475006103515625, -3.4750022888183594]}, "properties": {"precip_mm": 0.9}}, {"type": "Feature", "geometry": {"type": "Point", "coordinates": [-56.975006103515625, -3.4750022888183594]}, "properties": {"precip_mm": 1.8}}, {"type": "Feature", "geometry": {"type": "Point", "coordinates": [-56.475006103515625, -3.4750022888183594]}, "properties": {"precip_mm": 1.9}}, {"type": "Feature", "geometry": {"type": "Point", "coordinates": [-55.975006103515625, -3.4750022888183594]}, "properties": {"precip_mm": 1.4}}, {"type": "Feature", "geometry": {"type": "Point", "coordinates": [-55.475006103515625, -3.4750022888183594]}, "properties": {"precip_mm": 0.7}}, {"type": "Feature", "geometry": {"type": "Point", "coordinates": [-54.975006103515625, -3.4750022888183594]}, "properties": {"precip_mm": 1.0}}, {"type": "Feature", "geometry": {"type": "Point", "coordinates": [-54.475006103515625, -3.4750022888183594]}, "properties": {"precip_mm": 1.5}}, {"type": "Feature", "geometry": {"type": "Point", "coordinates": [-53.975006103515625, -3.4750022888183594]}, "properties": {"precip_mm": 1.3}}, {"type": "Feature", "geometry": {"type": "Point", "coordinates": [-53.475006103515625, -3.4750022888183594]}, "properties": {"precip_mm": 1.4}}, {"type": "Feature", "geometry": {"type": "Point", "coordinates": [-52.975006103515625, -3.4750022888183594]}, "properties": {"precip_mm": 1.5}}, {"type": "Feature", "geometry": {"type": "Point", "coordinates": [-52.475006103515625, -3.4750022888183594]}, "properties": {"precip_mm": 1.6}}, {"type": "Feature", "geometry": {"type": "Point", "coordinates": [-51.975006103515625, -3.4750022888183594]}, "properties": {"precip_mm": 1.8}}, {"type": "Feature", "geometry": {"type": "Point", "coordinates": [-51.475006103515625, -3.4750022888183594]}, "properties": {"precip_mm": 1.6}}, {"type": "Feature", "geometry": {"type": "Point", "coordinates": [-50.975006103515625, -3.4750022888183594]}, "properties": {"precip_mm": 0.9}}, {"type": "Feature", "geometry": {"type": "Point", "coordinates": [-50.475006103515625, -3.4750022888183594]}, "properties": {"precip_mm": 0.9}}, {"type": "Feature", "geometry": {"type": "Point", "coordinates": [-49.975006103515625, -3.4750022888183594]}, "properties": {"precip_mm": 0.9}}, {"type": "Feature", "geometry": {"type": "Point", "coordinates": [-49.475006103515625, -3.4750022888183594]}, "properties": {"precip_mm": 0.8}}, {"type": "Feature", "geometry": {"type": "Point", "coordinates": [-48.975006103515625, -3.4750022888183594]}, "properties": {"precip_mm": 0.4}}, {"type": "Feature", "geometry": {"type": "Point", "coordinates": [-48.475006103515625, -3.4750022888183594]}, "properties": {"precip_mm": 0.5}}, {"type": "Feature", "geometry": {"type": "Point", "coordinates": [-47.975006103515625, -3.4750022888183594]}, "properties": {"precip_mm": 0.5}}, {"type": "Feature", "geometry": {"type": "Point", "coordinates": [-47.475006103515625, -3.4750022888183594]}, "properties": {"precip_mm": 0.5}}, {"type": "Feature", "geometry": {"type": "Point", "coordinates": [-46.975006103515625, -3.4750022888183594]}, "properties": {"precip_mm": 0.7}}, {"type": "Feature", "geometry": {"type": "Point", "coordinates": [-46.475006103515625, -3.4750022888183594]}, "properties": {"precip_mm": 1.0}}, {"type": "Feature", "geometry": {"type": "Point", "coordinates": [-45.975006103515625, -3.4750022888183594]}, "properties": {"precip_mm": 1.3}}, {"type": "Feature", "geometry": {"type": "Point", "coordinates": [-45.475006103515625, -3.4750022888183594]}, "properties": {"precip_mm": 1.1}}, {"type": "Feature", "geometry": {"type": "Point", "coordinates": [-44.975006103515625, -3.4750022888183594]}, "properties": {"precip_mm": 1.1}}, {"type": "Feature", "geometry": {"type": "Point", "coordinates": [-44.475006103515625, -3.4750022888183594]}, "properties": {"precip_mm": 2.2}}, {"type": "Feature", "geometry": {"type": "Point", "coordinates": [-43.975006103515625, -3.4750022888183594]}, "properties": {"precip_mm": 1.1}}, {"type": "Feature", "geometry": {"type": "Point", "coordinates": [-43.475006103515625, -3.4750022888183594]}, "properties": {"precip_mm": 0.6}}, {"type": "Feature", "geometry": {"type": "Point", "coordinates": [-42.975006103515625, -3.4750022888183594]}, "properties": {"precip_mm": 0.7}}, {"type": "Feature", "geometry": {"type": "Point", "coordinates": [-42.475006103515625, -3.4750022888183594]}, "properties": {"precip_mm": 1.0}}, {"type": "Feature", "geometry": {"type": "Point", "coordinates": [-41.975006103515625, -3.4750022888183594]}, "properties": {"precip_mm": 0.6}}, {"type": "Feature", "geometry": {"type": "Point", "coordinates": [-41.475006103515625, -3.4750022888183594]}, "properties": {"precip_mm": 0.7}}, {"type": "Feature", "geometry": {"type": "Point", "coordinates": [-40.975006103515625, -3.4750022888183594]}, "properties": {"precip_mm": 0.7}}, {"type": "Feature", "geometry": {"type": "Point", "coordinates": [-40.475006103515625, -3.4750022888183594]}, "properties": {"precip_mm": 0.8}}, {"type": "Feature", "geometry": {"type": "Point", "coordinates": [-39.975006103515625, -3.4750022888183594]}, "properties": {"precip_mm": 0.3}}, {"type": "Feature", "geometry": {"type": "Point", "coordinates": [-39.475006103515625, -3.4750022888183594]}, "properties": {"precip_mm": 0.2}}, {"type": "Feature", "geometry": {"type": "Point", "coordinates": [-38.975006103515625, -3.4750022888183594]}, "properties": {"precip_mm": 0.4}}, {"type": "Feature", "geometry": {"type": "Point", "coordinates": [-79.47500610351562, -2.9750022888183594]}, "properties": {"precip_mm": 0.4}}, {"type": "Feature", "geometry": {"type": "Point", "coordinates": [-78.97500610351562, -2.9750022888183594]}, "properties": {"precip_mm": 0.9}}, {"type": "Feature", "geometry": {"type": "Point", "coordinates": [-78.47500610351562, -2.9750022888183594]}, "properties": {"precip_mm": 4.3}}, {"type": "Feature", "geometry": {"type": "Point", "coordinates": [-77.97500610351562, -2.9750022888183594]}, "properties": {"precip_mm": 7.7}}, {"type": "Feature", "geometry": {"type": "Point", "coordinates": [-77.47500610351562, -2.9750022888183594]}, "properties": {"precip_mm": 9.5}}, {"type": "Feature", "geometry": {"type": "Point", "coordinates": [-76.97500610351562, -2.9750022888183594]}, "properties": {"precip_mm": 9.8}}, {"type": "Feature", "geometry": {"type": "Point", "coordinates": [-76.47500610351562, -2.9750022888183594]}, "properties": {"precip_mm": 6.4}}, {"type": "Feature", "geometry": {"type": "Point", "coordinates": [-75.97500610351562, -2.9750022888183594]}, "properties": {"precip_mm": 4.9}}, {"type": "Feature", "geometry": {"type": "Point", "coordinates": [-75.47500610351562, -2.9750022888183594]}, "properties": {"precip_mm": 4.5}}, {"type": "Feature", "geometry": {"type": "Point", "coordinates": [-74.97500610351562, -2.9750022888183594]}, "properties": {"precip_mm": 5.2}}, {"type": "Feature", "geometry": {"type": "Point", "coordinates": [-74.47500610351562, -2.9750022888183594]}, "properties": {"precip_mm": 5.2}}, {"type": "Feature", "geometry": {"type": "Point", "coordinates": [-73.97500610351562, -2.9750022888183594]}, "properties": {"precip_mm": 6.7}}, {"type": "Feature", "geometry": {"type": "Point", "coordinates": [-73.47500610351562, -2.9750022888183594]}, "properties": {"precip_mm": 5.9}}, {"type": "Feature", "geometry": {"type": "Point", "coordinates": [-72.97500610351562, -2.9750022888183594]}, "properties": {"precip_mm": 7.0}}, {"type": "Feature", "geometry": {"type": "Point", "coordinates": [-72.47500610351562, -2.9750022888183594]}, "properties": {"precip_mm": 6.8}}, {"type": "Feature", "geometry": {"type": "Point", "coordinates": [-71.97500610351562, -2.9750022888183594]}, "properties": {"precip_mm": 5.3}}, {"type": "Feature", "geometry": {"type": "Point", "coordinates": [-71.47500610351562, -2.9750022888183594]}, "properties": {"precip_mm": 7.2}}, {"type": "Feature", "geometry": {"type": "Point", "coordinates": [-70.97500610351562, -2.9750022888183594]}, "properties": {"precip_mm": 7.4}}, {"type": "Feature", "geometry": {"type": "Point", "coordinates": [-70.47500610351562, -2.9750022888183594]}, "properties": {"precip_mm": 7.1}}, {"type": "Feature", "geometry": {"type": "Point", "coordinates": [-69.97500610351562, -2.9750022888183594]}, "properties": {"precip_mm": 7.9}}, {"type": "Feature", "geometry": {"type": "Point", "coordinates": [-69.47500610351562, -2.9750022888183594]}, "properties": {"precip_mm": 5.5}}, {"type": "Feature", "geometry": {"type": "Point", "coordinates": [-68.97500610351562, -2.9750022888183594]}, "properties": {"precip_mm": 6.3}}, {"type": "Feature", "geometry": {"type": "Point", "coordinates": [-68.47500610351562, -2.9750022888183594]}, "properties": {"precip_mm": 6.5}}, {"type": "Feature", "geometry": {"type": "Point", "coordinates": [-67.97500610351562, -2.9750022888183594]}, "properties": {"precip_mm": 7.1}}, {"type": "Feature", "geometry": {"type": "Point", "coordinates": [-67.47500610351562, -2.9750022888183594]}, "properties": {"precip_mm": 6.8}}, {"type": "Feature", "geometry": {"type": "Point", "coordinates": [-66.97500610351562, -2.9750022888183594]}, "properties": {"precip_mm": 4.8}}, {"type": "Feature", "geometry": {"type": "Point", "coordinates": [-66.47500610351562, -2.9750022888183594]}, "properties": {"precip_mm": 4.2}}, {"type": "Feature", "geometry": {"type": "Point", "coordinates": [-65.97500610351562, -2.9750022888183594]}, "properties": {"precip_mm": 3.4}}, {"type": "Feature", "geometry": {"type": "Point", "coordinates": [-65.47500610351562, -2.9750022888183594]}, "properties": {"precip_mm": 3.6}}, {"type": "Feature", "geometry": {"type": "Point", "coordinates": [-64.97500610351562, -2.9750022888183594]}, "properties": {"precip_mm": 3.2}}, {"type": "Feature", "geometry": {"type": "Point", "coordinates": [-64.47500610351562, -2.9750022888183594]}, "properties": {"precip_mm": 3.0}}, {"type": "Feature", "geometry": {"type": "Point", "coordinates": [-63.975006103515625, -2.9750022888183594]}, "properties": {"precip_mm": 3.2}}, {"type": "Feature", "geometry": {"type": "Point", "coordinates": [-63.475006103515625, -2.9750022888183594]}, "properties": {"precip_mm": 2.4}}, {"type": "Feature", "geometry": {"type": "Point", "coordinates": [-62.975006103515625, -2.9750022888183594]}, "properties": {"precip_mm": 2.0}}, {"type": "Feature", "geometry": {"type": "Point", "coordinates": [-62.475006103515625, -2.9750022888183594]}, "properties": {"precip_mm": 1.7}}, {"type": "Feature", "geometry": {"type": "Point", "coordinates": [-61.975006103515625, -2.9750022888183594]}, "properties": {"precip_mm": 1.3}}, {"type": "Feature", "geometry": {"type": "Point", "coordinates": [-61.475006103515625, -2.9750022888183594]}, "properties": {"precip_mm": 1.0}}, {"type": "Feature", "geometry": {"type": "Point", "coordinates": [-60.975006103515625, -2.9750022888183594]}, "properties": {"precip_mm": 0.7}}, {"type": "Feature", "geometry": {"type": "Point", "coordinates": [-60.475006103515625, -2.9750022888183594]}, "properties": {"precip_mm": 0.5}}, {"type": "Feature", "geometry": {"type": "Point", "coordinates": [-59.975006103515625, -2.9750022888183594]}, "properties": {"precip_mm": 0.8}}, {"type": "Feature", "geometry": {"type": "Point", "coordinates": [-59.475006103515625, -2.9750022888183594]}, "properties": {"precip_mm": 1.6}}, {"type": "Feature", "geometry": {"type": "Point", "coordinates": [-58.975006103515625, -2.9750022888183594]}, "properties": {"precip_mm": 0.9}}, {"type": "Feature", "geometry": {"type": "Point", "coordinates": [-58.475006103515625, -2.9750022888183594]}, "properties": {"precip_mm": 0.7}}, {"type": "Feature", "geometry": {"type": "Point", "coordinates": [-57.975006103515625, -2.9750022888183594]}, "properties": {"precip_mm": 0.7}}, {"type": "Feature", "geometry": {"type": "Point", "coordinates": [-57.475006103515625, -2.9750022888183594]}, "properties": {"precip_mm": 0.7}}, {"type": "Feature", "geometry": {"type": "Point", "coordinates": [-56.975006103515625, -2.9750022888183594]}, "properties": {"precip_mm": 1.9}}, {"type": "Feature", "geometry": {"type": "Point", "coordinates": [-56.475006103515625, -2.9750022888183594]}, "properties": {"precip_mm": 1.7}}, {"type": "Feature", "geometry": {"type": "Point", "coordinates": [-55.975006103515625, -2.9750022888183594]}, "properties": {"precip_mm": 2.4}}, {"type": "Feature", "geometry": {"type": "Point", "coordinates": [-55.475006103515625, -2.9750022888183594]}, "properties": {"precip_mm": 0.6}}, {"type": "Feature", "geometry": {"type": "Point", "coordinates": [-54.975006103515625, -2.9750022888183594]}, "properties": {"precip_mm": 0.8}}, {"type": "Feature", "geometry": {"type": "Point", "coordinates": [-54.475006103515625, -2.9750022888183594]}, "properties": {"precip_mm": 1.4}}, {"type": "Feature", "geometry": {"type": "Point", "coordinates": [-53.975006103515625, -2.9750022888183594]}, "properties": {"precip_mm": 1.2}}, {"type": "Feature", "geometry": {"type": "Point", "coordinates": [-53.475006103515625, -2.9750022888183594]}, "properties": {"precip_mm": 1.4}}, {"type": "Feature", "geometry": {"type": "Point", "coordinates": [-52.975006103515625, -2.9750022888183594]}, "properties": {"precip_mm": 2.0}}, {"type": "Feature", "geometry": {"type": "Point", "coordinates": [-52.475006103515625, -2.9750022888183594]}, "properties": {"precip_mm": 1.6}}, {"type": "Feature", "geometry": {"type": "Point", "coordinates": [-51.975006103515625, -2.9750022888183594]}, "properties": {"precip_mm": 0.9}}, {"type": "Feature", "geometry": {"type": "Point", "coordinates": [-51.475006103515625, -2.9750022888183594]}, "properties": {"precip_mm": 1.0}}, {"type": "Feature", "geometry": {"type": "Point", "coordinates": [-50.975006103515625, -2.9750022888183594]}, "properties": {"precip_mm": 0.8}}, {"type": "Feature", "geometry": {"type": "Point", "coordinates": [-50.475006103515625, -2.9750022888183594]}, "properties": {"precip_mm": 0.8}}, {"type": "Feature", "geometry": {"type": "Point", "coordinates": [-49.975006103515625, -2.9750022888183594]}, "properties": {"precip_mm": 1.1}}, {"type": "Feature", "geometry": {"type": "Point", "coordinates": [-49.475006103515625, -2.9750022888183594]}, "properties": {"precip_mm": 0.8}}, {"type": "Feature", "geometry": {"type": "Point", "coordinates": [-48.975006103515625, -2.9750022888183594]}, "properties": {"precip_mm": 0.8}}, {"type": "Feature", "geometry": {"type": "Point", "coordinates": [-48.475006103515625, -2.9750022888183594]}, "properties": {"precip_mm": 0.7}}, {"type": "Feature", "geometry": {"type": "Point", "coordinates": [-47.975006103515625, -2.9750022888183594]}, "properties": {"precip_mm": 0.8}}, {"type": "Feature", "geometry": {"type": "Point", "coordinates": [-47.475006103515625, -2.9750022888183594]}, "properties": {"precip_mm": 0.9}}, {"type": "Feature", "geometry": {"type": "Point", "coordinates": [-46.975006103515625, -2.9750022888183594]}, "properties": {"precip_mm": 1.1}}, {"type": "Feature", "geometry": {"type": "Point", "coordinates": [-46.475006103515625, -2.9750022888183594]}, "properties": {"precip_mm": 1.2}}, {"type": "Feature", "geometry": {"type": "Point", "coordinates": [-45.975006103515625, -2.9750022888183594]}, "properties": {"precip_mm": 1.5}}, {"type": "Feature", "geometry": {"type": "Point", "coordinates": [-45.475006103515625, -2.9750022888183594]}, "properties": {"precip_mm": 1.1}}, {"type": "Feature", "geometry": {"type": "Point", "coordinates": [-44.975006103515625, -2.9750022888183594]}, "properties": {"precip_mm": 0.8}}, {"type": "Feature", "geometry": {"type": "Point", "coordinates": [-44.475006103515625, -2.9750022888183594]}, "properties": {"precip_mm": 2.2}}, {"type": "Feature", "geometry": {"type": "Point", "coordinates": [-43.975006103515625, -2.9750022888183594]}, "properties": {"precip_mm": 1.2}}, {"type": "Feature", "geometry": {"type": "Point", "coordinates": [-43.475006103515625, -2.9750022888183594]}, "properties": {"precip_mm": 0.5}}, {"type": "Feature", "geometry": {"type": "Point", "coordinates": [-42.975006103515625, -2.9750022888183594]}, "properties": {"precip_mm": 0.5}}, {"type": "Feature", "geometry": {"type": "Point", "coordinates": [-42.475006103515625, -2.9750022888183594]}, "properties": {"precip_mm": 0.7}}, {"type": "Feature", "geometry": {"type": "Point", "coordinates": [-41.975006103515625, -2.9750022888183594]}, "properties": {"precip_mm": 0.8}}, {"type": "Feature", "geometry": {"type": "Point", "coordinates": [-41.475006103515625, -2.9750022888183594]}, "properties": {"precip_mm": 0.7}}, {"type": "Feature", "geometry": {"type": "Point", "coordinates": [-40.975006103515625, -2.9750022888183594]}, "properties": {"precip_mm": 0.5}}, {"type": "Feature", "geometry": {"type": "Point", "coordinates": [-40.475006103515625, -2.9750022888183594]}, "properties": {"precip_mm": 0.6}}, {"type": "Feature", "geometry": {"type": "Point", "coordinates": [-39.975006103515625, -2.9750022888183594]}, "properties": {"precip_mm": 0.5}}, {"type": "Feature", "geometry": {"type": "Point", "coordinates": [-79.97500610351562, -2.4750022888183594]}, "properties": {"precip_mm": 0.2}}, {"type": "Feature", "geometry": {"type": "Point", "coordinates": [-79.47500610351562, -2.4750022888183594]}, "properties": {"precip_mm": 0.3}}, {"type": "Feature", "geometry": {"type": "Point", "coordinates": [-78.97500610351562, -2.4750022888183594]}, "properties": {"precip_mm": 0.3}}, {"type": "Feature", "geometry": {"type": "Point", "coordinates": [-78.47500610351562, -2.4750022888183594]}, "properties": {"precip_mm": 2.9}}, {"type": "Feature", "geometry": {"type": "Point", "coordinates": [-77.97500610351562, -2.4750022888183594]}, "properties": {"precip_mm": 8.6}}, {"type": "Feature", "geometry": {"type": "Point", "coordinates": [-77.47500610351562, -2.4750022888183594]}, "properties": {"precip_mm": 8.6}}, {"type": "Feature", "geometry": {"type": "Point", "coordinates": [-76.97500610351562, -2.4750022888183594]}, "properties": {"precip_mm": 8.1}}, {"type": "Feature", "geometry": {"type": "Point", "coordinates": [-76.47500610351562, -2.4750022888183594]}, "properties": {"precip_mm": 6.6}}, {"type": "Feature", "geometry": {"type": "Point", "coordinates": [-75.97500610351562, -2.4750022888183594]}, "properties": {"precip_mm": 5.2}}, {"type": "Feature", "geometry": {"type": "Point", "coordinates": [-75.47500610351562, -2.4750022888183594]}, "properties": {"precip_mm": 6.6}}, {"type": "Feature", "geometry": {"type": "Point", "coordinates": [-74.97500610351562, -2.4750022888183594]}, "properties": {"precip_mm": 7.5}}, {"type": "Feature", "geometry": {"type": "Point", "coordinates": [-74.47500610351562, -2.4750022888183594]}, "properties": {"precip_mm": 8.0}}, {"type": "Feature", "geometry": {"type": "Point", "coordinates": [-73.97500610351562, -2.4750022888183594]}, "properties": {"precip_mm": 7.2}}, {"type": "Feature", "geometry": {"type": "Point", "coordinates": [-73.47500610351562, -2.4750022888183594]}, "properties": {"precip_mm": 7.9}}, {"type": "Feature", "geometry": {"type": "Point", "coordinates": [-72.97500610351562, -2.4750022888183594]}, "properties": {"precip_mm": 8.4}}, {"type": "Feature", "geometry": {"type": "Point", "coordinates": [-72.47500610351562, -2.4750022888183594]}, "properties": {"precip_mm": 10.5}}, {"type": "Feature", "geometry": {"type": "Point", "coordinates": [-71.97500610351562, -2.4750022888183594]}, "properties": {"precip_mm": 9.8}}, {"type": "Feature", "geometry": {"type": "Point", "coordinates": [-71.47500610351562, -2.4750022888183594]}, "properties": {"precip_mm": 9.5}}, {"type": "Feature", "geometry": {"type": "Point", "coordinates": [-70.97500610351562, -2.4750022888183594]}, "properties": {"precip_mm": 6.8}}, {"type": "Feature", "geometry": {"type": "Point", "coordinates": [-70.47500610351562, -2.4750022888183594]}, "properties": {"precip_mm": 7.3}}, {"type": "Feature", "geometry": {"type": "Point", "coordinates": [-69.97500610351562, -2.4750022888183594]}, "properties": {"precip_mm": 7.9}}, {"type": "Feature", "geometry": {"type": "Point", "coordinates": [-69.47500610351562, -2.4750022888183594]}, "properties": {"precip_mm": 6.9}}, {"type": "Feature", "geometry": {"type": "Point", "coordinates": [-68.97500610351562, -2.4750022888183594]}, "properties": {"precip_mm": 7.1}}, {"type": "Feature", "geometry": {"type": "Point", "coordinates": [-68.47500610351562, -2.4750022888183594]}, "properties": {"precip_mm": 7.4}}, {"type": "Feature", "geometry": {"type": "Point", "coordinates": [-67.97500610351562, -2.4750022888183594]}, "properties": {"precip_mm": 6.3}}, {"type": "Feature", "geometry": {"type": "Point", "coordinates": [-67.47500610351562, -2.4750022888183594]}, "properties": {"precip_mm": 4.9}}, {"type": "Feature", "geometry": {"type": "Point", "coordinates": [-66.97500610351562, -2.4750022888183594]}, "properties": {"precip_mm": 4.7}}, {"type": "Feature", "geometry": {"type": "Point", "coordinates": [-66.47500610351562, -2.4750022888183594]}, "properties": {"precip_mm": 5.4}}, {"type": "Feature", "geometry": {"type": "Point", "coordinates": [-65.97500610351562, -2.4750022888183594]}, "properties": {"precip_mm": 4.0}}, {"type": "Feature", "geometry": {"type": "Point", "coordinates": [-65.47500610351562, -2.4750022888183594]}, "properties": {"precip_mm": 3.9}}, {"type": "Feature", "geometry": {"type": "Point", "coordinates": [-64.97500610351562, -2.4750022888183594]}, "properties": {"precip_mm": 4.6}}, {"type": "Feature", "geometry": {"type": "Point", "coordinates": [-64.47500610351562, -2.4750022888183594]}, "properties": {"precip_mm": 4.9}}, {"type": "Feature", "geometry": {"type": "Point", "coordinates": [-63.975006103515625, -2.4750022888183594]}, "properties": {"precip_mm": 3.8}}, {"type": "Feature", "geometry": {"type": "Point", "coordinates": [-63.475006103515625, -2.4750022888183594]}, "properties": {"precip_mm": 2.9}}, {"type": "Feature", "geometry": {"type": "Point", "coordinates": [-62.975006103515625, -2.4750022888183594]}, "properties": {"precip_mm": 2.0}}, {"type": "Feature", "geometry": {"type": "Point", "coordinates": [-62.475006103515625, -2.4750022888183594]}, "properties": {"precip_mm": 1.8}}, {"type": "Feature", "geometry": {"type": "Point", "coordinates": [-61.975006103515625, -2.4750022888183594]}, "properties": {"precip_mm": 1.5}}, {"type": "Feature", "geometry": {"type": "Point", "coordinates": [-61.475006103515625, -2.4750022888183594]}, "properties": {"precip_mm": 1.3}}, {"type": "Feature", "geometry": {"type": "Point", "coordinates": [-60.975006103515625, -2.4750022888183594]}, "properties": {"precip_mm": 0.9}}, {"type": "Feature", "geometry": {"type": "Point", "coordinates": [-60.475006103515625, -2.4750022888183594]}, "properties": {"precip_mm": 0.7}}, {"type": "Feature", "geometry": {"type": "Point", "coordinates": [-59.975006103515625, -2.4750022888183594]}, "properties": {"precip_mm": 0.7}}, {"type": "Feature", "geometry": {"type": "Point", "coordinates": [-59.475006103515625, -2.4750022888183594]}, "properties": {"precip_mm": 1.1}}, {"type": "Feature", "geometry": {"type": "Point", "coordinates": [-58.975006103515625, -2.4750022888183594]}, "properties": {"precip_mm": 0.8}}, {"type": "Feature", "geometry": {"type": "Point", "coordinates": [-58.475006103515625, -2.4750022888183594]}, "properties": {"precip_mm": 0.7}}, {"type": "Feature", "geometry": {"type": "Point", "coordinates": [-57.975006103515625, -2.4750022888183594]}, "properties": {"precip_mm": 0.7}}, {"type": "Feature", "geometry": {"type": "Point", "coordinates": [-57.475006103515625, -2.4750022888183594]}, "properties": {"precip_mm": 1.0}}, {"type": "Feature", "geometry": {"type": "Point", "coordinates": [-56.975006103515625, -2.4750022888183594]}, "properties": {"precip_mm": 1.4}}, {"type": "Feature", "geometry": {"type": "Point", "coordinates": [-56.475006103515625, -2.4750022888183594]}, "properties": {"precip_mm": 2.1}}, {"type": "Feature", "geometry": {"type": "Point", "coordinates": [-55.975006103515625, -2.4750022888183594]}, "properties": {"precip_mm": 1.8}}, {"type": "Feature", "geometry": {"type": "Point", "coordinates": [-55.475006103515625, -2.4750022888183594]}, "properties": {"precip_mm": 1.1}}, {"type": "Feature", "geometry": {"type": "Point", "coordinates": [-54.975006103515625, -2.4750022888183594]}, "properties": {"precip_mm": 0.7}}, {"type": "Feature", "geometry": {"type": "Point", "coordinates": [-54.475006103515625, -2.4750022888183594]}, "properties": {"precip_mm": 0.7}}, {"type": "Feature", "geometry": {"type": "Point", "coordinates": [-53.975006103515625, -2.4750022888183594]}, "properties": {"precip_mm": 0.9}}, {"type": "Feature", "geometry": {"type": "Point", "coordinates": [-53.475006103515625, -2.4750022888183594]}, "properties": {"precip_mm": 1.7}}, {"type": "Feature", "geometry": {"type": "Point", "coordinates": [-52.975006103515625, -2.4750022888183594]}, "properties": {"precip_mm": 1.6}}, {"type": "Feature", "geometry": {"type": "Point", "coordinates": [-52.475006103515625, -2.4750022888183594]}, "properties": {"precip_mm": 1.3}}, {"type": "Feature", "geometry": {"type": "Point", "coordinates": [-51.975006103515625, -2.4750022888183594]}, "properties": {"precip_mm": 0.9}}, {"type": "Feature", "geometry": {"type": "Point", "coordinates": [-51.475006103515625, -2.4750022888183594]}, "properties": {"precip_mm": 1.1}}, {"type": "Feature", "geometry": {"type": "Point", "coordinates": [-50.975006103515625, -2.4750022888183594]}, "properties": {"precip_mm": 1.7}}, {"type": "Feature", "geometry": {"type": "Point", "coordinates": [-50.475006103515625, -2.4750022888183594]}, "properties": {"precip_mm": 1.4}}, {"type": "Feature", "geometry": {"type": "Point", "coordinates": [-49.975006103515625, -2.4750022888183594]}, "properties": {"precip_mm": 1.8}}, {"type": "Feature", "geometry": {"type": "Point", "coordinates": [-49.475006103515625, -2.4750022888183594]}, "properties": {"precip_mm": 1.5}}, {"type": "Feature", "geometry": {"type": "Point", "coordinates": [-48.975006103515625, -2.4750022888183594]}, "properties": {"precip_mm": 1.9}}, {"type": "Feature", "geometry": {"type": "Point", "coordinates": [-48.475006103515625, -2.4750022888183594]}, "properties": {"precip_mm": 2.4}}, {"type": "Feature", "geometry": {"type": "Point", "coordinates": [-47.975006103515625, -2.4750022888183594]}, "properties": {"precip_mm": 2.5}}, {"type": "Feature", "geometry": {"type": "Point", "coordinates": [-47.475006103515625, -2.4750022888183594]}, "properties": {"precip_mm": 2.5}}, {"type": "Feature", "geometry": {"type": "Point", "coordinates": [-46.975006103515625, -2.4750022888183594]}, "properties": {"precip_mm": 2.6}}, {"type": "Feature", "geometry": {"type": "Point", "coordinates": [-46.475006103515625, -2.4750022888183594]}, "properties": {"precip_mm": 3.2}}, {"type": "Feature", "geometry": {"type": "Point", "coordinates": [-45.975006103515625, -2.4750022888183594]}, "properties": {"precip_mm": 1.4}}, {"type": "Feature", "geometry": {"type": "Point", "coordinates": [-45.475006103515625, -2.4750022888183594]}, "properties": {"precip_mm": 1.3}}, {"type": "Feature", "geometry": {"type": "Point", "coordinates": [-44.975006103515625, -2.4750022888183594]}, "properties": {"precip_mm": 0.6}}, {"type": "Feature", "geometry": {"type": "Point", "coordinates": [-44.475006103515625, -2.4750022888183594]}, "properties": {"precip_mm": 0.6}}, {"type": "Feature", "geometry": {"type": "Point", "coordinates": [-43.475006103515625, -2.4750022888183594]}, "properties": {"precip_mm": 0.5}}, {"type": "Feature", "geometry": {"type": "Point", "coordinates": [-42.975006103515625, -2.4750022888183594]}, "properties": {"precip_mm": 0.5}}, {"type": "Feature", "geometry": {"type": "Point", "coordinates": [-80.47500610351562, -1.9750022888183594]}, "properties": {"precip_mm": 0.2}}, {"type": "Feature", "geometry": {"type": "Point", "coordinates": [-79.47500610351562, -1.9750022888183594]}, "properties": {"precip_mm": 0.4}}, {"type": "Feature", "geometry": {"type": "Point", "coordinates": [-78.47500610351562, -1.9750022888183594]}, "properties": {"precip_mm": 2.5}}, {"type": "Feature", "geometry": {"type": "Point", "coordinates": [-77.97500610351562, -1.9750022888183594]}, "properties": {"precip_mm": 7.9}}, {"type": "Feature", "geometry": {"type": "Point", "coordinates": [-77.47500610351562, -1.9750022888183594]}, "properties": {"precip_mm": 9.1}}, {"type": "Feature", "geometry": {"type": "Point", "coordinates": [-76.97500610351562, -1.9750022888183594]}, "properties": {"precip_mm": 9.5}}, {"type": "Feature", "geometry": {"type": "Point", "coordinates": [-76.47500610351562, -1.9750022888183594]}, "properties": {"precip_mm": 8.0}}, {"type": "Feature", "geometry": {"type": "Point", "coordinates": [-75.97500610351562, -1.9750022888183594]}, "properties": {"precip_mm": 7.3}}, {"type": "Feature", "geometry": {"type": "Point", "coordinates": [-75.47500610351562, -1.9750022888183594]}, "properties": {"precip_mm": 9.2}}, {"type": "Feature", "geometry": {"type": "Point", "coordinates": [-74.97500610351562, -1.9750022888183594]}, "properties": {"precip_mm": 10.0}}, {"type": "Feature", "geometry": {"type": "Point", "coordinates": [-74.47500610351562, -1.9750022888183594]}, "properties": {"precip_mm": 8.7}}, {"type": "Feature", "geometry": {"type": "Point", "coordinates": [-73.97500610351562, -1.9750022888183594]}, "properties": {"precip_mm": 8.3}}, {"type": "Feature", "geometry": {"type": "Point", "coordinates": [-73.47500610351562, -1.9750022888183594]}, "properties": {"precip_mm": 9.4}}, {"type": "Feature", "geometry": {"type": "Point", "coordinates": [-72.97500610351562, -1.9750022888183594]}, "properties": {"precip_mm": 8.9}}, {"type": "Feature", "geometry": {"type": "Point", "coordinates": [-72.47500610351562, -1.9750022888183594]}, "properties": {"precip_mm": 7.4}}, {"type": "Feature", "geometry": {"type": "Point", "coordinates": [-71.97500610351562, -1.9750022888183594]}, "properties": {"precip_mm": 7.7}}, {"type": "Feature", "geometry": {"type": "Point", "coordinates": [-71.47500610351562, -1.9750022888183594]}, "properties": {"precip_mm": 7.1}}, {"type": "Feature", "geometry": {"type": "Point", "coordinates": [-70.97500610351562, -1.9750022888183594]}, "properties": {"precip_mm": 8.3}}, {"type": "Feature", "geometry": {"type": "Point", "coordinates": [-70.47500610351562, -1.9750022888183594]}, "properties": {"precip_mm": 8.3}}, {"type": "Feature", "geometry": {"type": "Point", "coordinates": [-69.97500610351562, -1.9750022888183594]}, "properties": {"precip_mm": 9.2}}, {"type": "Feature", "geometry": {"type": "Point", "coordinates": [-69.47500610351562, -1.9750022888183594]}, "properties": {"precip_mm": 8.9}}, {"type": "Feature", "geometry": {"type": "Point", "coordinates": [-68.97500610351562, -1.9750022888183594]}, "properties": {"precip_mm": 7.4}}, {"type": "Feature", "geometry": {"type": "Point", "coordinates": [-68.47500610351562, -1.9750022888183594]}, "properties": {"precip_mm": 6.7}}, {"type": "Feature", "geometry": {"type": "Point", "coordinates": [-67.97500610351562, -1.9750022888183594]}, "properties": {"precip_mm": 6.4}}, {"type": "Feature", "geometry": {"type": "Point", "coordinates": [-67.47500610351562, -1.9750022888183594]}, "properties": {"precip_mm": 6.1}}, {"type": "Feature", "geometry": {"type": "Point", "coordinates": [-66.97500610351562, -1.9750022888183594]}, "properties": {"precip_mm": 4.5}}, {"type": "Feature", "geometry": {"type": "Point", "coordinates": [-66.47500610351562, -1.9750022888183594]}, "properties": {"precip_mm": 4.2}}, {"type": "Feature", "geometry": {"type": "Point", "coordinates": [-65.97500610351562, -1.9750022888183594]}, "properties": {"precip_mm": 3.7}}, {"type": "Feature", "geometry": {"type": "Point", "coordinates": [-65.47500610351562, -1.9750022888183594]}, "properties": {"precip_mm": 4.0}}, {"type": "Feature", "geometry": {"type": "Point", "coordinates": [-64.97500610351562, -1.9750022888183594]}, "properties": {"precip_mm": 5.4}}, {"type": "Feature", "geometry": {"type": "Point", "coordinates": [-64.47500610351562, -1.9750022888183594]}, "properties": {"precip_mm": 6.2}}, {"type": "Feature", "geometry": {"type": "Point", "coordinates": [-63.975006103515625, -1.9750022888183594]}, "properties": {"precip_mm": 5.2}}, {"type": "Feature", "geometry": {"type": "Point", "coordinates": [-63.475006103515625, -1.9750022888183594]}, "properties": {"precip_mm": 3.5}}, {"type": "Feature", "geometry": {"type": "Point", "coordinates": [-62.975006103515625, -1.9750022888183594]}, "properties": {"precip_mm": 2.3}}, {"type": "Feature", "geometry": {"type": "Point", "coordinates": [-62.475006103515625, -1.9750022888183594]}, "properties": {"precip_mm": 2.2}}, {"type": "Feature", "geometry": {"type": "Point", "coordinates": [-61.975006103515625, -1.9750022888183594]}, "properties": {"precip_mm": 1.3}}, {"type": "Feature", "geometry": {"type": "Point", "coordinates": [-61.475006103515625, -1.9750022888183594]}, "properties": {"precip_mm": 0.8}}, {"type": "Feature", "geometry": {"type": "Point", "coordinates": [-60.975006103515625, -1.9750022888183594]}, "properties": {"precip_mm": 1.1}}, {"type": "Feature", "geometry": {"type": "Point", "coordinates": [-60.475006103515625, -1.9750022888183594]}, "properties": {"precip_mm": 0.9}}, {"type": "Feature", "geometry": {"type": "Point", "coordinates": [-59.975006103515625, -1.9750022888183594]}, "properties": {"precip_mm": 0.6}}, {"type": "Feature", "geometry": {"type": "Point", "coordinates": [-59.475006103515625, -1.9750022888183594]}, "properties": {"precip_mm": 0.8}}, {"type": "Feature", "geometry": {"type": "Point", "coordinates": [-58.975006103515625, -1.9750022888183594]}, "properties": {"precip_mm": 0.8}}, {"type": "Feature", "geometry": {"type": "Point", "coordinates": [-58.475006103515625, -1.9750022888183594]}, "properties": {"precip_mm": 0.7}}, {"type": "Feature", "geometry": {"type": "Point", "coordinates": [-57.975006103515625, -1.9750022888183594]}, "properties": {"precip_mm": 0.8}}, {"type": "Feature", "geometry": {"type": "Point", "coordinates": [-57.475006103515625, -1.9750022888183594]}, "properties": {"precip_mm": 1.2}}, {"type": "Feature", "geometry": {"type": "Point", "coordinates": [-56.975006103515625, -1.9750022888183594]}, "properties": {"precip_mm": 1.2}}, {"type": "Feature", "geometry": {"type": "Point", "coordinates": [-56.475006103515625, -1.9750022888183594]}, "properties": {"precip_mm": 1.5}}, {"type": "Feature", "geometry": {"type": "Point", "coordinates": [-55.975006103515625, -1.9750022888183594]}, "properties": {"precip_mm": 1.2}}, {"type": "Feature", "geometry": {"type": "Point", "coordinates": [-55.475006103515625, -1.9750022888183594]}, "properties": {"precip_mm": 0.7}}, {"type": "Feature", "geometry": {"type": "Point", "coordinates": [-54.975006103515625, -1.9750022888183594]}, "properties": {"precip_mm": 1.1}}, {"type": "Feature", "geometry": {"type": "Point", "coordinates": [-54.475006103515625, -1.9750022888183594]}, "properties": {"precip_mm": 0.8}}, {"type": "Feature", "geometry": {"type": "Point", "coordinates": [-53.975006103515625, -1.9750022888183594]}, "properties": {"precip_mm": 0.7}}, {"type": "Feature", "geometry": {"type": "Point", "coordinates": [-53.475006103515625, -1.9750022888183594]}, "properties": {"precip_mm": 1.2}}, {"type": "Feature", "geometry": {"type": "Point", "coordinates": [-52.975006103515625, -1.9750022888183594]}, "properties": {"precip_mm": 1.3}}, {"type": "Feature", "geometry": {"type": "Point", "coordinates": [-52.475006103515625, -1.9750022888183594]}, "properties": {"precip_mm": 1.0}}, {"type": "Feature", "geometry": {"type": "Point", "coordinates": [-51.975006103515625, -1.9750022888183594]}, "properties": {"precip_mm": 1.0}}, {"type": "Feature", "geometry": {"type": "Point", "coordinates": [-51.475006103515625, -1.9750022888183594]}, "properties": {"precip_mm": 1.5}}, {"type": "Feature", "geometry": {"type": "Point", "coordinates": [-50.975006103515625, -1.9750022888183594]}, "properties": {"precip_mm": 1.1}}, {"type": "Feature", "geometry": {"type": "Point", "coordinates": [-50.475006103515625, -1.9750022888183594]}, "properties": {"precip_mm": 0.8}}, {"type": "Feature", "geometry": {"type": "Point", "coordinates": [-49.975006103515625, -1.9750022888183594]}, "properties": {"precip_mm": 1.0}}, {"type": "Feature", "geometry": {"type": "Point", "coordinates": [-49.475006103515625, -1.9750022888183594]}, "properties": {"precip_mm": 1.6}}, {"type": "Feature", "geometry": {"type": "Point", "coordinates": [-48.975006103515625, -1.9750022888183594]}, "properties": {"precip_mm": 2.4}}, {"type": "Feature", "geometry": {"type": "Point", "coordinates": [-48.475006103515625, -1.9750022888183594]}, "properties": {"precip_mm": 3.8}}, {"type": "Feature", "geometry": {"type": "Point", "coordinates": [-47.975006103515625, -1.9750022888183594]}, "properties": {"precip_mm": 3.0}}, {"type": "Feature", "geometry": {"type": "Point", "coordinates": [-47.475006103515625, -1.9750022888183594]}, "properties": {"precip_mm": 2.8}}, {"type": "Feature", "geometry": {"type": "Point", "coordinates": [-46.975006103515625, -1.9750022888183594]}, "properties": {"precip_mm": 2.8}}, {"type": "Feature", "geometry": {"type": "Point", "coordinates": [-46.475006103515625, -1.9750022888183594]}, "properties": {"precip_mm": 3.0}}, {"type": "Feature", "geometry": {"type": "Point", "coordinates": [-45.975006103515625, -1.9750022888183594]}, "properties": {"precip_mm": 2.8}}, {"type": "Feature", "geometry": {"type": "Point", "coordinates": [-45.475006103515625, -1.9750022888183594]}, "properties": {"precip_mm": 1.5}}, {"type": "Feature", "geometry": {"type": "Point", "coordinates": [-44.975006103515625, -1.9750022888183594]}, "properties": {"precip_mm": 0.8}}, {"type": "Feature", "geometry": {"type": "Point", "coordinates": [-44.475006103515625, -1.9750022888183594]}, "properties": {"precip_mm": 0.7}}, {"type": "Feature", "geometry": {"type": "Point", "coordinates": [-79.47500610351562, -1.4750022888183594]}, "properties": {"precip_mm": 0.4}}, {"type": "Feature", "geometry": {"type": "Point", "coordinates": [-78.97500610351562, -1.4750022888183594]}, "properties": {"precip_mm": 0.2}}, {"type": "Feature", "geometry": {"type": "Point", "coordinates": [-78.47500610351562, -1.4750022888183594]}, "properties": {"precip_mm": 3.4}}, {"type": "Feature", "geometry": {"type": "Point", "coordinates": [-77.97500610351562, -1.4750022888183594]}, "properties": {"precip_mm": 9.3}}, {"type": "Feature", "geometry": {"type": "Point", "coordinates": [-77.47500610351562, -1.4750022888183594]}, "properties": {"precip_mm": 7.6}}, {"type": "Feature", "geometry": {"type": "Point", "coordinates": [-76.97500610351562, -1.4750022888183594]}, "properties": {"precip_mm": 8.5}}, {"type": "Feature", "geometry": {"type": "Point", "coordinates": [-76.47500610351562, -1.4750022888183594]}, "properties": {"precip_mm": 6.5}}, {"type": "Feature", "geometry": {"type": "Point", "coordinates": [-75.97500610351562, -1.4750022888183594]}, "properties": {"precip_mm": 7.6}}, {"type": "Feature", "geometry": {"type": "Point", "coordinates": [-75.47500610351562, -1.4750022888183594]}, "properties": {"precip_mm": 9.2}}, {"type": "Feature", "geometry": {"type": "Point", "coordinates": [-74.97500610351562, -1.4750022888183594]}, "properties": {"precip_mm": 9.3}}, {"type": "Feature", "geometry": {"type": "Point", "coordinates": [-74.47500610351562, -1.4750022888183594]}, "properties": {"precip_mm": 9.2}}, {"type": "Feature", "geometry": {"type": "Point", "coordinates": [-73.97500610351562, -1.4750022888183594]}, "properties": {"precip_mm": 9.2}}, {"type": "Feature", "geometry": {"type": "Point", "coordinates": [-73.47500610351562, -1.4750022888183594]}, "properties": {"precip_mm": 11.7}}, {"type": "Feature", "geometry": {"type": "Point", "coordinates": [-72.97500610351562, -1.4750022888183594]}, "properties": {"precip_mm": 11.9}}, {"type": "Feature", "geometry": {"type": "Point", "coordinates": [-72.47500610351562, -1.4750022888183594]}, "properties": {"precip_mm": 9.1}}, {"type": "Feature", "geometry": {"type": "Point", "coordinates": [-71.97500610351562, -1.4750022888183594]}, "properties": {"precip_mm": 8.0}}, {"type": "Feature", "geometry": {"type": "Point", "coordinates": [-71.47500610351562, -1.4750022888183594]}, "properties": {"precip_mm": 9.2}}, {"type": "Feature", "geometry": {"type": "Point", "coordinates": [-70.97500610351562, -1.4750022888183594]}, "properties": {"precip_mm": 8.2}}, {"type": "Feature", "geometry": {"type": "Point", "coordinates": [-70.47500610351562, -1.4750022888183594]}, "properties": {"precip_mm": 8.6}}, {"type": "Feature", "geometry": {"type": "Point", "coordinates": [-69.97500610351562, -1.4750022888183594]}, "properties": {"precip_mm": 7.9}}, {"type": "Feature", "geometry": {"type": "Point", "coordinates": [-69.47500610351562, -1.4750022888183594]}, "properties": {"precip_mm": 6.9}}, {"type": "Feature", "geometry": {"type": "Point", "coordinates": [-68.97500610351562, -1.4750022888183594]}, "properties": {"precip_mm": 7.0}}, {"type": "Feature", "geometry": {"type": "Point", "coordinates": [-68.47500610351562, -1.4750022888183594]}, "properties": {"precip_mm": 6.7}}, {"type": "Feature", "geometry": {"type": "Point", "coordinates": [-67.97500610351562, -1.4750022888183594]}, "properties": {"precip_mm": 6.7}}, {"type": "Feature", "geometry": {"type": "Point", "coordinates": [-67.47500610351562, -1.4750022888183594]}, "properties": {"precip_mm": 6.9}}, {"type": "Feature", "geometry": {"type": "Point", "coordinates": [-66.97500610351562, -1.4750022888183594]}, "properties": {"precip_mm": 6.3}}, {"type": "Feature", "geometry": {"type": "Point", "coordinates": [-66.47500610351562, -1.4750022888183594]}, "properties": {"precip_mm": 5.4}}, {"type": "Feature", "geometry": {"type": "Point", "coordinates": [-65.97500610351562, -1.4750022888183594]}, "properties": {"precip_mm": 4.2}}, {"type": "Feature", "geometry": {"type": "Point", "coordinates": [-65.47500610351562, -1.4750022888183594]}, "properties": {"precip_mm": 4.8}}, {"type": "Feature", "geometry": {"type": "Point", "coordinates": [-64.97500610351562, -1.4750022888183594]}, "properties": {"precip_mm": 7.0}}, {"type": "Feature", "geometry": {"type": "Point", "coordinates": [-64.47500610351562, -1.4750022888183594]}, "properties": {"precip_mm": 6.3}}, {"type": "Feature", "geometry": {"type": "Point", "coordinates": [-63.975006103515625, -1.4750022888183594]}, "properties": {"precip_mm": 4.3}}, {"type": "Feature", "geometry": {"type": "Point", "coordinates": [-63.475006103515625, -1.4750022888183594]}, "properties": {"precip_mm": 3.6}}, {"type": "Feature", "geometry": {"type": "Point", "coordinates": [-62.975006103515625, -1.4750022888183594]}, "properties": {"precip_mm": 2.4}}, {"type": "Feature", "geometry": {"type": "Point", "coordinates": [-62.475006103515625, -1.4750022888183594]}, "properties": {"precip_mm": 1.5}}, {"type": "Feature", "geometry": {"type": "Point", "coordinates": [-61.975006103515625, -1.4750022888183594]}, "properties": {"precip_mm": 1.3}}, {"type": "Feature", "geometry": {"type": "Point", "coordinates": [-61.475006103515625, -1.4750022888183594]}, "properties": {"precip_mm": 1.1}}, {"type": "Feature", "geometry": {"type": "Point", "coordinates": [-60.975006103515625, -1.4750022888183594]}, "properties": {"precip_mm": 1.0}}, {"type": "Feature", "geometry": {"type": "Point", "coordinates": [-60.475006103515625, -1.4750022888183594]}, "properties": {"precip_mm": 1.0}}, {"type": "Feature", "geometry": {"type": "Point", "coordinates": [-59.975006103515625, -1.4750022888183594]}, "properties": {"precip_mm": 0.6}}, {"type": "Feature", "geometry": {"type": "Point", "coordinates": [-59.475006103515625, -1.4750022888183594]}, "properties": {"precip_mm": 0.8}}, {"type": "Feature", "geometry": {"type": "Point", "coordinates": [-58.975006103515625, -1.4750022888183594]}, "properties": {"precip_mm": 1.0}}, {"type": "Feature", "geometry": {"type": "Point", "coordinates": [-58.475006103515625, -1.4750022888183594]}, "properties": {"precip_mm": 0.9}}, {"type": "Feature", "geometry": {"type": "Point", "coordinates": [-57.975006103515625, -1.4750022888183594]}, "properties": {"precip_mm": 0.8}}, {"type": "Feature", "geometry": {"type": "Point", "coordinates": [-57.475006103515625, -1.4750022888183594]}, "properties": {"precip_mm": 0.9}}, {"type": "Feature", "geometry": {"type": "Point", "coordinates": [-56.975006103515625, -1.4750022888183594]}, "properties": {"precip_mm": 1.4}}, {"type": "Feature", "geometry": {"type": "Point", "coordinates": [-56.475006103515625, -1.4750022888183594]}, "properties": {"precip_mm": 1.9}}, {"type": "Feature", "geometry": {"type": "Point", "coordinates": [-55.975006103515625, -1.4750022888183594]}, "properties": {"precip_mm": 1.0}}, {"type": "Feature", "geometry": {"type": "Point", "coordinates": [-55.475006103515625, -1.4750022888183594]}, "properties": {"precip_mm": 0.7}}, {"type": "Feature", "geometry": {"type": "Point", "coordinates": [-54.975006103515625, -1.4750022888183594]}, "properties": {"precip_mm": 1.3}}, {"type": "Feature", "geometry": {"type": "Point", "coordinates": [-54.475006103515625, -1.4750022888183594]}, "properties": {"precip_mm": 1.4}}, {"type": "Feature", "geometry": {"type": "Point", "coordinates": [-53.975006103515625, -1.4750022888183594]}, "properties": {"precip_mm": 1.1}}, {"type": "Feature", "geometry": {"type": "Point", "coordinates": [-53.475006103515625, -1.4750022888183594]}, "properties": {"precip_mm": 1.6}}, {"type": "Feature", "geometry": {"type": "Point", "coordinates": [-52.975006103515625, -1.4750022888183594]}, "properties": {"precip_mm": 1.5}}, {"type": "Feature", "geometry": {"type": "Point", "coordinates": [-52.475006103515625, -1.4750022888183594]}, "properties": {"precip_mm": 1.8}}, {"type": "Feature", "geometry": {"type": "Point", "coordinates": [-51.975006103515625, -1.4750022888183594]}, "properties": {"precip_mm": 3.4}}, {"type": "Feature", "geometry": {"type": "Point", "coordinates": [-51.475006103515625, -1.4750022888183594]}, "properties": {"precip_mm": 6.4}}, {"type": "Feature", "geometry": {"type": "Point", "coordinates": [-50.975006103515625, -1.4750022888183594]}, "properties": {"precip_mm": 7.4}}, {"type": "Feature", "geometry": {"type": "Point", "coordinates": [-50.475006103515625, -1.4750022888183594]}, "properties": {"precip_mm": 6.2}}, {"type": "Feature", "geometry": {"type": "Point", "coordinates": [-49.975006103515625, -1.4750022888183594]}, "properties": {"precip_mm": 2.8}}, {"type": "Feature", "geometry": {"type": "Point", "coordinates": [-49.475006103515625, -1.4750022888183594]}, "properties": {"precip_mm": 2.9}}, {"type": "Feature", "geometry": {"type": "Point", "coordinates": [-48.975006103515625, -1.4750022888183594]}, "properties": {"precip_mm": 3.2}}, {"type": "Feature", "geometry": {"type": "Point", "coordinates": [-48.475006103515625, -1.4750022888183594]}, "properties": {"precip_mm": 4.1}}, {"type": "Feature", "geometry": {"type": "Point", "coordinates": [-47.975006103515625, -1.4750022888183594]}, "properties": {"precip_mm": 3.1}}, {"type": "Feature", "geometry": {"type": "Point", "coordinates": [-47.475006103515625, -1.4750022888183594]}, "properties": {"precip_mm": 2.9}}, {"type": "Feature", "geometry": {"type": "Point", "coordinates": [-46.975006103515625, -1.4750022888183594]}, "properties": {"precip_mm": 2.4}}, {"type": "Feature", "geometry": {"type": "Point", "coordinates": [-46.475006103515625, -1.4750022888183594]}, "properties": {"precip_mm": 2.7}}, {"type": "Feature", "geometry": {"type": "Point", "coordinates": [-45.975006103515625, -1.4750022888183594]}, "properties": {"precip_mm": 2.3}}, {"type": "Feature", "geometry": {"type": "Point", "coordinates": [-45.475006103515625, -1.4750022888183594]}, "properties": {"precip_mm": 1.6}}, {"type": "Feature", "geometry": {"type": "Point", "coordinates": [-44.975006103515625, -1.4750022888183594]}, "properties": {"precip_mm": 1.2}}, {"type": "Feature", "geometry": {"type": "Point", "coordinates": [-80.47500610351562, -0.9750022888183594]}, "properties": {"precip_mm": 0.2}}, {"type": "Feature", "geometry": {"type": "Point", "coordinates": [-79.97500610351562, -0.9750022888183594]}, "properties": {"precip_mm": 1.4}}, {"type": "Feature", "geometry": {"type": "Point", "coordinates": [-79.47500610351562, -0.9750022888183594]}, "properties": {"precip_mm": 0.3}}, {"type": "Feature", "geometry": {"type": "Point", "coordinates": [-78.47500610351562, -0.9750022888183594]}, "properties": {"precip_mm": 1.0}}, {"type": "Feature", "geometry": {"type": "Point", "coordinates": [-77.97500610351562, -0.9750022888183594]}, "properties": {"precip_mm": 8.0}}, {"type": "Feature", "geometry": {"type": "Point", "coordinates": [-77.47500610351562, -0.9750022888183594]}, "properties": {"precip_mm": 5.8}}, {"type": "Feature", "geometry": {"type": "Point", "coordinates": [-76.97500610351562, -0.9750022888183594]}, "properties": {"precip_mm": 5.4}}, {"type": "Feature", "geometry": {"type": "Point", "coordinates": [-76.47500610351562, -0.9750022888183594]}, "properties": {"precip_mm": 5.4}}, {"type": "Feature", "geometry": {"type": "Point", "coordinates": [-75.97500610351562, -0.9750022888183594]}, "properties": {"precip_mm": 7.1}}, {"type": "Feature", "geometry": {"type": "Point", "coordinates": [-75.47500610351562, -0.9750022888183594]}, "properties": {"precip_mm": 7.2}}, {"type": "Feature", "geometry": {"type": "Point", "coordinates": [-74.97500610351562, -0.9750022888183594]}, "properties": {"precip_mm": 9.8}}, {"type": "Feature", "geometry": {"type": "Point", "coordinates": [-74.47500610351562, -0.9750022888183594]}, "properties": {"precip_mm": 8.1}}, {"type": "Feature", "geometry": {"type": "Point", "coordinates": [-73.97500610351562, -0.9750022888183594]}, "properties": {"precip_mm": 10.2}}, {"type": "Feature", "geometry": {"type": "Point", "coordinates": [-73.47500610351562, -0.9750022888183594]}, "properties": {"precip_mm": 13.0}}, {"type": "Feature", "geometry": {"type": "Point", "coordinates": [-72.97500610351562, -0.9750022888183594]}, "properties": {"precip_mm": 14.0}}, {"type": "Feature", "geometry": {"type": "Point", "coordinates": [-72.47500610351562, -0.9750022888183594]}, "properties": {"precip_mm": 12.6}}, {"type": "Feature", "geometry": {"type": "Point", "coordinates": [-71.97500610351562, -0.9750022888183594]}, "properties": {"precip_mm": 12.5}}, {"type": "Feature", "geometry": {"type": "Point", "coordinates": [-71.47500610351562, -0.9750022888183594]}, "properties": {"precip_mm": 11.3}}, {"type": "Feature", "geometry": {"type": "Point", "coordinates": [-70.97500610351562, -0.9750022888183594]}, "properties": {"precip_mm": 11.3}}, {"type": "Feature", "geometry": {"type": "Point", "coordinates": [-70.47500610351562, -0.9750022888183594]}, "properties": {"precip_mm": 9.7}}, {"type": "Feature", "geometry": {"type": "Point", "coordinates": [-69.97500610351562, -0.9750022888183594]}, "properties": {"precip_mm": 8.9}}, {"type": "Feature", "geometry": {"type": "Point", "coordinates": [-69.47500610351562, -0.9750022888183594]}, "properties": {"precip_mm": 10.0}}, {"type": "Feature", "geometry": {"type": "Point", "coordinates": [-68.97500610351562, -0.9750022888183594]}, "properties": {"precip_mm": 9.8}}, {"type": "Feature", "geometry": {"type": "Point", "coordinates": [-68.47500610351562, -0.9750022888183594]}, "properties": {"precip_mm": 7.9}}, {"type": "Feature", "geometry": {"type": "Point", "coordinates": [-67.97500610351562, -0.9750022888183594]}, "properties": {"precip_mm": 9.2}}, {"type": "Feature", "geometry": {"type": "Point", "coordinates": [-67.47500610351562, -0.9750022888183594]}, "properties": {"precip_mm": 7.7}}, {"type": "Feature", "geometry": {"type": "Point", "coordinates": [-66.97500610351562, -0.9750022888183594]}, "properties": {"precip_mm": 6.5}}, {"type": "Feature", "geometry": {"type": "Point", "coordinates": [-66.47500610351562, -0.9750022888183594]}, "properties": {"precip_mm": 4.3}}, {"type": "Feature", "geometry": {"type": "Point", "coordinates": [-65.97500610351562, -0.9750022888183594]}, "properties": {"precip_mm": 5.3}}, {"type": "Feature", "geometry": {"type": "Point", "coordinates": [-65.47500610351562, -0.9750022888183594]}, "properties": {"precip_mm": 4.8}}, {"type": "Feature", "geometry": {"type": "Point", "coordinates": [-64.97500610351562, -0.9750022888183594]}, "properties": {"precip_mm": 5.4}}, {"type": "Feature", "geometry": {"type": "Point", "coordinates": [-64.47500610351562, -0.9750022888183594]}, "properties": {"precip_mm": 3.9}}, {"type": "Feature", "geometry": {"type": "Point", "coordinates": [-63.975006103515625, -0.9750022888183594]}, "properties": {"precip_mm": 3.9}}, {"type": "Feature", "geometry": {"type": "Point", "coordinates": [-63.475006103515625, -0.9750022888183594]}, "properties": {"precip_mm": 3.6}}, {"type": "Feature", "geometry": {"type": "Point", "coordinates": [-62.975006103515625, -0.9750022888183594]}, "properties": {"precip_mm": 2.7}}, {"type": "Feature", "geometry": {"type": "Point", "coordinates": [-62.475006103515625, -0.9750022888183594]}, "properties": {"precip_mm": 1.9}}, {"type": "Feature", "geometry": {"type": "Point", "coordinates": [-61.975006103515625, -0.9750022888183594]}, "properties": {"precip_mm": 1.6}}, {"type": "Feature", "geometry": {"type": "Point", "coordinates": [-61.475006103515625, -0.9750022888183594]}, "properties": {"precip_mm": 2.1}}, {"type": "Feature", "geometry": {"type": "Point", "coordinates": [-60.975006103515625, -0.9750022888183594]}, "properties": {"precip_mm": 1.4}}, {"type": "Feature", "geometry": {"type": "Point", "coordinates": [-60.475006103515625, -0.9750022888183594]}, "properties": {"precip_mm": 0.9}}, {"type": "Feature", "geometry": {"type": "Point", "coordinates": [-59.975006103515625, -0.9750022888183594]}, "properties": {"precip_mm": 0.8}}, {"type": "Feature", "geometry": {"type": "Point", "coordinates": [-59.475006103515625, -0.9750022888183594]}, "properties": {"precip_mm": 0.9}}, {"type": "Feature", "geometry": {"type": "Point", "coordinates": [-58.975006103515625, -0.9750022888183594]}, "properties": {"precip_mm": 0.9}}, {"type": "Feature", "geometry": {"type": "Point", "coordinates": [-58.475006103515625, -0.9750022888183594]}, "properties": {"precip_mm": 1.1}}, {"type": "Feature", "geometry": {"type": "Point", "coordinates": [-57.975006103515625, -0.9750022888183594]}, "properties": {"precip_mm": 1.0}}, {"type": "Feature", "geometry": {"type": "Point", "coordinates": [-57.475006103515625, -0.9750022888183594]}, "properties": {"precip_mm": 1.4}}, {"type": "Feature", "geometry": {"type": "Point", "coordinates": [-56.975006103515625, -0.9750022888183594]}, "properties": {"precip_mm": 2.2}}, {"type": "Feature", "geometry": {"type": "Point", "coordinates": [-56.475006103515625, -0.9750022888183594]}, "properties": {"precip_mm": 1.6}}, {"type": "Feature", "geometry": {"type": "Point", "coordinates": [-55.975006103515625, -0.9750022888183594]}, "properties": {"precip_mm": 1.0}}, {"type": "Feature", "geometry": {"type": "Point", "coordinates": [-55.475006103515625, -0.9750022888183594]}, "properties": {"precip_mm": 1.2}}, {"type": "Feature", "geometry": {"type": "Point", "coordinates": [-54.975006103515625, -0.9750022888183594]}, "properties": {"precip_mm": 1.7}}, {"type": "Feature", "geometry": {"type": "Point", "coordinates": [-54.475006103515625, -0.9750022888183594]}, "properties": {"precip_mm": 1.4}}, {"type": "Feature", "geometry": {"type": "Point", "coordinates": [-53.975006103515625, -0.9750022888183594]}, "properties": {"precip_mm": 1.7}}, {"type": "Feature", "geometry": {"type": "Point", "coordinates": [-53.475006103515625, -0.9750022888183594]}, "properties": {"precip_mm": 2.0}}, {"type": "Feature", "geometry": {"type": "Point", "coordinates": [-52.975006103515625, -0.9750022888183594]}, "properties": {"precip_mm": 2.6}}, {"type": "Feature", "geometry": {"type": "Point", "coordinates": [-52.475006103515625, -0.9750022888183594]}, "properties": {"precip_mm": 5.5}}, {"type": "Feature", "geometry": {"type": "Point", "coordinates": [-51.975006103515625, -0.9750022888183594]}, "properties": {"precip_mm": 4.3}}, {"type": "Feature", "geometry": {"type": "Point", "coordinates": [-51.475006103515625, -0.9750022888183594]}, "properties": {"precip_mm": 9.2}}, {"type": "Feature", "geometry": {"type": "Point", "coordinates": [-50.975006103515625, -0.9750022888183594]}, "properties": {"precip_mm": 8.1}}, {"type": "Feature", "geometry": {"type": "Point", "coordinates": [-50.475006103515625, -0.9750022888183594]}, "properties": {"precip_mm": 8.8}}, {"type": "Feature", "geometry": {"type": "Point", "coordinates": [-49.975006103515625, -0.9750022888183594]}, "properties": {"precip_mm": 8.2}}, {"type": "Feature", "geometry": {"type": "Point", "coordinates": [-49.475006103515625, -0.9750022888183594]}, "properties": {"precip_mm": 3.6}}, {"type": "Feature", "geometry": {"type": "Point", "coordinates": [-48.975006103515625, -0.9750022888183594]}, "properties": {"precip_mm": 4.7}}, {"type": "Feature", "geometry": {"type": "Point", "coordinates": [-47.975006103515625, -0.9750022888183594]}, "properties": {"precip_mm": 4.1}}, {"type": "Feature", "geometry": {"type": "Point", "coordinates": [-47.475006103515625, -0.9750022888183594]}, "properties": {"precip_mm": 1.8}}, {"type": "Feature", "geometry": {"type": "Point", "coordinates": [-46.975006103515625, -0.9750022888183594]}, "properties": {"precip_mm": 2.5}}, {"type": "Feature", "geometry": {"type": "Point", "coordinates": [-46.475006103515625, -0.9750022888183594]}, "properties": {"precip_mm": 3.3}}, {"type": "Feature", "geometry": {"type": "Point", "coordinates": [-80.47500610351562, -0.4750022888183594]}, "properties": {"precip_mm": 0.1}}, {"type": "Feature", "geometry": {"type": "Point", "coordinates": [-79.97500610351562, -0.4750022888183594]}, "properties": {"precip_mm": 0.4}}, {"type": "Feature", "geometry": {"type": "Point", "coordinates": [-79.47500610351562, -0.4750022888183594]}, "properties": {"precip_mm": 0.6}}, {"type": "Feature", "geometry": {"type": "Point", "coordinates": [-78.47500610351562, -0.4750022888183594]}, "properties": {"precip_mm": 0.8}}, {"type": "Feature", "geometry": {"type": "Point", "coordinates": [-77.97500610351562, -0.4750022888183594]}, "properties": {"precip_mm": 2.8}}, {"type": "Feature", "geometry": {"type": "Point", "coordinates": [-77.47500610351562, -0.4750022888183594]}, "properties": {"precip_mm": 4.7}}, {"type": "Feature", "geometry": {"type": "Point", "coordinates": [-76.97500610351562, -0.4750022888183594]}, "properties": {"precip_mm": 4.3}}, {"type": "Feature", "geometry": {"type": "Point", "coordinates": [-76.47500610351562, -0.4750022888183594]}, "properties": {"precip_mm": 6.6}}, {"type": "Feature", "geometry": {"type": "Point", "coordinates": [-75.97500610351562, -0.4750022888183594]}, "properties": {"precip_mm": 6.4}}, {"type": "Feature", "geometry": {"type": "Point", "coordinates": [-75.47500610351562, -0.4750022888183594]}, "properties": {"precip_mm": 8.7}}, {"type": "Feature", "geometry": {"type": "Point", "coordinates": [-74.97500610351562, -0.4750022888183594]}, "properties": {"precip_mm": 7.9}}, {"type": "Feature", "geometry": {"type": "Point", "coordinates": [-74.47500610351562, -0.4750022888183594]}, "properties": {"precip_mm": 8.7}}, {"type": "Feature", "geometry": {"type": "Point", "coordinates": [-73.97500610351562, -0.4750022888183594]}, "properties": {"precip_mm": 12.7}}, {"type": "Feature", "geometry": {"type": "Point", "coordinates": [-73.47500610351562, -0.4750022888183594]}, "properties": {"precip_mm": 13.9}}, {"type": "Feature", "geometry": {"type": "Point", "coordinates": [-72.97500610351562, -0.4750022888183594]}, "properties": {"precip_mm": 12.9}}, {"type": "Feature", "geometry": {"type": "Point", "coordinates": [-72.47500610351562, -0.4750022888183594]}, "properties": {"precip_mm": 12.1}}, {"type": "Feature", "geometry": {"type": "Point", "coordinates": [-71.97500610351562, -0.4750022888183594]}, "properties": {"precip_mm": 11.4}}, {"type": "Feature", "geometry": {"type": "Point", "coordinates": [-71.47500610351562, -0.4750022888183594]}, "properties": {"precip_mm": 8.9}}, {"type": "Feature", "geometry": {"type": "Point", "coordinates": [-70.97500610351562, -0.4750022888183594]}, "properties": {"precip_mm": 11.3}}, {"type": "Feature", "geometry": {"type": "Point", "coordinates": [-70.47500610351562, -0.4750022888183594]}, "properties": {"precip_mm": 10.1}}, {"type": "Feature", "geometry": {"type": "Point", "coordinates": [-69.97500610351562, -0.4750022888183594]}, "properties": {"precip_mm": 8.6}}, {"type": "Feature", "geometry": {"type": "Point", "coordinates": [-69.47500610351562, -0.4750022888183594]}, "properties": {"precip_mm": 8.6}}, {"type": "Feature", "geometry": {"type": "Point", "coordinates": [-68.97500610351562, -0.4750022888183594]}, "properties": {"precip_mm": 7.7}}, {"type": "Feature", "geometry": {"type": "Point", "coordinates": [-68.47500610351562, -0.4750022888183594]}, "properties": {"precip_mm": 8.8}}, {"type": "Feature", "geometry": {"type": "Point", "coordinates": [-67.97500610351562, -0.4750022888183594]}, "properties": {"precip_mm": 9.6}}, {"type": "Feature", "geometry": {"type": "Point", "coordinates": [-67.47500610351562, -0.4750022888183594]}, "properties": {"precip_mm": 6.7}}, {"type": "Feature", "geometry": {"type": "Point", "coordinates": [-66.97500610351562, -0.4750022888183594]}, "properties": {"precip_mm": 6.0}}, {"type": "Feature", "geometry": {"type": "Point", "coordinates": [-66.47500610351562, -0.4750022888183594]}, "properties": {"precip_mm": 4.8}}, {"type": "Feature", "geometry": {"type": "Point", "coordinates": [-65.97500610351562, -0.4750022888183594]}, "properties": {"precip_mm": 5.6}}, {"type": "Feature", "geometry": {"type": "Point", "coordinates": [-65.47500610351562, -0.4750022888183594]}, "properties": {"precip_mm": 5.7}}, {"type": "Feature", "geometry": {"type": "Point", "coordinates": [-64.97500610351562, -0.4750022888183594]}, "properties": {"precip_mm": 5.2}}, {"type": "Feature", "geometry": {"type": "Point", "coordinates": [-64.47500610351562, -0.4750022888183594]}, "properties": {"precip_mm": 3.0}}, {"type": "Feature", "geometry": {"type": "Point", "coordinates": [-63.975006103515625, -0.4750022888183594]}, "properties": {"precip_mm": 2.4}}, {"type": "Feature", "geometry": {"type": "Point", "coordinates": [-63.475006103515625, -0.4750022888183594]}, "properties": {"precip_mm": 3.0}}, {"type": "Feature", "geometry": {"type": "Point", "coordinates": [-62.975006103515625, -0.4750022888183594]}, "properties": {"precip_mm": 3.9}}, {"type": "Feature", "geometry": {"type": "Point", "coordinates": [-62.475006103515625, -0.4750022888183594]}, "properties": {"precip_mm": 2.7}}, {"type": "Feature", "geometry": {"type": "Point", "coordinates": [-61.975006103515625, -0.4750022888183594]}, "properties": {"precip_mm": 2.3}}, {"type": "Feature", "geometry": {"type": "Point", "coordinates": [-61.475006103515625, -0.4750022888183594]}, "properties": {"precip_mm": 2.6}}, {"type": "Feature", "geometry": {"type": "Point", "coordinates": [-60.975006103515625, -0.4750022888183594]}, "properties": {"precip_mm": 1.9}}, {"type": "Feature", "geometry": {"type": "Point", "coordinates": [-60.475006103515625, -0.4750022888183594]}, "properties": {"precip_mm": 1.4}}, {"type": "Feature", "geometry": {"type": "Point", "coordinates": [-59.975006103515625, -0.4750022888183594]}, "properties": {"precip_mm": 1.2}}, {"type": "Feature", "geometry": {"type": "Point", "coordinates": [-59.475006103515625, -0.4750022888183594]}, "properties": {"precip_mm": 1.4}}, {"type": "Feature", "geometry": {"type": "Point", "coordinates": [-58.975006103515625, -0.4750022888183594]}, "properties": {"precip_mm": 1.4}}, {"type": "Feature", "geometry": {"type": "Point", "coordinates": [-58.475006103515625, -0.4750022888183594]}, "properties": {"precip_mm": 1.3}}, {"type": "Feature", "geometry": {"type": "Point", "coordinates": [-57.975006103515625, -0.4750022888183594]}, "properties": {"precip_mm": 1.7}}, {"type": "Feature", "geometry": {"type": "Point", "coordinates": [-57.475006103515625, -0.4750022888183594]}, "properties": {"precip_mm": 1.9}}, {"type": "Feature", "geometry": {"type": "Point", "coordinates": [-56.975006103515625, -0.4750022888183594]}, "properties": {"precip_mm": 2.0}}, {"type": "Feature", "geometry": {"type": "Point", "coordinates": [-56.475006103515625, -0.4750022888183594]}, "properties": {"precip_mm": 2.0}}, {"type": "Feature", "geometry": {"type": "Point", "coordinates": [-55.975006103515625, -0.4750022888183594]}, "properties": {"precip_mm": 1.5}}, {"type": "Feature", "geometry": {"type": "Point", "coordinates": [-55.475006103515625, -0.4750022888183594]}, "properties": {"precip_mm": 1.2}}, {"type": "Feature", "geometry": {"type": "Point", "coordinates": [-54.975006103515625, -0.4750022888183594]}, "properties": {"precip_mm": 1.6}}, {"type": "Feature", "geometry": {"type": "Point", "coordinates": [-54.475006103515625, -0.4750022888183594]}, "properties": {"precip_mm": 1.3}}, {"type": "Feature", "geometry": {"type": "Point", "coordinates": [-53.975006103515625, -0.4750022888183594]}, "properties": {"precip_mm": 1.7}}, {"type": "Feature", "geometry": {"type": "Point", "coordinates": [-53.475006103515625, -0.4750022888183594]}, "properties": {"precip_mm": 2.5}}, {"type": "Feature", "geometry": {"type": "Point", "coordinates": [-52.975006103515625, -0.4750022888183594]}, "properties": {"precip_mm": 4.5}}, {"type": "Feature", "geometry": {"type": "Point", "coordinates": [-52.475006103515625, -0.4750022888183594]}, "properties": {"precip_mm": 6.0}}, {"type": "Feature", "geometry": {"type": "Point", "coordinates": [-51.975006103515625, -0.4750022888183594]}, "properties": {"precip_mm": 6.8}}, {"type": "Feature", "geometry": {"type": "Point", "coordinates": [-51.475006103515625, -0.4750022888183594]}, "properties": {"precip_mm": 5.6}}, {"type": "Feature", "geometry": {"type": "Point", "coordinates": [-50.975006103515625, -0.4750022888183594]}, "properties": {"precip_mm": 6.4}}, {"type": "Feature", "geometry": {"type": "Point", "coordinates": [-50.475006103515625, -0.4750022888183594]}, "properties": {"precip_mm": 9.3}}, {"type": "Feature", "geometry": {"type": "Point", "coordinates": [-49.975006103515625, -0.4750022888183594]}, "properties": {"precip_mm": 6.5}}, {"type": "Feature", "geometry": {"type": "Point", "coordinates": [-49.475006103515625, -0.4750022888183594]}, "properties": {"precip_mm": 2.3}}, {"type": "Feature", "geometry": {"type": "Point", "coordinates": [-48.975006103515625, -0.4750022888183594]}, "properties": {"precip_mm": 3.3}}, {"type": "Feature", "geometry": {"type": "Point", "coordinates": [-48.475006103515625, -0.4750022888183594]}, "properties": {"precip_mm": 3.7}}, {"type": "Feature", "geometry": {"type": "Point", "coordinates": [-79.97500610351562, 0.024997711181640625]}, "properties": {"precip_mm": 0.7}}, {"type": "Feature", "geometry": {"type": "Point", "coordinates": [-79.47500610351562, 0.024997711181640625]}, "properties": {"precip_mm": 1.2}}, {"type": "Feature", "geometry": {"type": "Point", "coordinates": [-78.97500610351562, 0.024997711181640625]}, "properties": {"precip_mm": 0.9}}, {"type": "Feature", "geometry": {"type": "Point", "coordinates": [-78.47500610351562, 0.024997711181640625]}, "properties": {"precip_mm": 0.1}}, {"type": "Feature", "geometry": {"type": "Point", "coordinates": [-77.97500610351562, 0.024997711181640625]}, "properties": {"precip_mm": 1.3}}, {"type": "Feature", "geometry": {"type": "Point", "coordinates": [-77.47500610351562, 0.024997711181640625]}, "properties": {"precip_mm": 3.7}}, {"type": "Feature", "geometry": {"type": "Point", "coordinates": [-76.97500610351562, 0.024997711181640625]}, "properties": {"precip_mm": 3.5}}, {"type": "Feature", "geometry": {"type": "Point", "coordinates": [-76.47500610351562, 0.024997711181640625]}, "properties": {"precip_mm": 6.3}}, {"type": "Feature", "geometry": {"type": "Point", "coordinates": [-75.97500610351562, 0.024997711181640625]}, "properties": {"precip_mm": 8.2}}, {"type": "Feature", "geometry": {"type": "Point", "coordinates": [-75.47500610351562, 0.024997711181640625]}, "properties": {"precip_mm": 7.4}}, {"type": "Feature", "geometry": {"type": "Point", "coordinates": [-74.97500610351562, 0.024997711181640625]}, "properties": {"precip_mm": 7.4}}, {"type": "Feature", "geometry": {"type": "Point", "coordinates": [-74.47500610351562, 0.024997711181640625]}, "properties": {"precip_mm": 7.2}}, {"type": "Feature", "geometry": {"type": "Point", "coordinates": [-73.97500610351562, 0.024997711181640625]}, "properties": {"precip_mm": 10.5}}, {"type": "Feature", "geometry": {"type": "Point", "coordinates": [-73.47500610351562, 0.024997711181640625]}, "properties": {"precip_mm": 11.4}}, {"type": "Feature", "geometry": {"type": "Point", "coordinates": [-72.97500610351562, 0.024997711181640625]}, "properties": {"precip_mm": 13.1}}, {"type": "Feature", "geometry": {"type": "Point", "coordinates": [-72.47500610351562, 0.024997711181640625]}, "properties": {"precip_mm": 14.8}}, {"type": "Feature", "geometry": {"type": "Point", "coordinates": [-71.97500610351562, 0.024997711181640625]}, "properties": {"precip_mm": 12.7}}, {"type": "Feature", "geometry": {"type": "Point", "coordinates": [-71.47500610351562, 0.024997711181640625]}, "properties": {"precip_mm": 13.6}}, {"type": "Feature", "geometry": {"type": "Point", "coordinates": [-70.97500610351562, 0.024997711181640625]}, "properties": {"precip_mm": 12.0}}, {"type": "Feature", "geometry": {"type": "Point", "coordinates": [-70.47500610351562, 0.024997711181640625]}, "properties": {"precip_mm": 10.6}}, {"type": "Feature", "geometry": {"type": "Point", "coordinates": [-69.97500610351562, 0.024997711181640625]}, "properties": {"precip_mm": 10.0}}, {"type": "Feature", "geometry": {"type": "Point", "coordinates": [-69.47500610351562, 0.024997711181640625]}, "properties": {"precip_mm": 9.1}}, {"type": "Feature", "geometry": {"type": "Point", "coordinates": [-68.97500610351562, 0.024997711181640625]}, "properties": {"precip_mm": 10.0}}, {"type": "Feature", "geometry": {"type": "Point", "coordinates": [-68.47500610351562, 0.024997711181640625]}, "properties": {"precip_mm": 8.4}}, {"type": "Feature", "geometry": {"type": "Point", "coordinates": [-67.97500610351562, 0.024997711181640625]}, "properties": {"precip_mm": 7.7}}, {"type": "Feature", "geometry": {"type": "Point", "coordinates": [-67.47500610351562, 0.024997711181640625]}, "properties": {"precip_mm": 7.0}}, {"type": "Feature", "geometry": {"type": "Point", "coordinates": [-66.97500610351562, 0.024997711181640625]}, "properties": {"precip_mm": 5.4}}, {"type": "Feature", "geometry": {"type": "Point", "coordinates": [-66.47500610351562, 0.024997711181640625]}, "properties": {"precip_mm": 6.3}}, {"type": "Feature", "geometry": {"type": "Point", "coordinates": [-65.97500610351562, 0.024997711181640625]}, "properties": {"precip_mm": 5.9}}, {"type": "Feature", "geometry": {"type": "Point", "coordinates": [-65.47500610351562, 0.024997711181640625]}, "properties": {"precip_mm": 5.8}}, {"type": "Feature", "geometry": {"type": "Point", "coordinates": [-64.97500610351562, 0.024997711181640625]}, "properties": {"precip_mm": 5.2}}, {"type": "Feature", "geometry": {"type": "Point", "coordinates": [-64.47500610351562, 0.024997711181640625]}, "properties": {"precip_mm": 3.1}}, {"type": "Feature", "geometry": {"type": "Point", "coordinates": [-63.975006103515625, 0.024997711181640625]}, "properties": {"precip_mm": 2.9}}, {"type": "Feature", "geometry": {"type": "Point", "coordinates": [-63.475006103515625, 0.024997711181640625]}, "properties": {"precip_mm": 3.1}}, {"type": "Feature", "geometry": {"type": "Point", "coordinates": [-62.975006103515625, 0.024997711181640625]}, "properties": {"precip_mm": 4.1}}, {"type": "Feature", "geometry": {"type": "Point", "coordinates": [-62.475006103515625, 0.024997711181640625]}, "properties": {"precip_mm": 5.1}}, {"type": "Feature", "geometry": {"type": "Point", "coordinates": [-61.975006103515625, 0.024997711181640625]}, "properties": {"precip_mm": 4.6}}, {"type": "Feature", "geometry": {"type": "Point", "coordinates": [-61.475006103515625, 0.024997711181640625]}, "properties": {"precip_mm": 3.8}}, {"type": "Feature", "geometry": {"type": "Point", "coordinates": [-60.975006103515625, 0.024997711181640625]}, "properties": {"precip_mm": 3.9}}, {"type": "Feature", "geometry": {"type": "Point", "coordinates": [-60.475006103515625, 0.024997711181640625]}, "properties": {"precip_mm": 3.0}}, {"type": "Feature", "geometry": {"type": "Point", "coordinates": [-59.975006103515625, 0.024997711181640625]}, "properties": {"precip_mm": 2.4}}, {"type": "Feature", "geometry": {"type": "Point", "coordinates": [-59.475006103515625, 0.024997711181640625]}, "properties": {"precip_mm": 1.8}}, {"type": "Feature", "geometry": {"type": "Point", "coordinates": [-58.975006103515625, 0.024997711181640625]}, "properties": {"precip_mm": 1.3}}, {"type": "Feature", "geometry": {"type": "Point", "coordinates": [-58.475006103515625, 0.024997711181640625]}, "properties": {"precip_mm": 1.3}}, {"type": "Feature", "geometry": {"type": "Point", "coordinates": [-57.975006103515625, 0.024997711181640625]}, "properties": {"precip_mm": 1.6}}, {"type": "Feature", "geometry": {"type": "Point", "coordinates": [-57.475006103515625, 0.024997711181640625]}, "properties": {"precip_mm": 1.5}}, {"type": "Feature", "geometry": {"type": "Point", "coordinates": [-56.975006103515625, 0.024997711181640625]}, "properties": {"precip_mm": 1.8}}, {"type": "Feature", "geometry": {"type": "Point", "coordinates": [-56.475006103515625, 0.024997711181640625]}, "properties": {"precip_mm": 2.3}}, {"type": "Feature", "geometry": {"type": "Point", "coordinates": [-55.975006103515625, 0.024997711181640625]}, "properties": {"precip_mm": 1.7}}, {"type": "Feature", "geometry": {"type": "Point", "coordinates": [-55.475006103515625, 0.024997711181640625]}, "properties": {"precip_mm": 1.4}}, {"type": "Feature", "geometry": {"type": "Point", "coordinates": [-54.975006103515625, 0.024997711181640625]}, "properties": {"precip_mm": 1.7}}, {"type": "Feature", "geometry": {"type": "Point", "coordinates": [-54.475006103515625, 0.024997711181640625]}, "properties": {"precip_mm": 1.7}}, {"type": "Feature", "geometry": {"type": "Point", "coordinates": [-53.975006103515625, 0.024997711181640625]}, "properties": {"precip_mm": 1.9}}, {"type": "Feature", "geometry": {"type": "Point", "coordinates": [-53.475006103515625, 0.024997711181640625]}, "properties": {"precip_mm": 3.6}}, {"type": "Feature", "geometry": {"type": "Point", "coordinates": [-52.975006103515625, 0.024997711181640625]}, "properties": {"precip_mm": 6.4}}, {"type": "Feature", "geometry": {"type": "Point", "coordinates": [-52.475006103515625, 0.024997711181640625]}, "properties": {"precip_mm": 4.2}}, {"type": "Feature", "geometry": {"type": "Point", "coordinates": [-51.975006103515625, 0.024997711181640625]}, "properties": {"precip_mm": 6.2}}, {"type": "Feature", "geometry": {"type": "Point", "coordinates": [-51.475006103515625, 0.024997711181640625]}, "properties": {"precip_mm": 3.1}}, {"type": "Feature", "geometry": {"type": "Point", "coordinates": [-50.975006103515625, 0.024997711181640625]}, "properties": {"precip_mm": 4.2}}, {"type": "Feature", "geometry": {"type": "Point", "coordinates": [-50.475006103515625, 0.024997711181640625]}, "properties": {"precip_mm": 6.2}}, {"type": "Feature", "geometry": {"type": "Point", "coordinates": [-49.975006103515625, 0.024997711181640625]}, "properties": {"precip_mm": 5.7}}, {"type": "Feature", "geometry": {"type": "Point", "coordinates": [-49.475006103515625, 0.024997711181640625]}, "properties": {"precip_mm": 5.1}}, {"type": "Feature", "geometry": {"type": "Point", "coordinates": [-79.97500610351562, 0.5249977111816406]}, "properties": {"precip_mm": 2.2}}, {"type": "Feature", "geometry": {"type": "Point", "coordinates": [-79.47500610351562, 0.5249977111816406]}, "properties": {"precip_mm": 2.2}}, {"type": "Feature", "geometry": {"type": "Point", "coordinates": [-78.97500610351562, 0.5249977111816406]}, "properties": {"precip_mm": 3.0}}, {"type": "Feature", "geometry": {"type": "Point", "coordinates": [-78.47500610351562, 0.5249977111816406]}, "properties": {"precip_mm": 0.8}}, {"type": "Feature", "geometry": {"type": "Point", "coordinates": [-77.97500610351562, 0.5249977111816406]}, "properties": {"precip_mm": 0.3}}, {"type": "Feature", "geometry": {"type": "Point", "coordinates": [-77.47500610351562, 0.5249977111816406]}, "properties": {"precip_mm": 2.0}}, {"type": "Feature", "geometry": {"type": "Point", "coordinates": [-76.97500610351562, 0.5249977111816406]}, "properties": {"precip_mm": 4.2}}, {"type": "Feature", "geometry": {"type": "Point", "coordinates": [-76.47500610351562, 0.5249977111816406]}, "properties": {"precip_mm": 6.7}}, {"type": "Feature", "geometry": {"type": "Point", "coordinates": [-75.97500610351562, 0.5249977111816406]}, "properties": {"precip_mm": 6.8}}, {"type": "Feature", "geometry": {"type": "Point", "coordinates": [-75.47500610351562, 0.5249977111816406]}, "properties": {"precip_mm": 7.7}}, {"type": "Feature", "geometry": {"type": "Point", "coordinates": [-74.97500610351562, 0.5249977111816406]}, "properties": {"precip_mm": 7.4}}, {"type": "Feature", "geometry": {"type": "Point", "coordinates": [-74.47500610351562, 0.5249977111816406]}, "properties": {"precip_mm": 7.2}}, {"type": "Feature", "geometry": {"type": "Point", "coordinates": [-73.97500610351562, 0.5249977111816406]}, "properties": {"precip_mm": 10.7}}, {"type": "Feature", "geometry": {"type": "Point", "coordinates": [-73.47500610351562, 0.5249977111816406]}, "properties": {"precip_mm": 12.8}}, {"type": "Feature", "geometry": {"type": "Point", "coordinates": [-72.97500610351562, 0.5249977111816406]}, "properties": {"precip_mm": 15.5}}, {"type": "Feature", "geometry": {"type": "Point", "coordinates": [-72.47500610351562, 0.5249977111816406]}, "properties": {"precip_mm": 17.4}}, {"type": "Feature", "geometry": {"type": "Point", "coordinates": [-71.97500610351562, 0.5249977111816406]}, "properties": {"precip_mm": 17.0}}, {"type": "Feature", "geometry": {"type": "Point", "coordinates": [-71.47500610351562, 0.5249977111816406]}, "properties": {"precip_mm": 17.5}}, {"type": "Feature", "geometry": {"type": "Point", "coordinates": [-70.97500610351562, 0.5249977111816406]}, "properties": {"precip_mm": 15.8}}, {"type": "Feature", "geometry": {"type": "Point", "coordinates": [-70.47500610351562, 0.5249977111816406]}, "properties": {"precip_mm": 14.1}}, {"type": "Feature", "geometry": {"type": "Point", "coordinates": [-69.97500610351562, 0.5249977111816406]}, "properties": {"precip_mm": 10.9}}, {"type": "Feature", "geometry": {"type": "Point", "coordinates": [-69.47500610351562, 0.5249977111816406]}, "properties": {"precip_mm": 11.6}}, {"type": "Feature", "geometry": {"type": "Point", "coordinates": [-68.97500610351562, 0.5249977111816406]}, "properties": {"precip_mm": 10.2}}, {"type": "Feature", "geometry": {"type": "Point", "coordinates": [-68.47500610351562, 0.5249977111816406]}, "properties": {"precip_mm": 8.6}}, {"type": "Feature", "geometry": {"type": "Point", "coordinates": [-67.97500610351562, 0.5249977111816406]}, "properties": {"precip_mm": 7.9}}, {"type": "Feature", "geometry": {"type": "Point", "coordinates": [-67.47500610351562, 0.5249977111816406]}, "properties": {"precip_mm": 8.7}}, {"type": "Feature", "geometry": {"type": "Point", "coordinates": [-66.97500610351562, 0.5249977111816406]}, "properties": {"precip_mm": 7.8}}, {"type": "Feature", "geometry": {"type": "Point", "coordinates": [-66.47500610351562, 0.5249977111816406]}, "properties": {"precip_mm": 7.3}}, {"type": "Feature", "geometry": {"type": "Point", "coordinates": [-65.97500610351562, 0.5249977111816406]}, "properties": {"precip_mm": 5.6}}, {"type": "Feature", "geometry": {"type": "Point", "coordinates": [-65.47500610351562, 0.5249977111816406]}, "properties": {"precip_mm": 4.1}}, {"type": "Feature", "geometry": {"type": "Point", "coordinates": [-64.97500610351562, 0.5249977111816406]}, "properties": {"precip_mm": 4.9}}, {"type": "Feature", "geometry": {"type": "Point", "coordinates": [-64.47500610351562, 0.5249977111816406]}, "properties": {"precip_mm": 3.8}}, {"type": "Feature", "geometry": {"type": "Point", "coordinates": [-63.975006103515625, 0.5249977111816406]}, "properties": {"precip_mm": 3.5}}, {"type": "Feature", "geometry": {"type": "Point", "coordinates": [-63.475006103515625, 0.5249977111816406]}, "properties": {"precip_mm": 2.8}}, {"type": "Feature", "geometry": {"type": "Point", "coordinates": [-62.975006103515625, 0.5249977111816406]}, "properties": {"precip_mm": 6.0}}, {"type": "Feature", "geometry": {"type": "Point", "coordinates": [-62.475006103515625, 0.5249977111816406]}, "properties": {"precip_mm": 6.2}}, {"type": "Feature", "geometry": {"type": "Point", "coordinates": [-61.975006103515625, 0.5249977111816406]}, "properties": {"precip_mm": 5.6}}, {"type": "Feature", "geometry": {"type": "Point", "coordinates": [-61.475006103515625, 0.5249977111816406]}, "properties": {"precip_mm": 5.2}}, {"type": "Feature", "geometry": {"type": "Point", "coordinates": [-60.975006103515625, 0.5249977111816406]}, "properties": {"precip_mm": 4.6}}, {"type": "Feature", "geometry": {"type": "Point", "coordinates": [-60.475006103515625, 0.5249977111816406]}, "properties": {"precip_mm": 4.4}}, {"type": "Feature", "geometry": {"type": "Point", "coordinates": [-59.975006103515625, 0.5249977111816406]}, "properties": {"precip_mm": 3.7}}, {"type": "Feature", "geometry": {"type": "Point", "coordinates": [-59.475006103515625, 0.5249977111816406]}, "properties": {"precip_mm": 3.9}}, {"type": "Feature", "geometry": {"type": "Point", "coordinates": [-58.975006103515625, 0.5249977111816406]}, "properties": {"precip_mm": 3.9}}, {"type": "Feature", "geometry": {"type": "Point", "coordinates": [-58.475006103515625, 0.5249977111816406]}, "properties": {"precip_mm": 2.9}}, {"type": "Feature", "geometry": {"type": "Point", "coordinates": [-57.975006103515625, 0.5249977111816406]}, "properties": {"precip_mm": 2.0}}, {"type": "Feature", "geometry": {"type": "Point", "coordinates": [-57.475006103515625, 0.5249977111816406]}, "properties": {"precip_mm": 1.3}}, {"type": "Feature", "geometry": {"type": "Point", "coordinates": [-56.975006103515625, 0.5249977111816406]}, "properties": {"precip_mm": 1.3}}, {"type": "Feature", "geometry": {"type": "Point", "coordinates": [-56.475006103515625, 0.5249977111816406]}, "properties": {"precip_mm": 1.4}}, {"type": "Feature", "geometry": {"type": "Point", "coordinates": [-55.975006103515625, 0.5249977111816406]}, "properties": {"precip_mm": 2.0}}, {"type": "Feature", "geometry": {"type": "Point", "coordinates": [-55.475006103515625, 0.5249977111816406]}, "properties": {"precip_mm": 2.1}}, {"type": "Feature", "geometry": {"type": "Point", "coordinates": [-54.975006103515625, 0.5249977111816406]}, "properties": {"precip_mm": 2.4}}, {"type": "Feature", "geometry": {"type": "Point", "coordinates": [-54.475006103515625, 0.5249977111816406]}, "properties": {"precip_mm": 1.9}}, {"type": "Feature", "geometry": {"type": "Point", "coordinates": [-53.975006103515625, 0.5249977111816406]}, "properties": {"precip_mm": 2.5}}, {"type": "Feature", "geometry": {"type": "Point", "coordinates": [-53.475006103515625, 0.5249977111816406]}, "properties": {"precip_mm": 7.7}}, {"type": "Feature", "geometry": {"type": "Point", "coordinates": [-52.975006103515625, 0.5249977111816406]}, "properties": {"precip_mm": 5.0}}, {"type": "Feature", "geometry": {"type": "Point", "coordinates": [-52.475006103515625, 0.5249977111816406]}, "properties": {"precip_mm": 5.9}}, {"type": "Feature", "geometry": {"type": "Point", "coordinates": [-51.975006103515625, 0.5249977111816406]}, "properties": {"precip_mm": 9.1}}, {"type": "Feature", "geometry": {"type": "Point", "coordinates": [-51.475006103515625, 0.5249977111816406]}, "properties": {"precip_mm": 5.1}}, {"type": "Feature", "geometry": {"type": "Point", "coordinates": [-50.975006103515625, 0.5249977111816406]}, "properties": {"precip_mm": 5.1}}, {"type": "Feature", "geometry": {"type": "Point", "coordinates": [-50.475006103515625, 0.5249977111816406]}, "properties": {"precip_mm": 7.8}}, {"type": "Feature", "geometry": {"type": "Point", "coordinates": [-79.47500610351562, 1.0249977111816406]}, "properties": {"precip_mm": 1.7}}, {"type": "Feature", "geometry": {"type": "Point", "coordinates": [-78.97500610351562, 1.0249977111816406]}, "properties": {"precip_mm": 3.4}}, {"type": "Feature", "geometry": {"type": "Point", "coordinates": [-78.47500610351562, 1.0249977111816406]}, "properties": {"precip_mm": 4.2}}, {"type": "Feature", "geometry": {"type": "Point", "coordinates": [-77.97500610351562, 1.0249977111816406]}, "properties": {"precip_mm": 1.8}}, {"type": "Feature", "geometry": {"type": "Point", "coordinates": [-77.47500610351562, 1.0249977111816406]}, "properties": {"precip_mm": 0.6}}, {"type": "Feature", "geometry": {"type": "Point", "coordinates": [-76.97500610351562, 1.0249977111816406]}, "properties": {"precip_mm": 3.4}}, {"type": "Feature", "geometry": {"type": "Point", "coordinates": [-76.47500610351562, 1.0249977111816406]}, "properties": {"precip_mm": 6.6}}, {"type": "Feature", "geometry": {"type": "Point", "coordinates": [-75.97500610351562, 1.0249977111816406]}, "properties": {"precip_mm": 7.2}}, {"type": "Feature", "geometry": {"type": "Point", "coordinates": [-75.47500610351562, 1.0249977111816406]}, "properties": {"precip_mm": 6.4}}, {"type": "Feature", "geometry": {"type": "Point", "coordinates": [-74.97500610351562, 1.0249977111816406]}, "properties": {"precip_mm": 7.1}}, {"type": "Feature", "geometry": {"type": "Point", "coordinates": [-74.47500610351562, 1.0249977111816406]}, "properties": {"precip_mm": 6.3}}, {"type": "Feature", "geometry": {"type": "Point", "coordinates": [-73.97500610351562, 1.0249977111816406]}, "properties": {"precip_mm": 6.3}}, {"type": "Feature", "geometry": {"type": "Point", "coordinates": [-73.47500610351562, 1.0249977111816406]}, "properties": {"precip_mm": 10.5}}, {"type": "Feature", "geometry": {"type": "Point", "coordinates": [-72.97500610351562, 1.0249977111816406]}, "properties": {"precip_mm": 15.6}}, {"type": "Feature", "geometry": {"type": "Point", "coordinates": [-72.47500610351562, 1.0249977111816406]}, "properties": {"precip_mm": 17.3}}, {"type": "Feature", "geometry": {"type": "Point", "coordinates": [-71.97500610351562, 1.0249977111816406]}, "properties": {"precip_mm": 17.8}}, {"type": "Feature", "geometry": {"type": "Point", "coordinates": [-71.47500610351562, 1.0249977111816406]}, "properties": {"precip_mm": 15.9}}, {"type": "Feature", "geometry": {"type": "Point", "coordinates": [-70.97500610351562, 1.0249977111816406]}, "properties": {"precip_mm": 17.4}}, {"type": "Feature", "geometry": {"type": "Point", "coordinates": [-70.47500610351562, 1.0249977111816406]}, "properties": {"precip_mm": 14.8}}, {"type": "Feature", "geometry": {"type": "Point", "coordinates": [-69.97500610351562, 1.0249977111816406]}, "properties": {"precip_mm": 15.4}}, {"type": "Feature", "geometry": {"type": "Point", "coordinates": [-69.47500610351562, 1.0249977111816406]}, "properties": {"precip_mm": 10.4}}, {"type": "Feature", "geometry": {"type": "Point", "coordinates": [-68.97500610351562, 1.0249977111816406]}, "properties": {"precip_mm": 11.9}}, {"type": "Feature", "geometry": {"type": "Point", "coordinates": [-68.47500610351562, 1.0249977111816406]}, "properties": {"precip_mm": 9.4}}, {"type": "Feature", "geometry": {"type": "Point", "coordinates": [-67.97500610351562, 1.0249977111816406]}, "properties": {"precip_mm": 7.6}}, {"type": "Feature", "geometry": {"type": "Point", "coordinates": [-67.47500610351562, 1.0249977111816406]}, "properties": {"precip_mm": 9.2}}, {"type": "Feature", "geometry": {"type": "Point", "coordinates": [-66.97500610351562, 1.0249977111816406]}, "properties": {"precip_mm": 8.4}}, {"type": "Feature", "geometry": {"type": "Point", "coordinates": [-66.47500610351562, 1.0249977111816406]}, "properties": {"precip_mm": 6.1}}, {"type": "Feature", "geometry": {"type": "Point", "coordinates": [-65.97500610351562, 1.0249977111816406]}, "properties": {"precip_mm": 4.1}}, {"type": "Feature", "geometry": {"type": "Point", "coordinates": [-65.47500610351562, 1.0249977111816406]}, "properties": {"precip_mm": 4.1}}, {"type": "Feature", "geometry": {"type": "Point", "coordinates": [-64.97500610351562, 1.0249977111816406]}, "properties": {"precip_mm": 5.0}}, {"type": "Feature", "geometry": {"type": "Point", "coordinates": [-64.47500610351562, 1.0249977111816406]}, "properties": {"precip_mm": 4.8}}, {"type": "Feature", "geometry": {"type": "Point", "coordinates": [-63.975006103515625, 1.0249977111816406]}, "properties": {"precip_mm": 4.4}}, {"type": "Feature", "geometry": {"type": "Point", "coordinates": [-63.475006103515625, 1.0249977111816406]}, "properties": {"precip_mm": 4.6}}, {"type": "Feature", "geometry": {"type": "Point", "coordinates": [-62.975006103515625, 1.0249977111816406]}, "properties": {"precip_mm": 6.9}}, {"type": "Feature", "geometry": {"type": "Point", "coordinates": [-62.475006103515625, 1.0249977111816406]}, "properties": {"precip_mm": 7.5}}, {"type": "Feature", "geometry": {"type": "Point", "coordinates": [-61.975006103515625, 1.0249977111816406]}, "properties": {"precip_mm": 5.4}}, {"type": "Feature", "geometry": {"type": "Point", "coordinates": [-61.475006103515625, 1.0249977111816406]}, "properties": {"precip_mm": 3.3}}, {"type": "Feature", "geometry": {"type": "Point", "coordinates": [-60.975006103515625, 1.0249977111816406]}, "properties": {"precip_mm": 3.5}}, {"type": "Feature", "geometry": {"type": "Point", "coordinates": [-60.475006103515625, 1.0249977111816406]}, "properties": {"precip_mm": 3.6}}, {"type": "Feature", "geometry": {"type": "Point", "coordinates": [-59.975006103515625, 1.0249977111816406]}, "properties": {"precip_mm": 4.4}}, {"type": "Feature", "geometry": {"type": "Point", "coordinates": [-59.475006103515625, 1.0249977111816406]}, "properties": {"precip_mm": 4.8}}, {"type": "Feature", "geometry": {"type": "Point", "coordinates": [-58.975006103515625, 1.0249977111816406]}, "properties": {"precip_mm": 4.0}}, {"type": "Feature", "geometry": {"type": "Point", "coordinates": [-58.475006103515625, 1.0249977111816406]}, "properties": {"precip_mm": 3.0}}, {"type": "Feature", "geometry": {"type": "Point", "coordinates": [-57.975006103515625, 1.0249977111816406]}, "properties": {"precip_mm": 3.1}}, {"type": "Feature", "geometry": {"type": "Point", "coordinates": [-57.475006103515625, 1.0249977111816406]}, "properties": {"precip_mm": 1.3}}, {"type": "Feature", "geometry": {"type": "Point", "coordinates": [-56.975006103515625, 1.0249977111816406]}, "properties": {"precip_mm": 1.0}}, {"type": "Feature", "geometry": {"type": "Point", "coordinates": [-56.475006103515625, 1.0249977111816406]}, "properties": {"precip_mm": 1.5}}, {"type": "Feature", "geometry": {"type": "Point", "coordinates": [-55.975006103515625, 1.0249977111816406]}, "properties": {"precip_mm": 2.1}}, {"type": "Feature", "geometry": {"type": "Point", "coordinates": [-55.475006103515625, 1.0249977111816406]}, "properties": {"precip_mm": 2.3}}, {"type": "Feature", "geometry": {"type": "Point", "coordinates": [-54.975006103515625, 1.0249977111816406]}, "properties": {"precip_mm": 2.3}}, {"type": "Feature", "geometry": {"type": "Point", "coordinates": [-54.475006103515625, 1.0249977111816406]}, "properties": {"precip_mm": 2.6}}, {"type": "Feature", "geometry": {"type": "Point", "coordinates": [-53.975006103515625, 1.0249977111816406]}, "properties": {"precip_mm": 4.5}}, {"type": "Feature", "geometry": {"type": "Point", "coordinates": [-53.475006103515625, 1.0249977111816406]}, "properties": {"precip_mm": 8.3}}, {"type": "Feature", "geometry": {"type": "Point", "coordinates": [-52.975006103515625, 1.0249977111816406]}, "properties": {"precip_mm": 8.0}}, {"type": "Feature", "geometry": {"type": "Point", "coordinates": [-52.475006103515625, 1.0249977111816406]}, "properties": {"precip_mm": 8.3}}, {"type": "Feature", "geometry": {"type": "Point", "coordinates": [-51.975006103515625, 1.0249977111816406]}, "properties": {"precip_mm": 6.0}}, {"type": "Feature", "geometry": {"type": "Point", "coordinates": [-51.475006103515625, 1.0249977111816406]}, "properties": {"precip_mm": 3.5}}, {"type": "Feature", "geometry": {"type": "Point", "coordinates": [-50.975006103515625, 1.0249977111816406]}, "properties": {"precip_mm": 2.9}}, {"type": "Feature", "geometry": {"type": "Point", "coordinates": [-50.475006103515625, 1.0249977111816406]}, "properties": {"precip_mm": 2.7}}, {"type": "Feature", "geometry": {"type": "Point", "coordinates": [-49.975006103515625, 1.0249977111816406]}, "properties": {"precip_mm": 4.6}}, {"type": "Feature", "geometry": {"type": "Point", "coordinates": [-78.47500610351562, 1.5249977111816406]}, "properties": {"precip_mm": 6.3}}, {"type": "Feature", "geometry": {"type": "Point", "coordinates": [-77.97500610351562, 1.5249977111816406]}, "properties": {"precip_mm": 5.1}}, {"type": "Feature", "geometry": {"type": "Point", "coordinates": [-77.47500610351562, 1.5249977111816406]}, "properties": {"precip_mm": 0.5}}, {"type": "Feature", "geometry": {"type": "Point", "coordinates": [-76.97500610351562, 1.5249977111816406]}, "properties": {"precip_mm": 0.7}}, {"type": "Feature", "geometry": {"type": "Point", "coordinates": [-76.47500610351562, 1.5249977111816406]}, "properties": {"precip_mm": 3.2}}, {"type": "Feature", "geometry": {"type": "Point", "coordinates": [-75.97500610351562, 1.5249977111816406]}, "properties": {"precip_mm": 4.3}}, {"type": "Feature", "geometry": {"type": "Point", "coordinates": [-75.47500610351562, 1.5249977111816406]}, "properties": {"precip_mm": 6.0}}, {"type": "Feature", "geometry": {"type": "Point", "coordinates": [-74.97500610351562, 1.5249977111816406]}, "properties": {"precip_mm": 5.5}}, {"type": "Feature", "geometry": {"type": "Point", "coordinates": [-74.47500610351562, 1.5249977111816406]}, "properties": {"precip_mm": 5.6}}, {"type": "Feature", "geometry": {"type": "Point", "coordinates": [-73.97500610351562, 1.5249977111816406]}, "properties": {"precip_mm": 4.8}}, {"type": "Feature", "geometry": {"type": "Point", "coordinates": [-73.47500610351562, 1.5249977111816406]}, "properties": {"precip_mm": 8.0}}, {"type": "Feature", "geometry": {"type": "Point", "coordinates": [-72.97500610351562, 1.5249977111816406]}, "properties": {"precip_mm": 13.7}}, {"type": "Feature", "geometry": {"type": "Point", "coordinates": [-72.47500610351562, 1.5249977111816406]}, "properties": {"precip_mm": 18.0}}, {"type": "Feature", "geometry": {"type": "Point", "coordinates": [-71.97500610351562, 1.5249977111816406]}, "properties": {"precip_mm": 14.6}}, {"type": "Feature", "geometry": {"type": "Point", "coordinates": [-71.47500610351562, 1.5249977111816406]}, "properties": {"precip_mm": 15.6}}, {"type": "Feature", "geometry": {"type": "Point", "coordinates": [-70.97500610351562, 1.5249977111816406]}, "properties": {"precip_mm": 15.9}}, {"type": "Feature", "geometry": {"type": "Point", "coordinates": [-70.47500610351562, 1.5249977111816406]}, "properties": {"precip_mm": 13.4}}, {"type": "Feature", "geometry": {"type": "Point", "coordinates": [-69.97500610351562, 1.5249977111816406]}, "properties": {"precip_mm": 13.7}}, {"type": "Feature", "geometry": {"type": "Point", "coordinates": [-69.47500610351562, 1.5249977111816406]}, "properties": {"precip_mm": 12.0}}, {"type": "Feature", "geometry": {"type": "Point", "coordinates": [-68.97500610351562, 1.5249977111816406]}, "properties": {"precip_mm": 9.8}}, {"type": "Feature", "geometry": {"type": "Point", "coordinates": [-68.47500610351562, 1.5249977111816406]}, "properties": {"precip_mm": 9.4}}, {"type": "Feature", "geometry": {"type": "Point", "coordinates": [-67.97500610351562, 1.5249977111816406]}, "properties": {"precip_mm": 10.6}}, {"type": "Feature", "geometry": {"type": "Point", "coordinates": [-67.47500610351562, 1.5249977111816406]}, "properties": {"precip_mm": 9.1}}, {"type": "Feature", "geometry": {"type": "Point", "coordinates": [-66.97500610351562, 1.5249977111816406]}, "properties": {"precip_mm": 8.6}}, {"type": "Feature", "geometry": {"type": "Point", "coordinates": [-66.47500610351562, 1.5249977111816406]}, "properties": {"precip_mm": 9.8}}, {"type": "Feature", "geometry": {"type": "Point", "coordinates": [-65.97500610351562, 1.5249977111816406]}, "properties": {"precip_mm": 7.9}}, {"type": "Feature", "geometry": {"type": "Point", "coordinates": [-65.47500610351562, 1.5249977111816406]}, "properties": {"precip_mm": 4.8}}, {"type": "Feature", "geometry": {"type": "Point", "coordinates": [-64.97500610351562, 1.5249977111816406]}, "properties": {"precip_mm": 2.8}}, {"type": "Feature", "geometry": {"type": "Point", "coordinates": [-64.47500610351562, 1.5249977111816406]}, "properties": {"precip_mm": 3.2}}, {"type": "Feature", "geometry": {"type": "Point", "coordinates": [-63.975006103515625, 1.5249977111816406]}, "properties": {"precip_mm": 3.2}}, {"type": "Feature", "geometry": {"type": "Point", "coordinates": [-63.475006103515625, 1.5249977111816406]}, "properties": {"precip_mm": 3.7}}, {"type": "Feature", "geometry": {"type": "Point", "coordinates": [-62.975006103515625, 1.5249977111816406]}, "properties": {"precip_mm": 5.0}}, {"type": "Feature", "geometry": {"type": "Point", "coordinates": [-62.475006103515625, 1.5249977111816406]}, "properties": {"precip_mm": 6.4}}, {"type": "Feature", "geometry": {"type": "Point", "coordinates": [-61.975006103515625, 1.5249977111816406]}, "properties": {"precip_mm": 4.1}}, {"type": "Feature", "geometry": {"type": "Point", "coordinates": [-61.475006103515625, 1.5249977111816406]}, "properties": {"precip_mm": 4.1}}, {"type": "Feature", "geometry": {"type": "Point", "coordinates": [-60.975006103515625, 1.5249977111816406]}, "properties": {"precip_mm": 4.7}}, {"type": "Feature", "geometry": {"type": "Point", "coordinates": [-60.475006103515625, 1.5249977111816406]}, "properties": {"precip_mm": 4.3}}, {"type": "Feature", "geometry": {"type": "Point", "coordinates": [-59.975006103515625, 1.5249977111816406]}, "properties": {"precip_mm": 3.8}}, {"type": "Feature", "geometry": {"type": "Point", "coordinates": [-59.475006103515625, 1.5249977111816406]}, "properties": {"precip_mm": 3.5}}, {"type": "Feature", "geometry": {"type": "Point", "coordinates": [-58.975006103515625, 1.5249977111816406]}, "properties": {"precip_mm": 4.3}}, {"type": "Feature", "geometry": {"type": "Point", "coordinates": [-58.475006103515625, 1.5249977111816406]}, "properties": {"precip_mm": 2.9}}, {"type": "Feature", "geometry": {"type": "Point", "coordinates": [-57.975006103515625, 1.5249977111816406]}, "properties": {"precip_mm": 2.9}}, {"type": "Feature", "geometry": {"type": "Point", "coordinates": [-57.475006103515625, 1.5249977111816406]}, "properties": {"precip_mm": 2.9}}, {"type": "Feature", "geometry": {"type": "Point", "coordinates": [-56.975006103515625, 1.5249977111816406]}, "properties": {"precip_mm": 2.4}}, {"type": "Feature", "geometry": {"type": "Point", "coordinates": [-56.475006103515625, 1.5249977111816406]}, "properties": {"precip_mm": 1.9}}, {"type": "Feature", "geometry": {"type": "Point", "coordinates": [-55.975006103515625, 1.5249977111816406]}, "properties": {"precip_mm": 2.6}}, {"type": "Feature", "geometry": {"type": "Point", "coordinates": [-55.475006103515625, 1.5249977111816406]}, "properties": {"precip_mm": 2.7}}, {"type": "Feature", "geometry": {"type": "Point", "coordinates": [-54.975006103515625, 1.5249977111816406]}, "properties": {"precip_mm": 2.5}}, {"type": "Feature", "geometry": {"type": "Point", "coordinates": [-54.475006103515625, 1.5249977111816406]}, "properties": {"precip_mm": 3.7}}, {"type": "Feature", "geometry": {"type": "Point", "coordinates": [-53.975006103515625, 1.5249977111816406]}, "properties": {"precip_mm": 6.3}}, {"type": "Feature", "geometry": {"type": "Point", "coordinates": [-53.475006103515625, 1.5249977111816406]}, "properties": {"precip_mm": 5.8}}, {"type": "Feature", "geometry": {"type": "Point", "coordinates": [-52.975006103515625, 1.5249977111816406]}, "properties": {"precip_mm": 6.2}}, {"type": "Feature", "geometry": {"type": "Point", "coordinates": [-52.475006103515625, 1.5249977111816406]}, "properties": {"precip_mm": 6.2}}, {"type": "Feature", "geometry": {"type": "Point", "coordinates": [-51.975006103515625, 1.5249977111816406]}, "properties": {"precip_mm": 6.2}}, {"type": "Feature", "geometry": {"type": "Point", "coordinates": [-51.475006103515625, 1.5249977111816406]}, "properties": {"precip_mm": 6.0}}, {"type": "Feature", "geometry": {"type": "Point", "coordinates": [-50.975006103515625, 1.5249977111816406]}, "properties": {"precip_mm": 4.3}}, {"type": "Feature", "geometry": {"type": "Point", "coordinates": [-50.475006103515625, 1.5249977111816406]}, "properties": {"precip_mm": 4.2}}, {"type": "Feature", "geometry": {"type": "Point", "coordinates": [-49.975006103515625, 1.5249977111816406]}, "properties": {"precip_mm": 2.5}}, {"type": "Feature", "geometry": {"type": "Point", "coordinates": [-78.47500610351562, 2.0249977111816406]}, "properties": {"precip_mm": 6.1}}, {"type": "Feature", "geometry": {"type": "Point", "coordinates": [-77.97500610351562, 2.0249977111816406]}, "properties": {"precip_mm": 8.5}}, {"type": "Feature", "geometry": {"type": "Point", "coordinates": [-77.47500610351562, 2.0249977111816406]}, "properties": {"precip_mm": 2.1}}, {"type": "Feature", "geometry": {"type": "Point", "coordinates": [-76.97500610351562, 2.0249977111816406]}, "properties": {"precip_mm": 0.7}}, {"type": "Feature", "geometry": {"type": "Point", "coordinates": [-76.47500610351562, 2.0249977111816406]}, "properties": {"precip_mm": 2.4}}, {"type": "Feature", "geometry": {"type": "Point", "coordinates": [-75.97500610351562, 2.0249977111816406]}, "properties": {"precip_mm": 2.1}}, {"type": "Feature", "geometry": {"type": "Point", "coordinates": [-75.47500610351562, 2.0249977111816406]}, "properties": {"precip_mm": 2.4}}, {"type": "Feature", "geometry": {"type": "Point", "coordinates": [-74.97500610351562, 2.0249977111816406]}, "properties": {"precip_mm": 2.6}}, {"type": "Feature", "geometry": {"type": "Point", "coordinates": [-74.47500610351562, 2.0249977111816406]}, "properties": {"precip_mm": 3.1}}, {"type": "Feature", "geometry": {"type": "Point", "coordinates": [-73.97500610351562, 2.0249977111816406]}, "properties": {"precip_mm": 4.9}}, {"type": "Feature", "geometry": {"type": "Point", "coordinates": [-73.47500610351562, 2.0249977111816406]}, "properties": {"precip_mm": 7.0}}, {"type": "Feature", "geometry": {"type": "Point", "coordinates": [-72.97500610351562, 2.0249977111816406]}, "properties": {"precip_mm": 11.8}}, {"type": "Feature", "geometry": {"type": "Point", "coordinates": [-72.47500610351562, 2.0249977111816406]}, "properties": {"precip_mm": 16.4}}, {"type": "Feature", "geometry": {"type": "Point", "coordinates": [-71.97500610351562, 2.0249977111816406]}, "properties": {"precip_mm": 15.7}}, {"type": "Feature", "geometry": {"type": "Point", "coordinates": [-71.47500610351562, 2.0249977111816406]}, "properties": {"precip_mm": 12.9}}, {"type": "Feature", "geometry": {"type": "Point", "coordinates": [-70.97500610351562, 2.0249977111816406]}, "properties": {"precip_mm": 16.6}}, {"type": "Feature", "geometry": {"type": "Point", "coordinates": [-70.47500610351562, 2.0249977111816406]}, "properties": {"precip_mm": 14.0}}, {"type": "Feature", "geometry": {"type": "Point", "coordinates": [-69.97500610351562, 2.0249977111816406]}, "properties": {"precip_mm": 14.2}}, {"type": "Feature", "geometry": {"type": "Point", "coordinates": [-69.47500610351562, 2.0249977111816406]}, "properties": {"precip_mm": 12.6}}, {"type": "Feature", "geometry": {"type": "Point", "coordinates": [-68.97500610351562, 2.0249977111816406]}, "properties": {"precip_mm": 11.9}}, {"type": "Feature", "geometry": {"type": "Point", "coordinates": [-68.47500610351562, 2.0249977111816406]}, "properties": {"precip_mm": 12.8}}, {"type": "Feature", "geometry": {"type": "Point", "coordinates": [-67.97500610351562, 2.0249977111816406]}, "properties": {"precip_mm": 11.8}}, {"type": "Feature", "geometry": {"type": "Point", "coordinates": [-67.47500610351562, 2.0249977111816406]}, "properties": {"precip_mm": 10.7}}, {"type": "Feature", "geometry": {"type": "Point", "coordinates": [-66.97500610351562, 2.0249977111816406]}, "properties": {"precip_mm": 9.2}}, {"type": "Feature", "geometry": {"type": "Point", "coordinates": [-66.47500610351562, 2.0249977111816406]}, "properties": {"precip_mm": 11.3}}, {"type": "Feature", "geometry": {"type": "Point", "coordinates": [-65.97500610351562, 2.0249977111816406]}, "properties": {"precip_mm": 10.1}}, {"type": "Feature", "geometry": {"type": "Point", "coordinates": [-65.47500610351562, 2.0249977111816406]}, "properties": {"precip_mm": 8.3}}, {"type": "Feature", "geometry": {"type": "Point", "coordinates": [-64.97500610351562, 2.0249977111816406]}, "properties": {"precip_mm": 5.1}}, {"type": "Feature", "geometry": {"type": "Point", "coordinates": [-64.47500610351562, 2.0249977111816406]}, "properties": {"precip_mm": 1.7}}, {"type": "Feature", "geometry": {"type": "Point", "coordinates": [-63.975006103515625, 2.0249977111816406]}, "properties": {"precip_mm": 1.4}}, {"type": "Feature", "geometry": {"type": "Point", "coordinates": [-63.475006103515625, 2.0249977111816406]}, "properties": {"precip_mm": 2.8}}, {"type": "Feature", "geometry": {"type": "Point", "coordinates": [-62.975006103515625, 2.0249977111816406]}, "properties": {"precip_mm": 4.9}}, {"type": "Feature", "geometry": {"type": "Point", "coordinates": [-62.475006103515625, 2.0249977111816406]}, "properties": {"precip_mm": 5.2}}, {"type": "Feature", "geometry": {"type": "Point", "coordinates": [-61.975006103515625, 2.0249977111816406]}, "properties": {"precip_mm": 5.0}}, {"type": "Feature", "geometry": {"type": "Point", "coordinates": [-61.475006103515625, 2.0249977111816406]}, "properties": {"precip_mm": 5.8}}, {"type": "Feature", "geometry": {"type": "Point", "coordinates": [-60.975006103515625, 2.0249977111816406]}, "properties": {"precip_mm": 5.7}}, {"type": "Feature", "geometry": {"type": "Point", "coordinates": [-60.475006103515625, 2.0249977111816406]}, "properties": {"precip_mm": 4.8}}, {"type": "Feature", "geometry": {"type": "Point", "coordinates": [-59.975006103515625, 2.0249977111816406]}, "properties": {"precip_mm": 4.4}}, {"type": "Feature", "geometry": {"type": "Point", "coordinates": [-59.475006103515625, 2.0249977111816406]}, "properties": {"precip_mm": 4.8}}, {"type": "Feature", "geometry": {"type": "Point", "coordinates": [-58.975006103515625, 2.0249977111816406]}, "properties": {"precip_mm": 4.8}}, {"type": "Feature", "geometry": {"type": "Point", "coordinates": [-58.475006103515625, 2.0249977111816406]}, "properties": {"precip_mm": 4.1}}, {"type": "Feature", "geometry": {"type": "Point", "coordinates": [-57.975006103515625, 2.0249977111816406]}, "properties": {"precip_mm": 5.6}}, {"type": "Feature", "geometry": {"type": "Point", "coordinates": [-57.475006103515625, 2.0249977111816406]}, "properties": {"precip_mm": 5.8}}, {"type": "Feature", "geometry": {"type": "Point", "coordinates": [-56.975006103515625, 2.0249977111816406]}, "properties": {"precip_mm": 5.7}}, {"type": "Feature", "geometry": {"type": "Point", "coordinates": [-56.475006103515625, 2.0249977111816406]}, "properties": {"precip_mm": 3.1}}, {"type": "Feature", "geometry": {"type": "Point", "coordinates": [-55.975006103515625, 2.0249977111816406]}, "properties": {"precip_mm": 3.3}}, {"type": "Feature", "geometry": {"type": "Point", "coordinates": [-55.475006103515625, 2.0249977111816406]}, "properties": {"precip_mm": 4.0}}, {"type": "Feature", "geometry": {"type": "Point", "coordinates": [-54.975006103515625, 2.0249977111816406]}, "properties": {"precip_mm": 4.2}}, {"type": "Feature", "geometry": {"type": "Point", "coordinates": [-54.475006103515625, 2.0249977111816406]}, "properties": {"precip_mm": 3.6}}, {"type": "Feature", "geometry": {"type": "Point", "coordinates": [-53.975006103515625, 2.0249977111816406]}, "properties": {"precip_mm": 4.4}}, {"type": "Feature", "geometry": {"type": "Point", "coordinates": [-53.475006103515625, 2.0249977111816406]}, "properties": {"precip_mm": 6.0}}, {"type": "Feature", "geometry": {"type": "Point", "coordinates": [-52.975006103515625, 2.0249977111816406]}, "properties": {"precip_mm": 5.3}}, {"type": "Feature", "geometry": {"type": "Point", "coordinates": [-52.475006103515625, 2.0249977111816406]}, "properties": {"precip_mm": 5.3}}, {"type": "Feature", "geometry": {"type": "Point", "coordinates": [-51.975006103515625, 2.0249977111816406]}, "properties": {"precip_mm": 6.6}}, {"type": "Feature", "geometry": {"type": "Point", "coordinates": [-51.475006103515625, 2.0249977111816406]}, "properties": {"precip_mm": 5.7}}, {"type": "Feature", "geometry": {"type": "Point", "coordinates": [-50.975006103515625, 2.0249977111816406]}, "properties": {"precip_mm": 2.6}}, {"type": "Feature", "geometry": {"type": "Point", "coordinates": [-50.475006103515625, 2.0249977111816406]}, "properties": {"precip_mm": 2.7}}, {"type": "Feature", "geometry": {"type": "Point", "coordinates": [-78.47500610351562, 2.5249977111816406]}, "properties": {"precip_mm": 5.6}}, {"type": "Feature", "geometry": {"type": "Point", "coordinates": [-77.97500610351562, 2.5249977111816406]}, "properties": {"precip_mm": 8.3}}, {"type": "Feature", "geometry": {"type": "Point", "coordinates": [-77.47500610351562, 2.5249977111816406]}, "properties": {"precip_mm": 6.5}}, {"type": "Feature", "geometry": {"type": "Point", "coordinates": [-76.97500610351562, 2.5249977111816406]}, "properties": {"precip_mm": 1.6}}, {"type": "Feature", "geometry": {"type": "Point", "coordinates": [-76.47500610351562, 2.5249977111816406]}, "properties": {"precip_mm": 1.0}}, {"type": "Feature", "geometry": {"type": "Point", "coordinates": [-75.97500610351562, 2.5249977111816406]}, "properties": {"precip_mm": 1.0}}, {"type": "Feature", "geometry": {"type": "Point", "coordinates": [-75.47500610351562, 2.5249977111816406]}, "properties": {"precip_mm": 0.5}}, {"type": "Feature", "geometry": {"type": "Point", "coordinates": [-74.97500610351562, 2.5249977111816406]}, "properties": {"precip_mm": 1.2}}, {"type": "Feature", "geometry": {"type": "Point", "coordinates": [-74.47500610351562, 2.5249977111816406]}, "properties": {"precip_mm": 2.6}}, {"type": "Feature", "geometry": {"type": "Point", "coordinates": [-73.97500610351562, 2.5249977111816406]}, "properties": {"precip_mm": 6.1}}, {"type": "Feature", "geometry": {"type": "Point", "coordinates": [-73.47500610351562, 2.5249977111816406]}, "properties": {"precip_mm": 6.7}}, {"type": "Feature", "geometry": {"type": "Point", "coordinates": [-72.97500610351562, 2.5249977111816406]}, "properties": {"precip_mm": 13.2}}, {"type": "Feature", "geometry": {"type": "Point", "coordinates": [-72.47500610351562, 2.5249977111816406]}, "properties": {"precip_mm": 15.1}}, {"type": "Feature", "geometry": {"type": "Point", "coordinates": [-71.97500610351562, 2.5249977111816406]}, "properties": {"precip_mm": 14.0}}, {"type": "Feature", "geometry": {"type": "Point", "coordinates": [-71.47500610351562, 2.5249977111816406]}, "properties": {"precip_mm": 11.2}}, {"type": "Feature", "geometry": {"type": "Point", "coordinates": [-70.97500610351562, 2.5249977111816406]}, "properties": {"precip_mm": 12.8}}, {"type": "Feature", "geometry": {"type": "Point", "coordinates": [-70.47500610351562, 2.5249977111816406]}, "properties": {"precip_mm": 14.5}}, {"type": "Feature", "geometry": {"type": "Point", "coordinates": [-69.97500610351562, 2.5249977111816406]}, "properties": {"precip_mm": 13.0}}, {"type": "Feature", "geometry": {"type": "Point", "coordinates": [-69.47500610351562, 2.5249977111816406]}, "properties": {"precip_mm": 12.8}}, {"type": "Feature", "geometry": {"type": "Point", "coordinates": [-68.97500610351562, 2.5249977111816406]}, "properties": {"precip_mm": 13.7}}, {"type": "Feature", "geometry": {"type": "Point", "coordinates": [-68.47500610351562, 2.5249977111816406]}, "properties": {"precip_mm": 14.1}}, {"type": "Feature", "geometry": {"type": "Point", "coordinates": [-67.97500610351562, 2.5249977111816406]}, "properties": {"precip_mm": 13.3}}, {"type": "Feature", "geometry": {"type": "Point", "coordinates": [-67.47500610351562, 2.5249977111816406]}, "properties": {"precip_mm": 13.6}}, {"type": "Feature", "geometry": {"type": "Point", "coordinates": [-66.97500610351562, 2.5249977111816406]}, "properties": {"precip_mm": 13.4}}, {"type": "Feature", "geometry": {"type": "Point", "coordinates": [-66.47500610351562, 2.5249977111816406]}, "properties": {"precip_mm": 14.6}}, {"type": "Feature", "geometry": {"type": "Point", "coordinates": [-65.97500610351562, 2.5249977111816406]}, "properties": {"precip_mm": 13.9}}, {"type": "Feature", "geometry": {"type": "Point", "coordinates": [-65.47500610351562, 2.5249977111816406]}, "properties": {"precip_mm": 11.8}}, {"type": "Feature", "geometry": {"type": "Point", "coordinates": [-64.97500610351562, 2.5249977111816406]}, "properties": {"precip_mm": 6.4}}, {"type": "Feature", "geometry": {"type": "Point", "coordinates": [-64.47500610351562, 2.5249977111816406]}, "properties": {"precip_mm": 2.5}}, {"type": "Feature", "geometry": {"type": "Point", "coordinates": [-63.975006103515625, 2.5249977111816406]}, "properties": {"precip_mm": 1.3}}, {"type": "Feature", "geometry": {"type": "Point", "coordinates": [-63.475006103515625, 2.5249977111816406]}, "properties": {"precip_mm": 1.4}}, {"type": "Feature", "geometry": {"type": "Point", "coordinates": [-62.975006103515625, 2.5249977111816406]}, "properties": {"precip_mm": 4.0}}, {"type": "Feature", "geometry": {"type": "Point", "coordinates": [-62.475006103515625, 2.5249977111816406]}, "properties": {"precip_mm": 5.5}}, {"type": "Feature", "geometry": {"type": "Point", "coordinates": [-61.975006103515625, 2.5249977111816406]}, "properties": {"precip_mm": 5.6}}, {"type": "Feature", "geometry": {"type": "Point", "coordinates": [-61.475006103515625, 2.5249977111816406]}, "properties": {"precip_mm": 5.1}}, {"type": "Feature", "geometry": {"type": "Point", "coordinates": [-60.975006103515625, 2.5249977111816406]}, "properties": {"precip_mm": 4.1}}, {"type": "Feature", "geometry": {"type": "Point", "coordinates": [-60.475006103515625, 2.5249977111816406]}, "properties": {"precip_mm": 4.1}}, {"type": "Feature", "geometry": {"type": "Point", "coordinates": [-59.975006103515625, 2.5249977111816406]}, "properties": {"precip_mm": 4.2}}, {"type": "Feature", "geometry": {"type": "Point", "coordinates": [-59.475006103515625, 2.5249977111816406]}, "properties": {"precip_mm": 4.0}}, {"type": "Feature", "geometry": {"type": "Point", "coordinates": [-58.975006103515625, 2.5249977111816406]}, "properties": {"precip_mm": 6.3}}, {"type": "Feature", "geometry": {"type": "Point", "coordinates": [-58.475006103515625, 2.5249977111816406]}, "properties": {"precip_mm": 6.5}}, {"type": "Feature", "geometry": {"type": "Point", "coordinates": [-57.975006103515625, 2.5249977111816406]}, "properties": {"precip_mm": 6.7}}, {"type": "Feature", "geometry": {"type": "Point", "coordinates": [-57.475006103515625, 2.5249977111816406]}, "properties": {"precip_mm": 7.4}}, {"type": "Feature", "geometry": {"type": "Point", "coordinates": [-56.975006103515625, 2.5249977111816406]}, "properties": {"precip_mm": 5.8}}, {"type": "Feature", "geometry": {"type": "Point", "coordinates": [-56.475006103515625, 2.5249977111816406]}, "properties": {"precip_mm": 3.5}}, {"type": "Feature", "geometry": {"type": "Point", "coordinates": [-55.975006103515625, 2.5249977111816406]}, "properties": {"precip_mm": 3.0}}, {"type": "Feature", "geometry": {"type": "Point", "coordinates": [-55.475006103515625, 2.5249977111816406]}, "properties": {"precip_mm": 3.9}}, {"type": "Feature", "geometry": {"type": "Point", "coordinates": [-54.975006103515625, 2.5249977111816406]}, "properties": {"precip_mm": 3.7}}, {"type": "Feature", "geometry": {"type": "Point", "coordinates": [-54.475006103515625, 2.5249977111816406]}, "properties": {"precip_mm": 2.9}}, {"type": "Feature", "geometry": {"type": "Point", "coordinates": [-53.975006103515625, 2.5249977111816406]}, "properties": {"precip_mm": 3.9}}, {"type": "Feature", "geometry": {"type": "Point", "coordinates": [-53.475006103515625, 2.5249977111816406]}, "properties": {"precip_mm": 4.1}}, {"type": "Feature", "geometry": {"type": "Point", "coordinates": [-52.975006103515625, 2.5249977111816406]}, "properties": {"precip_mm": 4.3}}, {"type": "Feature", "geometry": {"type": "Point", "coordinates": [-52.475006103515625, 2.5249977111816406]}, "properties": {"precip_mm": 4.8}}, {"type": "Feature", "geometry": {"type": "Point", "coordinates": [-51.975006103515625, 2.5249977111816406]}, "properties": {"precip_mm": 4.8}}, {"type": "Feature", "geometry": {"type": "Point", "coordinates": [-51.475006103515625, 2.5249977111816406]}, "properties": {"precip_mm": 5.0}}, {"type": "Feature", "geometry": {"type": "Point", "coordinates": [-50.975006103515625, 2.5249977111816406]}, "properties": {"precip_mm": 2.8}}, {"type": "Feature", "geometry": {"type": "Point", "coordinates": [-77.47500610351562, 3.0249977111816406]}, "properties": {"precip_mm": 16.8}}, {"type": "Feature", "geometry": {"type": "Point", "coordinates": [-76.97500610351562, 3.0249977111816406]}, "properties": {"precip_mm": 5.5}}, {"type": "Feature", "geometry": {"type": "Point", "coordinates": [-76.47500610351562, 3.0249977111816406]}, "properties": {"precip_mm": 1.1}}, {"type": "Feature", "geometry": {"type": "Point", "coordinates": [-75.97500610351562, 3.0249977111816406]}, "properties": {"precip_mm": 1.2}}, {"type": "Feature", "geometry": {"type": "Point", "coordinates": [-75.47500610351562, 3.0249977111816406]}, "properties": {"precip_mm": 0.4}}, {"type": "Feature", "geometry": {"type": "Point", "coordinates": [-74.97500610351562, 3.0249977111816406]}, "properties": {"precip_mm": 0.8}}, {"type": "Feature", "geometry": {"type": "Point", "coordinates": [-74.47500610351562, 3.0249977111816406]}, "properties": {"precip_mm": 2.7}}, {"type": "Feature", "geometry": {"type": "Point", "coordinates": [-73.97500610351562, 3.0249977111816406]}, "properties": {"precip_mm": 6.1}}, {"type": "Feature", "geometry": {"type": "Point", "coordinates": [-73.47500610351562, 3.0249977111816406]}, "properties": {"precip_mm": 7.0}}, {"type": "Feature", "geometry": {"type": "Point", "coordinates": [-72.97500610351562, 3.0249977111816406]}, "properties": {"precip_mm": 10.8}}, {"type": "Feature", "geometry": {"type": "Point", "coordinates": [-72.47500610351562, 3.0249977111816406]}, "properties": {"precip_mm": 10.5}}, {"type": "Feature", "geometry": {"type": "Point", "coordinates": [-71.97500610351562, 3.0249977111816406]}, "properties": {"precip_mm": 10.2}}, {"type": "Feature", "geometry": {"type": "Point", "coordinates": [-71.47500610351562, 3.0249977111816406]}, "properties": {"precip_mm": 9.6}}, {"type": "Feature", "geometry": {"type": "Point", "coordinates": [-70.97500610351562, 3.0249977111816406]}, "properties": {"precip_mm": 12.0}}, {"type": "Feature", "geometry": {"type": "Point", "coordinates": [-70.47500610351562, 3.0249977111816406]}, "properties": {"precip_mm": 13.2}}, {"type": "Feature", "geometry": {"type": "Point", "coordinates": [-69.97500610351562, 3.0249977111816406]}, "properties": {"precip_mm": 11.6}}, {"type": "Feature", "geometry": {"type": "Point", "coordinates": [-69.47500610351562, 3.0249977111816406]}, "properties": {"precip_mm": 13.1}}, {"type": "Feature", "geometry": {"type": "Point", "coordinates": [-68.97500610351562, 3.0249977111816406]}, "properties": {"precip_mm": 14.1}}, {"type": "Feature", "geometry": {"type": "Point", "coordinates": [-68.47500610351562, 3.0249977111816406]}, "properties": {"precip_mm": 13.3}}, {"type": "Feature", "geometry": {"type": "Point", "coordinates": [-67.97500610351562, 3.0249977111816406]}, "properties": {"precip_mm": 14.8}}, {"type": "Feature", "geometry": {"type": "Point", "coordinates": [-67.47500610351562, 3.0249977111816406]}, "properties": {"precip_mm": 19.3}}, {"type": "Feature", "geometry": {"type": "Point", "coordinates": [-66.97500610351562, 3.0249977111816406]}, "properties": {"precip_mm": 18.5}}, {"type": "Feature", "geometry": {"type": "Point", "coordinates": [-66.47500610351562, 3.0249977111816406]}, "properties": {"precip_mm": 16.2}}, {"type": "Feature", "geometry": {"type": "Point", "coordinates": [-65.97500610351562, 3.0249977111816406]}, "properties": {"precip_mm": 14.8}}, {"type": "Feature", "geometry": {"type": "Point", "coordinates": [-65.47500610351562, 3.0249977111816406]}, "properties": {"precip_mm": 11.9}}, {"type": "Feature", "geometry": {"type": "Point", "coordinates": [-64.97500610351562, 3.0249977111816406]}, "properties": {"precip_mm": 9.9}}, {"type": "Feature", "geometry": {"type": "Point", "coordinates": [-64.47500610351562, 3.0249977111816406]}, "properties": {"precip_mm": 3.4}}, {"type": "Feature", "geometry": {"type": "Point", "coordinates": [-63.975006103515625, 3.0249977111816406]}, "properties": {"precip_mm": 1.5}}, {"type": "Feature", "geometry": {"type": "Point", "coordinates": [-63.475006103515625, 3.0249977111816406]}, "properties": {"precip_mm": 2.2}}, {"type": "Feature", "geometry": {"type": "Point", "coordinates": [-62.975006103515625, 3.0249977111816406]}, "properties": {"precip_mm": 4.0}}, {"type": "Feature", "geometry": {"type": "Point", "coordinates": [-62.475006103515625, 3.0249977111816406]}, "properties": {"precip_mm": 4.8}}, {"type": "Feature", "geometry": {"type": "Point", "coordinates": [-61.975006103515625, 3.0249977111816406]}, "properties": {"precip_mm": 4.7}}, {"type": "Feature", "geometry": {"type": "Point", "coordinates": [-61.475006103515625, 3.0249977111816406]}, "properties": {"precip_mm": 5.0}}, {"type": "Feature", "geometry": {"type": "Point", "coordinates": [-60.975006103515625, 3.0249977111816406]}, "properties": {"precip_mm": 4.1}}, {"type": "Feature", "geometry": {"type": "Point", "coordinates": [-60.475006103515625, 3.0249977111816406]}, "properties": {"precip_mm": 4.7}}, {"type": "Feature", "geometry": {"type": "Point", "coordinates": [-59.975006103515625, 3.0249977111816406]}, "properties": {"precip_mm": 4.6}}, {"type": "Feature", "geometry": {"type": "Point", "coordinates": [-59.475006103515625, 3.0249977111816406]}, "properties": {"precip_mm": 5.9}}, {"type": "Feature", "geometry": {"type": "Point", "coordinates": [-58.975006103515625, 3.0249977111816406]}, "properties": {"precip_mm": 6.5}}, {"type": "Feature", "geometry": {"type": "Point", "coordinates": [-58.475006103515625, 3.0249977111816406]}, "properties": {"precip_mm": 7.3}}, {"type": "Feature", "geometry": {"type": "Point", "coordinates": [-57.975006103515625, 3.0249977111816406]}, "properties": {"precip_mm": 7.5}}, {"type": "Feature", "geometry": {"type": "Point", "coordinates": [-57.475006103515625, 3.0249977111816406]}, "properties": {"precip_mm": 5.0}}, {"type": "Feature", "geometry": {"type": "Point", "coordinates": [-56.975006103515625, 3.0249977111816406]}, "properties": {"precip_mm": 5.4}}, {"type": "Feature", "geometry": {"type": "Point", "coordinates": [-56.475006103515625, 3.0249977111816406]}, "properties": {"precip_mm": 3.9}}, {"type": "Feature", "geometry": {"type": "Point", "coordinates": [-55.975006103515625, 3.0249977111816406]}, "properties": {"precip_mm": 4.8}}, {"type": "Feature", "geometry": {"type": "Point", "coordinates": [-55.475006103515625, 3.0249977111816406]}, "properties": {"precip_mm": 4.1}}, {"type": "Feature", "geometry": {"type": "Point", "coordinates": [-54.975006103515625, 3.0249977111816406]}, "properties": {"precip_mm": 3.4}}, {"type": "Feature", "geometry": {"type": "Point", "coordinates": [-54.475006103515625, 3.0249977111816406]}, "properties": {"precip_mm": 4.1}}, {"type": "Feature", "geometry": {"type": "Point", "coordinates": [-53.975006103515625, 3.0249977111816406]}, "properties": {"precip_mm": 4.5}}, {"type": "Feature", "geometry": {"type": "Point", "coordinates": [-53.475006103515625, 3.0249977111816406]}, "properties": {"precip_mm": 5.4}}, {"type": "Feature", "geometry": {"type": "Point", "coordinates": [-52.975006103515625, 3.0249977111816406]}, "properties": {"precip_mm": 4.6}}, {"type": "Feature", "geometry": {"type": "Point", "coordinates": [-52.475006103515625, 3.0249977111816406]}, "properties": {"precip_mm": 4.3}}, {"type": "Feature", "geometry": {"type": "Point", "coordinates": [-51.975006103515625, 3.0249977111816406]}, "properties": {"precip_mm": 4.4}}, {"type": "Feature", "geometry": {"type": "Point", "coordinates": [-51.475006103515625, 3.0249977111816406]}, "properties": {"precip_mm": 4.1}}, {"type": "Feature", "geometry": {"type": "Point", "coordinates": [-50.975006103515625, 3.0249977111816406]}, "properties": {"precip_mm": 2.4}}, {"type": "Feature", "geometry": {"type": "Point", "coordinates": [-76.97500610351562, 3.5249977111816406]}, "properties": {"precip_mm": 4.4}}, {"type": "Feature", "geometry": {"type": "Point", "coordinates": [-76.47500610351562, 3.5249977111816406]}, "properties": {"precip_mm": 0.9}}, {"type": "Feature", "geometry": {"type": "Point", "coordinates": [-75.97500610351562, 3.5249977111816406]}, "properties": {"precip_mm": 0.9}}, {"type": "Feature", "geometry": {"type": "Point", "coordinates": [-75.47500610351562, 3.5249977111816406]}, "properties": {"precip_mm": 0.5}}, {"type": "Feature", "geometry": {"type": "Point", "coordinates": [-74.97500610351562, 3.5249977111816406]}, "properties": {"precip_mm": 0.5}}, {"type": "Feature", "geometry": {"type": "Point", "coordinates": [-74.47500610351562, 3.5249977111816406]}, "properties": {"precip_mm": 1.7}}, {"type": "Feature", "geometry": {"type": "Point", "coordinates": [-73.97500610351562, 3.5249977111816406]}, "properties": {"precip_mm": 9.1}}, {"type": "Feature", "geometry": {"type": "Point", "coordinates": [-73.47500610351562, 3.5249977111816406]}, "properties": {"precip_mm": 10.0}}, {"type": "Feature", "geometry": {"type": "Point", "coordinates": [-72.97500610351562, 3.5249977111816406]}, "properties": {"precip_mm": 9.3}}, {"type": "Feature", "geometry": {"type": "Point", "coordinates": [-72.47500610351562, 3.5249977111816406]}, "properties": {"precip_mm": 9.6}}, {"type": "Feature", "geometry": {"type": "Point", "coordinates": [-71.97500610351562, 3.5249977111816406]}, "properties": {"precip_mm": 7.7}}, {"type": "Feature", "geometry": {"type": "Point", "coordinates": [-71.47500610351562, 3.5249977111816406]}, "properties": {"precip_mm": 9.7}}, {"type": "Feature", "geometry": {"type": "Point", "coordinates": [-70.97500610351562, 3.5249977111816406]}, "properties": {"precip_mm": 10.6}}, {"type": "Feature", "geometry": {"type": "Point", "coordinates": [-70.47500610351562, 3.5249977111816406]}, "properties": {"precip_mm": 15.4}}, {"type": "Feature", "geometry": {"type": "Point", "coordinates": [-69.97500610351562, 3.5249977111816406]}, "properties": {"precip_mm": 12.7}}, {"type": "Feature", "geometry": {"type": "Point", "coordinates": [-69.47500610351562, 3.5249977111816406]}, "properties": {"precip_mm": 14.5}}, {"type": "Feature", "geometry": {"type": "Point", "coordinates": [-68.97500610351562, 3.5249977111816406]}, "properties": {"precip_mm": 14.1}}, {"type": "Feature", "geometry": {"type": "Point", "coordinates": [-68.47500610351562, 3.5249977111816406]}, "properties": {"precip_mm": 15.8}}, {"type": "Feature", "geometry": {"type": "Point", "coordinates": [-67.97500610351562, 3.5249977111816406]}, "properties": {"precip_mm": 18.2}}, {"type": "Feature", "geometry": {"type": "Point", "coordinates": [-67.47500610351562, 3.5249977111816406]}, "properties": {"precip_mm": 19.7}}, {"type": "Feature", "geometry": {"type": "Point", "coordinates": [-66.97500610351562, 3.5249977111816406]}, "properties": {"precip_mm": 16.0}}, {"type": "Feature", "geometry": {"type": "Point", "coordinates": [-66.47500610351562, 3.5249977111816406]}, "properties": {"precip_mm": 16.1}}, {"type": "Feature", "geometry": {"type": "Point", "coordinates": [-65.97500610351562, 3.5249977111816406]}, "properties": {"precip_mm": 11.8}}, {"type": "Feature", "geometry": {"type": "Point", "coordinates": [-65.47500610351562, 3.5249977111816406]}, "properties": {"precip_mm": 7.8}}, {"type": "Feature", "geometry": {"type": "Point", "coordinates": [-64.97500610351562, 3.5249977111816406]}, "properties": {"precip_mm": 4.9}}, {"type": "Feature", "geometry": {"type": "Point", "coordinates": [-64.47500610351562, 3.5249977111816406]}, "properties": {"precip_mm": 2.1}}, {"type": "Feature", "geometry": {"type": "Point", "coordinates": [-63.975006103515625, 3.5249977111816406]}, "properties": {"precip_mm": 1.9}}, {"type": "Feature", "geometry": {"type": "Point", "coordinates": [-63.475006103515625, 3.5249977111816406]}, "properties": {"precip_mm": 2.3}}, {"type": "Feature", "geometry": {"type": "Point", "coordinates": [-62.975006103515625, 3.5249977111816406]}, "properties": {"precip_mm": 4.0}}, {"type": "Feature", "geometry": {"type": "Point", "coordinates": [-62.475006103515625, 3.5249977111816406]}, "properties": {"precip_mm": 4.9}}, {"type": "Feature", "geometry": {"type": "Point", "coordinates": [-61.975006103515625, 3.5249977111816406]}, "properties": {"precip_mm": 4.5}}, {"type": "Feature", "geometry": {"type": "Point", "coordinates": [-61.475006103515625, 3.5249977111816406]}, "properties": {"precip_mm": 4.3}}, {"type": "Feature", "geometry": {"type": "Point", "coordinates": [-60.975006103515625, 3.5249977111816406]}, "properties": {"precip_mm": 4.2}}, {"type": "Feature", "geometry": {"type": "Point", "coordinates": [-60.475006103515625, 3.5249977111816406]}, "properties": {"precip_mm": 4.9}}, {"type": "Feature", "geometry": {"type": "Point", "coordinates": [-59.975006103515625, 3.5249977111816406]}, "properties": {"precip_mm": 5.8}}, {"type": "Feature", "geometry": {"type": "Point", "coordinates": [-59.475006103515625, 3.5249977111816406]}, "properties": {"precip_mm": 4.7}}, {"type": "Feature", "geometry": {"type": "Point", "coordinates": [-58.975006103515625, 3.5249977111816406]}, "properties": {"precip_mm": 5.6}}, {"type": "Feature", "geometry": {"type": "Point", "coordinates": [-58.475006103515625, 3.5249977111816406]}, "properties": {"precip_mm": 5.2}}, {"type": "Feature", "geometry": {"type": "Point", "coordinates": [-57.975006103515625, 3.5249977111816406]}, "properties": {"precip_mm": 5.5}}, {"type": "Feature", "geometry": {"type": "Point", "coordinates": [-57.475006103515625, 3.5249977111816406]}, "properties": {"precip_mm": 5.1}}, {"type": "Feature", "geometry": {"type": "Point", "coordinates": [-56.975006103515625, 3.5249977111816406]}, "properties": {"precip_mm": 5.2}}, {"type": "Feature", "geometry": {"type": "Point", "coordinates": [-56.475006103515625, 3.5249977111816406]}, "properties": {"precip_mm": 4.4}}, {"type": "Feature", "geometry": {"type": "Point", "coordinates": [-55.975006103515625, 3.5249977111816406]}, "properties": {"precip_mm": 6.1}}, {"type": "Feature", "geometry": {"type": "Point", "coordinates": [-55.475006103515625, 3.5249977111816406]}, "properties": {"precip_mm": 4.8}}, {"type": "Feature", "geometry": {"type": "Point", "coordinates": [-54.975006103515625, 3.5249977111816406]}, "properties": {"precip_mm": 5.0}}, {"type": "Feature", "geometry": {"type": "Point", "coordinates": [-54.475006103515625, 3.5249977111816406]}, "properties": {"precip_mm": 5.3}}, {"type": "Feature", "geometry": {"type": "Point", "coordinates": [-53.975006103515625, 3.5249977111816406]}, "properties": {"precip_mm": 4.7}}, {"type": "Feature", "geometry": {"type": "Point", "coordinates": [-53.475006103515625, 3.5249977111816406]}, "properties": {"precip_mm": 5.0}}, {"type": "Feature", "geometry": {"type": "Point", "coordinates": [-52.975006103515625, 3.5249977111816406]}, "properties": {"precip_mm": 4.4}}, {"type": "Feature", "geometry": {"type": "Point", "coordinates": [-52.475006103515625, 3.5249977111816406]}, "properties": {"precip_mm": 5.9}}, {"type": "Feature", "geometry": {"type": "Point", "coordinates": [-51.975006103515625, 3.5249977111816406]}, "properties": {"precip_mm": 5.6}}, {"type": "Feature", "geometry": {"type": "Point", "coordinates": [-51.475006103515625, 3.5249977111816406]}, "properties": {"precip_mm": 3.8}}, {"type": "Feature", "geometry": {"type": "Point", "coordinates": [-76.97500610351562, 4.024997711181641]}, "properties": {"precip_mm": 6.1}}, {"type": "Feature", "geometry": {"type": "Point", "coordinates": [-76.47500610351562, 4.024997711181641]}, "properties": {"precip_mm": 1.7}}, {"type": "Feature", "geometry": {"type": "Point", "coordinates": [-75.97500610351562, 4.024997711181641]}, "properties": {"precip_mm": 0.9}}, {"type": "Feature", "geometry": {"type": "Point", "coordinates": [-75.47500610351562, 4.024997711181641]}, "properties": {"precip_mm": 0.5}}, {"type": "Feature", "geometry": {"type": "Point", "coordinates": [-74.97500610351562, 4.024997711181641]}, "properties": {"precip_mm": 0.3}}, {"type": "Feature", "geometry": {"type": "Point", "coordinates": [-74.47500610351562, 4.024997711181641]}, "properties": {"precip_mm": 0.7}}, {"type": "Feature", "geometry": {"type": "Point", "coordinates": [-73.97500610351562, 4.024997711181641]}, "properties": {"precip_mm": 5.1}}, {"type": "Feature", "geometry": {"type": "Point", "coordinates": [-73.47500610351562, 4.024997711181641]}, "properties": {"precip_mm": 8.0}}, {"type": "Feature", "geometry": {"type": "Point", "coordinates": [-72.97500610351562, 4.024997711181641]}, "properties": {"precip_mm": 7.5}}, {"type": "Feature", "geometry": {"type": "Point", "coordinates": [-72.47500610351562, 4.024997711181641]}, "properties": {"precip_mm": 11.9}}, {"type": "Feature", "geometry": {"type": "Point", "coordinates": [-71.97500610351562, 4.024997711181641]}, "properties": {"precip_mm": 11.0}}, {"type": "Feature", "geometry": {"type": "Point", "coordinates": [-71.47500610351562, 4.024997711181641]}, "properties": {"precip_mm": 11.3}}, {"type": "Feature", "geometry": {"type": "Point", "coordinates": [-70.97500610351562, 4.024997711181641]}, "properties": {"precip_mm": 13.2}}, {"type": "Feature", "geometry": {"type": "Point", "coordinates": [-70.47500610351562, 4.024997711181641]}, "properties": {"precip_mm": 15.8}}, {"type": "Feature", "geometry": {"type": "Point", "coordinates": [-69.97500610351562, 4.024997711181641]}, "properties": {"precip_mm": 17.6}}, {"type": "Feature", "geometry": {"type": "Point", "coordinates": [-69.47500610351562, 4.024997711181641]}, "properties": {"precip_mm": 15.8}}, {"type": "Feature", "geometry": {"type": "Point", "coordinates": [-68.97500610351562, 4.024997711181641]}, "properties": {"precip_mm": 15.7}}, {"type": "Feature", "geometry": {"type": "Point", "coordinates": [-68.47500610351562, 4.024997711181641]}, "properties": {"precip_mm": 15.1}}, {"type": "Feature", "geometry": {"type": "Point", "coordinates": [-67.97500610351562, 4.024997711181641]}, "properties": {"precip_mm": 16.6}}, {"type": "Feature", "geometry": {"type": "Point", "coordinates": [-67.47500610351562, 4.024997711181641]}, "properties": {"precip_mm": 17.1}}, {"type": "Feature", "geometry": {"type": "Point", "coordinates": [-66.97500610351562, 4.024997711181641]}, "properties": {"precip_mm": 16.9}}, {"type": "Feature", "geometry": {"type": "Point", "coordinates": [-66.47500610351562, 4.024997711181641]}, "properties": {"precip_mm": 14.8}}, {"type": "Feature", "geometry": {"type": "Point", "coordinates": [-65.97500610351562, 4.024997711181641]}, "properties": {"precip_mm": 13.0}}, {"type": "Feature", "geometry": {"type": "Point", "coordinates": [-65.47500610351562, 4.024997711181641]}, "properties": {"precip_mm": 10.1}}, {"type": "Feature", "geometry": {"type": "Point", "coordinates": [-64.97500610351562, 4.024997711181641]}, "properties": {"precip_mm": 5.5}}, {"type": "Feature", "geometry": {"type": "Point", "coordinates": [-64.47500610351562, 4.024997711181641]}, "properties": {"precip_mm": 4.3}}, {"type": "Feature", "geometry": {"type": "Point", "coordinates": [-63.975006103515625, 4.024997711181641]}, "properties": {"precip_mm": 5.4}}, {"type": "Feature", "geometry": {"type": "Point", "coordinates": [-63.475006103515625, 4.024997711181641]}, "properties": {"precip_mm": 4.8}}, {"type": "Feature", "geometry": {"type": "Point", "coordinates": [-62.975006103515625, 4.024997711181641]}, "properties": {"precip_mm": 4.3}}, {"type": "Feature", "geometry": {"type": "Point", "coordinates": [-62.475006103515625, 4.024997711181641]}, "properties": {"precip_mm": 5.2}}, {"type": "Feature", "geometry": {"type": "Point", "coordinates": [-61.975006103515625, 4.024997711181641]}, "properties": {"precip_mm": 5.2}}, {"type": "Feature", "geometry": {"type": "Point", "coordinates": [-61.475006103515625, 4.024997711181641]}, "properties": {"precip_mm": 5.8}}, {"type": "Feature", "geometry": {"type": "Point", "coordinates": [-60.975006103515625, 4.024997711181641]}, "properties": {"precip_mm": 5.1}}, {"type": "Feature", "geometry": {"type": "Point", "coordinates": [-60.475006103515625, 4.024997711181641]}, "properties": {"precip_mm": 4.6}}, {"type": "Feature", "geometry": {"type": "Point", "coordinates": [-59.975006103515625, 4.024997711181641]}, "properties": {"precip_mm": 6.2}}, {"type": "Feature", "geometry": {"type": "Point", "coordinates": [-59.475006103515625, 4.024997711181641]}, "properties": {"precip_mm": 5.9}}, {"type": "Feature", "geometry": {"type": "Point", "coordinates": [-58.975006103515625, 4.024997711181641]}, "properties": {"precip_mm": 6.3}}, {"type": "Feature", "geometry": {"type": "Point", "coordinates": [-58.475006103515625, 4.024997711181641]}, "properties": {"precip_mm": 5.2}}, {"type": "Feature", "geometry": {"type": "Point", "coordinates": [-57.975006103515625, 4.024997711181641]}, "properties": {"precip_mm": 5.0}}, {"type": "Feature", "geometry": {"type": "Point", "coordinates": [-57.475006103515625, 4.024997711181641]}, "properties": {"precip_mm": 5.1}}, {"type": "Feature", "geometry": {"type": "Point", "coordinates": [-56.975006103515625, 4.024997711181641]}, "properties": {"precip_mm": 5.4}}, {"type": "Feature", "geometry": {"type": "Point", "coordinates": [-56.475006103515625, 4.024997711181641]}, "properties": {"precip_mm": 5.6}}, {"type": "Feature", "geometry": {"type": "Point", "coordinates": [-55.975006103515625, 4.024997711181641]}, "properties": {"precip_mm": 7.1}}, {"type": "Feature", "geometry": {"type": "Point", "coordinates": [-55.475006103515625, 4.024997711181641]}, "properties": {"precip_mm": 6.7}}, {"type": "Feature", "geometry": {"type": "Point", "coordinates": [-54.975006103515625, 4.024997711181641]}, "properties": {"precip_mm": 7.6}}, {"type": "Feature", "geometry": {"type": "Point", "coordinates": [-54.475006103515625, 4.024997711181641]}, "properties": {"precip_mm": 6.8}}, {"type": "Feature", "geometry": {"type": "Point", "coordinates": [-53.975006103515625, 4.024997711181641]}, "properties": {"precip_mm": 7.1}}, {"type": "Feature", "geometry": {"type": "Point", "coordinates": [-53.475006103515625, 4.024997711181641]}, "properties": {"precip_mm": 5.0}}, {"type": "Feature", "geometry": {"type": "Point", "coordinates": [-52.975006103515625, 4.024997711181641]}, "properties": {"precip_mm": 6.2}}, {"type": "Feature", "geometry": {"type": "Point", "coordinates": [-52.475006103515625, 4.024997711181641]}, "properties": {"precip_mm": 6.6}}, {"type": "Feature", "geometry": {"type": "Point", "coordinates": [-51.975006103515625, 4.024997711181641]}, "properties": {"precip_mm": 4.8}}, {"type": "Feature", "geometry": {"type": "Point", "coordinates": [-51.475006103515625, 4.024997711181641]}, "properties": {"precip_mm": 3.5}}, {"type": "Feature", "geometry": {"type": "Point", "coordinates": [-76.97500610351562, 4.524997711181641]}, "properties": {"precip_mm": 8.2}}, {"type": "Feature", "geometry": {"type": "Point", "coordinates": [-76.47500610351562, 4.524997711181641]}, "properties": {"precip_mm": 3.1}}, {"type": "Feature", "geometry": {"type": "Point", "coordinates": [-75.97500610351562, 4.524997711181641]}, "properties": {"precip_mm": 1.5}}, {"type": "Feature", "geometry": {"type": "Point", "coordinates": [-75.47500610351562, 4.524997711181641]}, "properties": {"precip_mm": 1.6}}, {"type": "Feature", "geometry": {"type": "Point", "coordinates": [-74.97500610351562, 4.524997711181641]}, "properties": {"precip_mm": 0.6}}, {"type": "Feature", "geometry": {"type": "Point", "coordinates": [-74.47500610351562, 4.524997711181641]}, "properties": {"precip_mm": 0.6}}, {"type": "Feature", "geometry": {"type": "Point", "coordinates": [-73.97500610351562, 4.524997711181641]}, "properties": {"precip_mm": 1.6}}, {"type": "Feature", "geometry": {"type": "Point", "coordinates": [-73.47500610351562, 4.524997711181641]}, "properties": {"precip_mm": 8.8}}, {"type": "Feature", "geometry": {"type": "Point", "coordinates": [-72.97500610351562, 4.524997711181641]}, "properties": {"precip_mm": 9.7}}, {"type": "Feature", "geometry": {"type": "Point", "coordinates": [-72.47500610351562, 4.524997711181641]}, "properties": {"precip_mm": 11.4}}, {"type": "Feature", "geometry": {"type": "Point", "coordinates": [-71.97500610351562, 4.524997711181641]}, "properties": {"precip_mm": 11.9}}, {"type": "Feature", "geometry": {"type": "Point", "coordinates": [-71.47500610351562, 4.524997711181641]}, "properties": {"precip_mm": 13.9}}, {"type": "Feature", "geometry": {"type": "Point", "coordinates": [-70.97500610351562, 4.524997711181641]}, "properties": {"precip_mm": 13.6}}, {"type": "Feature", "geometry": {"type": "Point", "coordinates": [-70.47500610351562, 4.524997711181641]}, "properties": {"precip_mm": 16.2}}, {"type": "Feature", "geometry": {"type": "Point", "coordinates": [-69.97500610351562, 4.524997711181641]}, "properties": {"precip_mm": 18.9}}, {"type": "Feature", "geometry": {"type": "Point", "coordinates": [-69.47500610351562, 4.524997711181641]}, "properties": {"precip_mm": 19.1}}, {"type": "Feature", "geometry": {"type": "Point", "coordinates": [-68.97500610351562, 4.524997711181641]}, "properties": {"precip_mm": 18.5}}, {"type": "Feature", "geometry": {"type": "Point", "coordinates": [-68.47500610351562, 4.524997711181641]}, "properties": {"precip_mm": 16.8}}, {"type": "Feature", "geometry": {"type": "Point", "coordinates": [-67.97500610351562, 4.524997711181641]}, "properties": {"precip_mm": 14.1}}, {"type": "Feature", "geometry": {"type": "Point", "coordinates": [-67.47500610351562, 4.524997711181641]}, "properties": {"precip_mm": 15.4}}, {"type": "Feature", "geometry": {"type": "Point", "coordinates": [-66.97500610351562, 4.524997711181641]}, "properties": {"precip_mm": 16.5}}, {"type": "Feature", "geometry": {"type": "Point", "coordinates": [-66.47500610351562, 4.524997711181641]}, "properties": {"precip_mm": 13.1}}, {"type": "Feature", "geometry": {"type": "Point", "coordinates": [-65.97500610351562, 4.524997711181641]}, "properties": {"precip_mm": 12.8}}, {"type": "Feature", "geometry": {"type": "Point", "coordinates": [-65.47500610351562, 4.524997711181641]}, "properties": {"precip_mm": 14.6}}, {"type": "Feature", "geometry": {"type": "Point", "coordinates": [-64.97500610351562, 4.524997711181641]}, "properties": {"precip_mm": 10.4}}, {"type": "Feature", "geometry": {"type": "Point", "coordinates": [-64.47500610351562, 4.524997711181641]}, "properties": {"precip_mm": 9.4}}, {"type": "Feature", "geometry": {"type": "Point", "coordinates": [-63.975006103515625, 4.524997711181641]}, "properties": {"precip_mm": 12.1}}, {"type": "Feature", "geometry": {"type": "Point", "coordinates": [-63.475006103515625, 4.524997711181641]}, "properties": {"precip_mm": 11.3}}, {"type": "Feature", "geometry": {"type": "Point", "coordinates": [-62.975006103515625, 4.524997711181641]}, "properties": {"precip_mm": 9.3}}, {"type": "Feature", "geometry": {"type": "Point", "coordinates": [-62.475006103515625, 4.524997711181641]}, "properties": {"precip_mm": 7.7}}, {"type": "Feature", "geometry": {"type": "Point", "coordinates": [-61.975006103515625, 4.524997711181641]}, "properties": {"precip_mm": 5.8}}, {"type": "Feature", "geometry": {"type": "Point", "coordinates": [-61.475006103515625, 4.524997711181641]}, "properties": {"precip_mm": 5.4}}, {"type": "Feature", "geometry": {"type": "Point", "coordinates": [-60.975006103515625, 4.524997711181641]}, "properties": {"precip_mm": 5.2}}, {"type": "Feature", "geometry": {"type": "Point", "coordinates": [-60.475006103515625, 4.524997711181641]}, "properties": {"precip_mm": 4.9}}, {"type": "Feature", "geometry": {"type": "Point", "coordinates": [-59.975006103515625, 4.524997711181641]}, "properties": {"precip_mm": 6.5}}, {"type": "Feature", "geometry": {"type": "Point", "coordinates": [-59.475006103515625, 4.524997711181641]}, "properties": {"precip_mm": 7.8}}, {"type": "Feature", "geometry": {"type": "Point", "coordinates": [-58.975006103515625, 4.524997711181641]}, "properties": {"precip_mm": 7.7}}, {"type": "Feature", "geometry": {"type": "Point", "coordinates": [-58.475006103515625, 4.524997711181641]}, "properties": {"precip_mm": 7.3}}, {"type": "Feature", "geometry": {"type": "Point", "coordinates": [-57.975006103515625, 4.524997711181641]}, "properties": {"precip_mm": 5.6}}, {"type": "Feature", "geometry": {"type": "Point", "coordinates": [-57.475006103515625, 4.524997711181641]}, "properties": {"precip_mm": 6.3}}, {"type": "Feature", "geometry": {"type": "Point", "coordinates": [-56.975006103515625, 4.524997711181641]}, "properties": {"precip_mm": 6.1}}, {"type": "Feature", "geometry": {"type": "Point", "coordinates": [-56.475006103515625, 4.524997711181641]}, "properties": {"precip_mm": 5.4}}, {"type": "Feature", "geometry": {"type": "Point", "coordinates": [-55.975006103515625, 4.524997711181641]}, "properties": {"precip_mm": 5.0}}, {"type": "Feature", "geometry": {"type": "Point", "coordinates": [-55.475006103515625, 4.524997711181641]}, "properties": {"precip_mm": 5.6}}, {"type": "Feature", "geometry": {"type": "Point", "coordinates": [-54.975006103515625, 4.524997711181641]}, "properties": {"precip_mm": 6.9}}, {"type": "Feature", "geometry": {"type": "Point", "coordinates": [-54.475006103515625, 4.524997711181641]}, "properties": {"precip_mm": 6.7}}, {"type": "Feature", "geometry": {"type": "Point", "coordinates": [-53.975006103515625, 4.524997711181641]}, "properties": {"precip_mm": 5.8}}, {"type": "Feature", "geometry": {"type": "Point", "coordinates": [-53.475006103515625, 4.524997711181641]}, "properties": {"precip_mm": 5.9}}, {"type": "Feature", "geometry": {"type": "Point", "coordinates": [-52.975006103515625, 4.524997711181641]}, "properties": {"precip_mm": 5.6}}, {"type": "Feature", "geometry": {"type": "Point", "coordinates": [-52.475006103515625, 4.524997711181641]}, "properties": {"precip_mm": 6.8}}, {"type": "Feature", "geometry": {"type": "Point", "coordinates": [-51.975006103515625, 4.524997711181641]}, "properties": {"precip_mm": 5.3}}, {"type": "Feature", "geometry": {"type": "Point", "coordinates": [-76.97500610351562, 5.024997711181641]}, "properties": {"precip_mm": 12.4}}, {"type": "Feature", "geometry": {"type": "Point", "coordinates": [-76.47500610351562, 5.024997711181641]}, "properties": {"precip_mm": 7.4}}, {"type": "Feature", "geometry": {"type": "Point", "coordinates": [-75.97500610351562, 5.024997711181641]}, "properties": {"precip_mm": 2.3}}, {"type": "Feature", "geometry": {"type": "Point", "coordinates": [-75.47500610351562, 5.024997711181641]}, "properties": {"precip_mm": 1.6}}, {"type": "Feature", "geometry": {"type": "Point", "coordinates": [-74.97500610351562, 5.024997711181641]}, "properties": {"precip_mm": 1.7}}, {"type": "Feature", "geometry": {"type": "Point", "coordinates": [-74.47500610351562, 5.024997711181641]}, "properties": {"precip_mm": 0.7}}, {"type": "Feature", "geometry": {"type": "Point", "coordinates": [-73.97500610351562, 5.024997711181641]}, "properties": {"precip_mm": 1.9}}, {"type": "Feature", "geometry": {"type": "Point", "coordinates": [-73.47500610351562, 5.024997711181641]}, "properties": {"precip_mm": 5.6}}, {"type": "Feature", "geometry": {"type": "Point", "coordinates": [-72.97500610351562, 5.024997711181641]}, "properties": {"precip_mm": 8.1}}, {"type": "Feature", "geometry": {"type": "Point", "coordinates": [-72.47500610351562, 5.024997711181641]}, "properties": {"precip_mm": 8.8}}, {"type": "Feature", "geometry": {"type": "Point", "coordinates": [-71.97500610351562, 5.024997711181641]}, "properties": {"precip_mm": 7.4}}, {"type": "Feature", "geometry": {"type": "Point", "coordinates": [-71.47500610351562, 5.024997711181641]}, "properties": {"precip_mm": 7.9}}, {"type": "Feature", "geometry": {"type": "Point", "coordinates": [-70.97500610351562, 5.024997711181641]}, "properties": {"precip_mm": 12.0}}, {"type": "Feature", "geometry": {"type": "Point", "coordinates": [-70.47500610351562, 5.024997711181641]}, "properties": {"precip_mm": 13.0}}, {"type": "Feature", "geometry": {"type": "Point", "coordinates": [-69.97500610351562, 5.024997711181641]}, "properties": {"precip_mm": 14.8}}, {"type": "Feature", "geometry": {"type": "Point", "coordinates": [-69.47500610351562, 5.024997711181641]}, "properties": {"precip_mm": 15.4}}, {"type": "Feature", "geometry": {"type": "Point", "coordinates": [-68.97500610351562, 5.024997711181641]}, "properties": {"precip_mm": 16.3}}, {"type": "Feature", "geometry": {"type": "Point", "coordinates": [-68.47500610351562, 5.024997711181641]}, "properties": {"precip_mm": 15.5}}, {"type": "Feature", "geometry": {"type": "Point", "coordinates": [-67.97500610351562, 5.024997711181641]}, "properties": {"precip_mm": 17.0}}, {"type": "Feature", "geometry": {"type": "Point", "coordinates": [-67.47500610351562, 5.024997711181641]}, "properties": {"precip_mm": 17.9}}, {"type": "Feature", "geometry": {"type": "Point", "coordinates": [-66.97500610351562, 5.024997711181641]}, "properties": {"precip_mm": 14.7}}, {"type": "Feature", "geometry": {"type": "Point", "coordinates": [-66.47500610351562, 5.024997711181641]}, "properties": {"precip_mm": 15.4}}, {"type": "Feature", "geometry": {"type": "Point", "coordinates": [-65.97500610351562, 5.024997711181641]}, "properties": {"precip_mm": 16.3}}, {"type": "Feature", "geometry": {"type": "Point", "coordinates": [-65.47500610351562, 5.024997711181641]}, "properties": {"precip_mm": 15.3}}, {"type": "Feature", "geometry": {"type": "Point", "coordinates": [-64.97500610351562, 5.024997711181641]}, "properties": {"precip_mm": 15.1}}, {"type": "Feature", "geometry": {"type": "Point", "coordinates": [-64.47500610351562, 5.024997711181641]}, "properties": {"precip_mm": 14.6}}, {"type": "Feature", "geometry": {"type": "Point", "coordinates": [-63.975006103515625, 5.024997711181641]}, "properties": {"precip_mm": 17.9}}, {"type": "Feature", "geometry": {"type": "Point", "coordinates": [-63.475006103515625, 5.024997711181641]}, "properties": {"precip_mm": 18.3}}, {"type": "Feature", "geometry": {"type": "Point", "coordinates": [-62.975006103515625, 5.024997711181641]}, "properties": {"precip_mm": 15.6}}, {"type": "Feature", "geometry": {"type": "Point", "coordinates": [-62.475006103515625, 5.024997711181641]}, "properties": {"precip_mm": 14.1}}, {"type": "Feature", "geometry": {"type": "Point", "coordinates": [-61.975006103515625, 5.024997711181641]}, "properties": {"precip_mm": 9.5}}, {"type": "Feature", "geometry": {"type": "Point", "coordinates": [-61.475006103515625, 5.024997711181641]}, "properties": {"precip_mm": 5.6}}, {"type": "Feature", "geometry": {"type": "Point", "coordinates": [-60.975006103515625, 5.024997711181641]}, "properties": {"precip_mm": 5.7}}, {"type": "Feature", "geometry": {"type": "Point", "coordinates": [-60.475006103515625, 5.024997711181641]}, "properties": {"precip_mm": 6.6}}, {"type": "Feature", "geometry": {"type": "Point", "coordinates": [-59.975006103515625, 5.024997711181641]}, "properties": {"precip_mm": 8.0}}, {"type": "Feature", "geometry": {"type": "Point", "coordinates": [-59.475006103515625, 5.024997711181641]}, "properties": {"precip_mm": 7.6}}, {"type": "Feature", "geometry": {"type": "Point", "coordinates": [-58.975006103515625, 5.024997711181641]}, "properties": {"precip_mm": 8.6}}, {"type": "Feature", "geometry": {"type": "Point", "coordinates": [-58.475006103515625, 5.024997711181641]}, "properties": {"precip_mm": 7.9}}, {"type": "Feature", "geometry": {"type": "Point", "coordinates": [-57.975006103515625, 5.024997711181641]}, "properties": {"precip_mm": 6.7}}, {"type": "Feature", "geometry": {"type": "Point", "coordinates": [-57.475006103515625, 5.024997711181641]}, "properties": {"precip_mm": 7.1}}, {"type": "Feature", "geometry": {"type": "Point", "coordinates": [-56.975006103515625, 5.024997711181641]}, "properties": {"precip_mm": 5.2}}, {"type": "Feature", "geometry": {"type": "Point", "coordinates": [-56.475006103515625, 5.024997711181641]}, "properties": {"precip_mm": 5.1}}, {"type": "Feature", "geometry": {"type": "Point", "coordinates": [-55.975006103515625, 5.024997711181641]}, "properties": {"precip_mm": 6.1}}, {"type": "Feature", "geometry": {"type": "Point", "coordinates": [-55.475006103515625, 5.024997711181641]}, "properties": {"precip_mm": 5.4}}, {"type": "Feature", "geometry": {"type": "Point", "coordinates": [-54.975006103515625, 5.024997711181641]}, "properties": {"precip_mm": 5.6}}, {"type": "Feature", "geometry": {"type": "Point", "coordinates": [-54.475006103515625, 5.024997711181641]}, "properties": {"precip_mm": 5.8}}, {"type": "Feature", "geometry": {"type": "Point", "coordinates": [-53.975006103515625, 5.024997711181641]}, "properties": {"precip_mm": 5.5}}, {"type": "Feature", "geometry": {"type": "Point", "coordinates": [-53.475006103515625, 5.024997711181641]}, "properties": {"precip_mm": 6.2}}, {"type": "Feature", "geometry": {"type": "Point", "coordinates": [-52.975006103515625, 5.024997711181641]}, "properties": {"precip_mm": 4.3}}, {"type": "Feature", "geometry": {"type": "Point", "coordinates": [-52.475006103515625, 5.024997711181641]}, "properties": {"precip_mm": 3.9}}, {"type": "Feature", "geometry": {"type": "Point", "coordinates": [-77.47500610351562, 5.524997711181641]}, "properties": {"precip_mm": 13.1}}, {"type": "Feature", "geometry": {"type": "Point", "coordinates": [-76.97500610351562, 5.524997711181641]}, "properties": {"precip_mm": 14.2}}, {"type": "Feature", "geometry": {"type": "Point", "coordinates": [-76.47500610351562, 5.524997711181641]}, "properties": {"precip_mm": 12.3}}, {"type": "Feature", "geometry": {"type": "Point", "coordinates": [-75.97500610351562, 5.524997711181641]}, "properties": {"precip_mm": 3.5}}, {"type": "Feature", "geometry": {"type": "Point", "coordinates": [-75.47500610351562, 5.524997711181641]}, "properties": {"precip_mm": 1.2}}, {"type": "Feature", "geometry": {"type": "Point", "coordinates": [-74.97500610351562, 5.524997711181641]}, "properties": {"precip_mm": 1.7}}, {"type": "Feature", "geometry": {"type": "Point", "coordinates": [-74.47500610351562, 5.524997711181641]}, "properties": {"precip_mm": 2.0}}, {"type": "Feature", "geometry": {"type": "Point", "coordinates": [-73.97500610351562, 5.524997711181641]}, "properties": {"precip_mm": 1.2}}, {"type": "Feature", "geometry": {"type": "Point", "coordinates": [-73.47500610351562, 5.524997711181641]}, "properties": {"precip_mm": 1.1}}, {"type": "Feature", "geometry": {"type": "Point", "coordinates": [-72.97500610351562, 5.524997711181641]}, "properties": {"precip_mm": 2.4}}, {"type": "Feature", "geometry": {"type": "Point", "coordinates": [-72.47500610351562, 5.524997711181641]}, "properties": {"precip_mm": 3.7}}, {"type": "Feature", "geometry": {"type": "Point", "coordinates": [-71.97500610351562, 5.524997711181641]}, "properties": {"precip_mm": 4.0}}, {"type": "Feature", "geometry": {"type": "Point", "coordinates": [-71.47500610351562, 5.524997711181641]}, "properties": {"precip_mm": 7.5}}, {"type": "Feature", "geometry": {"type": "Point", "coordinates": [-70.97500610351562, 5.524997711181641]}, "properties": {"precip_mm": 10.7}}, {"type": "Feature", "geometry": {"type": "Point", "coordinates": [-70.47500610351562, 5.524997711181641]}, "properties": {"precip_mm": 13.8}}, {"type": "Feature", "geometry": {"type": "Point", "coordinates": [-69.97500610351562, 5.524997711181641]}, "properties": {"precip_mm": 18.0}}, {"type": "Feature", "geometry": {"type": "Point", "coordinates": [-69.47500610351562, 5.524997711181641]}, "properties": {"precip_mm": 18.3}}, {"type": "Feature", "geometry": {"type": "Point", "coordinates": [-68.97500610351562, 5.524997711181641]}, "properties": {"precip_mm": 18.7}}, {"type": "Feature", "geometry": {"type": "Point", "coordinates": [-68.47500610351562, 5.524997711181641]}, "properties": {"precip_mm": 17.7}}, {"type": "Feature", "geometry": {"type": "Point", "coordinates": [-67.97500610351562, 5.524997711181641]}, "properties": {"precip_mm": 17.7}}, {"type": "Feature", "geometry": {"type": "Point", "coordinates": [-67.47500610351562, 5.524997711181641]}, "properties": {"precip_mm": 17.0}}, {"type": "Feature", "geometry": {"type": "Point", "coordinates": [-66.97500610351562, 5.524997711181641]}, "properties": {"precip_mm": 17.5}}, {"type": "Feature", "geometry": {"type": "Point", "coordinates": [-66.47500610351562, 5.524997711181641]}, "properties": {"precip_mm": 17.1}}, {"type": "Feature", "geometry": {"type": "Point", "coordinates": [-65.97500610351562, 5.524997711181641]}, "properties": {"precip_mm": 12.5}}, {"type": "Feature", "geometry": {"type": "Point", "coordinates": [-65.47500610351562, 5.524997711181641]}, "properties": {"precip_mm": 10.8}}, {"type": "Feature", "geometry": {"type": "Point", "coordinates": [-64.97500610351562, 5.524997711181641]}, "properties": {"precip_mm": 13.6}}, {"type": "Feature", "geometry": {"type": "Point", "coordinates": [-64.47500610351562, 5.524997711181641]}, "properties": {"precip_mm": 14.9}}, {"type": "Feature", "geometry": {"type": "Point", "coordinates": [-63.975006103515625, 5.524997711181641]}, "properties": {"precip_mm": 17.2}}, {"type": "Feature", "geometry": {"type": "Point", "coordinates": [-63.475006103515625, 5.524997711181641]}, "properties": {"precip_mm": 18.2}}, {"type": "Feature", "geometry": {"type": "Point", "coordinates": [-62.975006103515625, 5.524997711181641]}, "properties": {"precip_mm": 18.6}}, {"type": "Feature", "geometry": {"type": "Point", "coordinates": [-62.475006103515625, 5.524997711181641]}, "properties": {"precip_mm": 12.0}}, {"type": "Feature", "geometry": {"type": "Point", "coordinates": [-61.975006103515625, 5.524997711181641]}, "properties": {"precip_mm": 8.1}}, {"type": "Feature", "geometry": {"type": "Point", "coordinates": [-61.475006103515625, 5.524997711181641]}, "properties": {"precip_mm": 7.9}}, {"type": "Feature", "geometry": {"type": "Point", "coordinates": [-60.975006103515625, 5.524997711181641]}, "properties": {"precip_mm": 7.9}}, {"type": "Feature", "geometry": {"type": "Point", "coordinates": [-60.475006103515625, 5.524997711181641]}, "properties": {"precip_mm": 7.9}}, {"type": "Feature", "geometry": {"type": "Point", "coordinates": [-59.975006103515625, 5.524997711181641]}, "properties": {"precip_mm": 9.1}}, {"type": "Feature", "geometry": {"type": "Point", "coordinates": [-59.475006103515625, 5.524997711181641]}, "properties": {"precip_mm": 9.3}}, {"type": "Feature", "geometry": {"type": "Point", "coordinates": [-58.975006103515625, 5.524997711181641]}, "properties": {"precip_mm": 10.5}}, {"type": "Feature", "geometry": {"type": "Point", "coordinates": [-58.475006103515625, 5.524997711181641]}, "properties": {"precip_mm": 9.1}}, {"type": "Feature", "geometry": {"type": "Point", "coordinates": [-57.975006103515625, 5.524997711181641]}, "properties": {"precip_mm": 9.0}}, {"type": "Feature", "geometry": {"type": "Point", "coordinates": [-57.475006103515625, 5.524997711181641]}, "properties": {"precip_mm": 8.2}}, {"type": "Feature", "geometry": {"type": "Point", "coordinates": [-56.975006103515625, 5.524997711181641]}, "properties": {"precip_mm": 5.9}}, {"type": "Feature", "geometry": {"type": "Point", "coordinates": [-56.475006103515625, 5.524997711181641]}, "properties": {"precip_mm": 4.8}}, {"type": "Feature", "geometry": {"type": "Point", "coordinates": [-55.975006103515625, 5.524997711181641]}, "properties": {"precip_mm": 4.9}}, {"type": "Feature", "geometry": {"type": "Point", "coordinates": [-55.475006103515625, 5.524997711181641]}, "properties": {"precip_mm": 4.2}}, {"type": "Feature", "geometry": {"type": "Point", "coordinates": [-54.975006103515625, 5.524997711181641]}, "properties": {"precip_mm": 4.5}}, {"type": "Feature", "geometry": {"type": "Point", "coordinates": [-54.475006103515625, 5.524997711181641]}, "properties": {"precip_mm": 4.8}}, {"type": "Feature", "geometry": {"type": "Point", "coordinates": [-53.975006103515625, 5.524997711181641]}, "properties": {"precip_mm": 5.2}}, {"type": "Feature", "geometry": {"type": "Point", "coordinates": [-53.475006103515625, 5.524997711181641]}, "properties": {"precip_mm": 5.1}}, {"type": "Feature", "geometry": {"type": "Point", "coordinates": [-76.97500610351562, 6.024997711181641]}, "properties": {"precip_mm": 11.4}}, {"type": "Feature", "geometry": {"type": "Point", "coordinates": [-76.47500610351562, 6.024997711181641]}, "properties": {"precip_mm": 8.5}}, {"type": "Feature", "geometry": {"type": "Point", "coordinates": [-75.97500610351562, 6.024997711181641]}, "properties": {"precip_mm": 2.7}}, {"type": "Feature", "geometry": {"type": "Point", "coordinates": [-75.47500610351562, 6.024997711181641]}, "properties": {"precip_mm": 1.9}}, {"type": "Feature", "geometry": {"type": "Point", "coordinates": [-74.97500610351562, 6.024997711181641]}, "properties": {"precip_mm": 4.4}}, {"type": "Feature", "geometry": {"type": "Point", "coordinates": [-74.47500610351562, 6.024997711181641]}, "properties": {"precip_mm": 2.5}}, {"type": "Feature", "geometry": {"type": "Point", "coordinates": [-73.97500610351562, 6.024997711181641]}, "properties": {"precip_mm": 2.7}}, {"type": "Feature", "geometry": {"type": "Point", "coordinates": [-73.47500610351562, 6.024997711181641]}, "properties": {"precip_mm": 3.0}}, {"type": "Feature", "geometry": {"type": "Point", "coordinates": [-72.97500610351562, 6.024997711181641]}, "properties": {"precip_mm": 2.3}}, {"type": "Feature", "geometry": {"type": "Point", "coordinates": [-72.47500610351562, 6.024997711181641]}, "properties": {"precip_mm": 2.9}}, {"type": "Feature", "geometry": {"type": "Point", "coordinates": [-71.97500610351562, 6.024997711181641]}, "properties": {"precip_mm": 4.9}}, {"type": "Feature", "geometry": {"type": "Point", "coordinates": [-71.47500610351562, 6.024997711181641]}, "properties": {"precip_mm": 8.4}}, {"type": "Feature", "geometry": {"type": "Point", "coordinates": [-70.97500610351562, 6.024997711181641]}, "properties": {"precip_mm": 10.2}}, {"type": "Feature", "geometry": {"type": "Point", "coordinates": [-70.47500610351562, 6.024997711181641]}, "properties": {"precip_mm": 13.8}}, {"type": "Feature", "geometry": {"type": "Point", "coordinates": [-69.97500610351562, 6.024997711181641]}, "properties": {"precip_mm": 17.5}}, {"type": "Feature", "geometry": {"type": "Point", "coordinates": [-69.47500610351562, 6.024997711181641]}, "properties": {"precip_mm": 18.4}}, {"type": "Feature", "geometry": {"type": "Point", "coordinates": [-68.97500610351562, 6.024997711181641]}, "properties": {"precip_mm": 17.7}}, {"type": "Feature", "geometry": {"type": "Point", "coordinates": [-68.47500610351562, 6.024997711181641]}, "properties": {"precip_mm": 19.3}}, {"type": "Feature", "geometry": {"type": "Point", "coordinates": [-67.97500610351562, 6.024997711181641]}, "properties": {"precip_mm": 18.4}}, {"type": "Feature", "geometry": {"type": "Point", "coordinates": [-67.47500610351562, 6.024997711181641]}, "properties": {"precip_mm": 18.2}}, {"type": "Feature", "geometry": {"type": "Point", "coordinates": [-66.97500610351562, 6.024997711181641]}, "properties": {"precip_mm": 19.6}}, {"type": "Feature", "geometry": {"type": "Point", "coordinates": [-66.47500610351562, 6.024997711181641]}, "properties": {"precip_mm": 15.2}}, {"type": "Feature", "geometry": {"type": "Point", "coordinates": [-65.97500610351562, 6.024997711181641]}, "properties": {"precip_mm": 11.7}}, {"type": "Feature", "geometry": {"type": "Point", "coordinates": [-65.47500610351562, 6.024997711181641]}, "properties": {"precip_mm": 10.7}}, {"type": "Feature", "geometry": {"type": "Point", "coordinates": [-64.97500610351562, 6.024997711181641]}, "properties": {"precip_mm": 13.5}}, {"type": "Feature", "geometry": {"type": "Point", "coordinates": [-64.47500610351562, 6.024997711181641]}, "properties": {"precip_mm": 17.7}}, {"type": "Feature", "geometry": {"type": "Point", "coordinates": [-63.975006103515625, 6.024997711181641]}, "properties": {"precip_mm": 16.8}}, {"type": "Feature", "geometry": {"type": "Point", "coordinates": [-63.475006103515625, 6.024997711181641]}, "properties": {"precip_mm": 17.6}}, {"type": "Feature", "geometry": {"type": "Point", "coordinates": [-62.975006103515625, 6.024997711181641]}, "properties": {"precip_mm": 14.1}}, {"type": "Feature", "geometry": {"type": "Point", "coordinates": [-62.475006103515625, 6.024997711181641]}, "properties": {"precip_mm": 11.0}}, {"type": "Feature", "geometry": {"type": "Point", "coordinates": [-61.975006103515625, 6.024997711181641]}, "properties": {"precip_mm": 8.4}}, {"type": "Feature", "geometry": {"type": "Point", "coordinates": [-61.475006103515625, 6.024997711181641]}, "properties": {"precip_mm": 8.2}}, {"type": "Feature", "geometry": {"type": "Point", "coordinates": [-60.975006103515625, 6.024997711181641]}, "properties": {"precip_mm": 6.4}}, {"type": "Feature", "geometry": {"type": "Point", "coordinates": [-60.475006103515625, 6.024997711181641]}, "properties": {"precip_mm": 3.9}}, {"type": "Feature", "geometry": {"type": "Point", "coordinates": [-59.975006103515625, 6.024997711181641]}, "properties": {"precip_mm": 6.5}}, {"type": "Feature", "geometry": {"type": "Point", "coordinates": [-59.475006103515625, 6.024997711181641]}, "properties": {"precip_mm": 5.6}}, {"type": "Feature", "geometry": {"type": "Point", "coordinates": [-58.975006103515625, 6.024997711181641]}, "properties": {"precip_mm": 6.2}}, {"type": "Feature", "geometry": {"type": "Point", "coordinates": [-58.475006103515625, 6.024997711181641]}, "properties": {"precip_mm": 8.0}}, {"type": "Feature", "geometry": {"type": "Point", "coordinates": [-57.975006103515625, 6.024997711181641]}, "properties": {"precip_mm": 8.1}}, {"type": "Feature", "geometry": {"type": "Point", "coordinates": [-57.475006103515625, 6.024997711181641]}, "properties": {"precip_mm": 8.4}}, {"type": "Feature", "geometry": {"type": "Point", "coordinates": [-76.97500610351562, 6.524997711181641]}, "properties": {"precip_mm": 13.1}}, {"type": "Feature", "geometry": {"type": "Point", "coordinates": [-76.47500610351562, 6.524997711181641]}, "properties": {"precip_mm": 4.5}}, {"type": "Feature", "geometry": {"type": "Point", "coordinates": [-75.97500610351562, 6.524997711181641]}, "properties": {"precip_mm": 1.7}}, {"type": "Feature", "geometry": {"type": "Point", "coordinates": [-75.47500610351562, 6.524997711181641]}, "properties": {"precip_mm": 2.3}}, {"type": "Feature", "geometry": {"type": "Point", "coordinates": [-74.97500610351562, 6.524997711181641]}, "properties": {"precip_mm": 2.2}}, {"type": "Feature", "geometry": {"type": "Point", "coordinates": [-74.47500610351562, 6.524997711181641]}, "properties": {"precip_mm": 3.5}}, {"type": "Feature", "geometry": {"type": "Point", "coordinates": [-73.97500610351562, 6.524997711181641]}, "properties": {"precip_mm": 3.0}}, {"type": "Feature", "geometry": {"type": "Point", "coordinates": [-73.47500610351562, 6.524997711181641]}, "properties": {"precip_mm": 4.8}}, {"type": "Feature", "geometry": {"type": "Point", "coordinates": [-72.97500610351562, 6.524997711181641]}, "properties": {"precip_mm": 3.4}}, {"type": "Feature", "geometry": {"type": "Point", "coordinates": [-72.47500610351562, 6.524997711181641]}, "properties": {"precip_mm": 1.9}}, {"type": "Feature", "geometry": {"type": "Point", "coordinates": [-71.97500610351562, 6.524997711181641]}, "properties": {"precip_mm": 5.7}}, {"type": "Feature", "geometry": {"type": "Point", "coordinates": [-71.47500610351562, 6.524997711181641]}, "properties": {"precip_mm": 8.4}}, {"type": "Feature", "geometry": {"type": "Point", "coordinates": [-70.97500610351562, 6.524997711181641]}, "properties": {"precip_mm": 11.4}}, {"type": "Feature", "geometry": {"type": "Point", "coordinates": [-70.47500610351562, 6.524997711181641]}, "properties": {"precip_mm": 12.8}}, {"type": "Feature", "geometry": {"type": "Point", "coordinates": [-69.97500610351562, 6.524997711181641]}, "properties": {"precip_mm": 14.4}}, {"type": "Feature", "geometry": {"type": "Point", "coordinates": [-69.47500610351562, 6.524997711181641]}, "properties": {"precip_mm": 14.7}}, {"type": "Feature", "geometry": {"type": "Point", "coordinates": [-68.97500610351562, 6.524997711181641]}, "properties": {"precip_mm": 16.8}}, {"type": "Feature", "geometry": {"type": "Point", "coordinates": [-68.47500610351562, 6.524997711181641]}, "properties": {"precip_mm": 17.3}}, {"type": "Feature", "geometry": {"type": "Point", "coordinates": [-67.97500610351562, 6.524997711181641]}, "properties": {"precip_mm": 19.3}}, {"type": "Feature", "geometry": {"type": "Point", "coordinates": [-67.47500610351562, 6.524997711181641]}, "properties": {"precip_mm": 19.1}}, {"type": "Feature", "geometry": {"type": "Point", "coordinates": [-66.97500610351562, 6.524997711181641]}, "properties": {"precip_mm": 17.2}}, {"type": "Feature", "geometry": {"type": "Point", "coordinates": [-66.47500610351562, 6.524997711181641]}, "properties": {"precip_mm": 15.9}}, {"type": "Feature", "geometry": {"type": "Point", "coordinates": [-65.97500610351562, 6.524997711181641]}, "properties": {"precip_mm": 10.4}}, {"type": "Feature", "geometry": {"type": "Point", "coordinates": [-65.47500610351562, 6.524997711181641]}, "properties": {"precip_mm": 10.0}}, {"type": "Feature", "geometry": {"type": "Point", "coordinates": [-64.97500610351562, 6.524997711181641]}, "properties": {"precip_mm": 12.6}}, {"type": "Feature", "geometry": {"type": "Point", "coordinates": [-64.47500610351562, 6.524997711181641]}, "properties": {"precip_mm": 12.7}}, {"type": "Feature", "geometry": {"type": "Point", "coordinates": [-63.975006103515625, 6.524997711181641]}, "properties": {"precip_mm": 13.4}}, {"type": "Feature", "geometry": {"type": "Point", "coordinates": [-63.475006103515625, 6.524997711181641]}, "properties": {"precip_mm": 14.1}}, {"type": "Feature", "geometry": {"type": "Point", "coordinates": [-62.975006103515625, 6.524997711181641]}, "properties": {"precip_mm": 11.5}}, {"type": "Feature", "geometry": {"type": "Point", "coordinates": [-62.475006103515625, 6.524997711181641]}, "properties": {"precip_mm": 8.1}}, {"type": "Feature", "geometry": {"type": "Point", "coordinates": [-61.975006103515625, 6.524997711181641]}, "properties": {"precip_mm": 7.3}}, {"type": "Feature", "geometry": {"type": "Point", "coordinates": [-61.475006103515625, 6.524997711181641]}, "properties": {"precip_mm": 6.4}}, {"type": "Feature", "geometry": {"type": "Point", "coordinates": [-60.975006103515625, 6.524997711181641]}, "properties": {"precip_mm": 5.1}}, {"type": "Feature", "geometry": {"type": "Point", "coordinates": [-60.475006103515625, 6.524997711181641]}, "properties": {"precip_mm": 4.8}}, {"type": "Feature", "geometry": {"type": "Point", "coordinates": [-59.975006103515625, 6.524997711181641]}, "properties": {"precip_mm": 6.6}}, {"type": "Feature", "geometry": {"type": "Point", "coordinates": [-59.475006103515625, 6.524997711181641]}, "properties": {"precip_mm": 7.0}}, {"type": "Feature", "geometry": {"type": "Point", "coordinates": [-58.975006103515625, 6.524997711181641]}, "properties": {"precip_mm": 6.5}}, {"type": "Feature", "geometry": {"type": "Point", "coordinates": [-58.475006103515625, 6.524997711181641]}, "properties": {"precip_mm": 8.8}}, {"type": "Feature", "geometry": {"type": "Point", "coordinates": [-57.975006103515625, 6.524997711181641]}, "properties": {"precip_mm": 7.7}}, {"type": "Feature", "geometry": {"type": "Point", "coordinates": [-77.47500610351562, 7.024997711181641]}, "properties": {"precip_mm": 11.3}}, {"type": "Feature", "geometry": {"type": "Point", "coordinates": [-76.97500610351562, 7.024997711181641]}, "properties": {"precip_mm": 10.9}}, {"type": "Feature", "geometry": {"type": "Point", "coordinates": [-76.47500610351562, 7.024997711181641]}, "properties": {"precip_mm": 6.3}}, {"type": "Feature", "geometry": {"type": "Point", "coordinates": [-75.97500610351562, 7.024997711181641]}, "properties": {"precip_mm": 3.3}}, {"type": "Feature", "geometry": {"type": "Point", "coordinates": [-75.47500610351562, 7.024997711181641]}, "properties": {"precip_mm": 4.0}}, {"type": "Feature", "geometry": {"type": "Point", "coordinates": [-74.97500610351562, 7.024997711181641]}, "properties": {"precip_mm": 4.5}}, {"type": "Feature", "geometry": {"type": "Point", "coordinates": [-74.47500610351562, 7.024997711181641]}, "properties": {"precip_mm": 4.1}}, {"type": "Feature", "geometry": {"type": "Point", "coordinates": [-73.97500610351562, 7.024997711181641]}, "properties": {"precip_mm": 4.5}}, {"type": "Feature", "geometry": {"type": "Point", "coordinates": [-73.47500610351562, 7.024997711181641]}, "properties": {"precip_mm": 2.9}}, {"type": "Feature", "geometry": {"type": "Point", "coordinates": [-72.97500610351562, 7.024997711181641]}, "properties": {"precip_mm": 2.1}}, {"type": "Feature", "geometry": {"type": "Point", "coordinates": [-72.47500610351562, 7.024997711181641]}, "properties": {"precip_mm": 6.5}}, {"type": "Feature", "geometry": {"type": "Point", "coordinates": [-71.97500610351562, 7.024997711181641]}, "properties": {"precip_mm": 14.0}}, {"type": "Feature", "geometry": {"type": "Point", "coordinates": [-71.47500610351562, 7.024997711181641]}, "properties": {"precip_mm": 13.6}}, {"type": "Feature", "geometry": {"type": "Point", "coordinates": [-70.97500610351562, 7.024997711181641]}, "properties": {"precip_mm": 15.1}}, {"type": "Feature", "geometry": {"type": "Point", "coordinates": [-70.47500610351562, 7.024997711181641]}, "properties": {"precip_mm": 12.3}}, {"type": "Feature", "geometry": {"type": "Point", "coordinates": [-69.97500610351562, 7.024997711181641]}, "properties": {"precip_mm": 12.6}}, {"type": "Feature", "geometry": {"type": "Point", "coordinates": [-69.47500610351562, 7.024997711181641]}, "properties": {"precip_mm": 11.2}}, {"type": "Feature", "geometry": {"type": "Point", "coordinates": [-68.97500610351562, 7.024997711181641]}, "properties": {"precip_mm": 13.4}}, {"type": "Feature", "geometry": {"type": "Point", "coordinates": [-68.47500610351562, 7.024997711181641]}, "properties": {"precip_mm": 14.6}}, {"type": "Feature", "geometry": {"type": "Point", "coordinates": [-67.97500610351562, 7.024997711181641]}, "properties": {"precip_mm": 15.1}}, {"type": "Feature", "geometry": {"type": "Point", "coordinates": [-67.47500610351562, 7.024997711181641]}, "properties": {"precip_mm": 16.3}}, {"type": "Feature", "geometry": {"type": "Point", "coordinates": [-66.97500610351562, 7.024997711181641]}, "properties": {"precip_mm": 12.6}}, {"type": "Feature", "geometry": {"type": "Point", "coordinates": [-66.47500610351562, 7.024997711181641]}, "properties": {"precip_mm": 9.5}}, {"type": "Feature", "geometry": {"type": "Point", "coordinates": [-65.97500610351562, 7.024997711181641]}, "properties": {"precip_mm": 10.2}}, {"type": "Feature", "geometry": {"type": "Point", "coordinates": [-65.47500610351562, 7.024997711181641]}, "properties": {"precip_mm": 6.2}}, {"type": "Feature", "geometry": {"type": "Point", "coordinates": [-64.97500610351562, 7.024997711181641]}, "properties": {"precip_mm": 7.5}}, {"type": "Feature", "geometry": {"type": "Point", "coordinates": [-64.47500610351562, 7.024997711181641]}, "properties": {"precip_mm": 8.0}}, {"type": "Feature", "geometry": {"type": "Point", "coordinates": [-63.975006103515625, 7.024997711181641]}, "properties": {"precip_mm": 7.5}}, {"type": "Feature", "geometry": {"type": "Point", "coordinates": [-63.475006103515625, 7.024997711181641]}, "properties": {"precip_mm": 6.9}}, {"type": "Feature", "geometry": {"type": "Point", "coordinates": [-62.975006103515625, 7.024997711181641]}, "properties": {"precip_mm": 5.0}}, {"type": "Feature", "geometry": {"type": "Point", "coordinates": [-62.475006103515625, 7.024997711181641]}, "properties": {"precip_mm": 5.0}}, {"type": "Feature", "geometry": {"type": "Point", "coordinates": [-61.975006103515625, 7.024997711181641]}, "properties": {"precip_mm": 4.8}}, {"type": "Feature", "geometry": {"type": "Point", "coordinates": [-61.475006103515625, 7.024997711181641]}, "properties": {"precip_mm": 4.6}}, {"type": "Feature", "geometry": {"type": "Point", "coordinates": [-60.975006103515625, 7.024997711181641]}, "properties": {"precip_mm": 6.1}}, {"type": "Feature", "geometry": {"type": "Point", "coordinates": [-60.475006103515625, 7.024997711181641]}, "properties": {"precip_mm": 6.5}}, {"type": "Feature", "geometry": {"type": "Point", "coordinates": [-59.975006103515625, 7.024997711181641]}, "properties": {"precip_mm": 8.4}}, {"type": "Feature", "geometry": {"type": "Point", "coordinates": [-59.475006103515625, 7.024997711181641]}, "properties": {"precip_mm": 8.2}}, {"type": "Feature", "geometry": {"type": "Point", "coordinates": [-58.975006103515625, 7.024997711181641]}, "properties": {"precip_mm": 7.1}}, {"type": "Feature", "geometry": {"type": "Point", "coordinates": [-58.475006103515625, 7.024997711181641]}, "properties": {"precip_mm": 9.9}}, {"type": "Feature", "geometry": {"type": "Point", "coordinates": [-80.97500610351562, 7.524997711181641]}, "properties": {"precip_mm": 7.6}}, {"type": "Feature", "geometry": {"type": "Point", "coordinates": [-80.47500610351562, 7.524997711181641]}, "properties": {"precip_mm": 3.5}}, {"type": "Feature", "geometry": {"type": "Point", "coordinates": [-79.97500610351562, 7.524997711181641]}, "properties": {"precip_mm": 3.4}}, {"type": "Feature", "geometry": {"type": "Point", "coordinates": [-77.97500610351562, 7.524997711181641]}, "properties": {"precip_mm": 14.3}}, {"type": "Feature", "geometry": {"type": "Point", "coordinates": [-77.47500610351562, 7.524997711181641]}, "properties": {"precip_mm": 10.2}}, {"type": "Feature", "geometry": {"type": "Point", "coordinates": [-76.97500610351562, 7.524997711181641]}, "properties": {"precip_mm": 11.3}}, {"type": "Feature", "geometry": {"type": "Point", "coordinates": [-76.47500610351562, 7.524997711181641]}, "properties": {"precip_mm": 10.5}}, {"type": "Feature", "geometry": {"type": "Point", "coordinates": [-75.97500610351562, 7.524997711181641]}, "properties": {"precip_mm": 9.7}}, {"type": "Feature", "geometry": {"type": "Point", "coordinates": [-75.47500610351562, 7.524997711181641]}, "properties": {"precip_mm": 11.1}}, {"type": "Feature", "geometry": {"type": "Point", "coordinates": [-74.97500610351562, 7.524997711181641]}, "properties": {"precip_mm": 9.7}}, {"type": "Feature", "geometry": {"type": "Point", "coordinates": [-74.47500610351562, 7.524997711181641]}, "properties": {"precip_mm": 6.0}}, {"type": "Feature", "geometry": {"type": "Point", "coordinates": [-73.97500610351562, 7.524997711181641]}, "properties": {"precip_mm": 5.4}}, {"type": "Feature", "geometry": {"type": "Point", "coordinates": [-73.47500610351562, 7.524997711181641]}, "properties": {"precip_mm": 3.7}}, {"type": "Feature", "geometry": {"type": "Point", "coordinates": [-72.97500610351562, 7.524997711181641]}, "properties": {"precip_mm": 2.2}}, {"type": "Feature", "geometry": {"type": "Point", "coordinates": [-72.47500610351562, 7.524997711181641]}, "properties": {"precip_mm": 4.2}}, {"type": "Feature", "geometry": {"type": "Point", "coordinates": [-71.97500610351562, 7.524997711181641]}, "properties": {"precip_mm": 14.0}}, {"type": "Feature", "geometry": {"type": "Point", "coordinates": [-71.47500610351562, 7.524997711181641]}, "properties": {"precip_mm": 14.1}}, {"type": "Feature", "geometry": {"type": "Point", "coordinates": [-70.97500610351562, 7.524997711181641]}, "properties": {"precip_mm": 14.1}}, {"type": "Feature", "geometry": {"type": "Point", "coordinates": [-70.47500610351562, 7.524997711181641]}, "properties": {"precip_mm": 10.7}}, {"type": "Feature", "geometry": {"type": "Point", "coordinates": [-69.97500610351562, 7.524997711181641]}, "properties": {"precip_mm": 8.6}}, {"type": "Feature", "geometry": {"type": "Point", "coordinates": [-69.47500610351562, 7.524997711181641]}, "properties": {"precip_mm": 9.9}}, {"type": "Feature", "geometry": {"type": "Point", "coordinates": [-68.97500610351562, 7.524997711181641]}, "properties": {"precip_mm": 11.0}}, {"type": "Feature", "geometry": {"type": "Point", "coordinates": [-68.47500610351562, 7.524997711181641]}, "properties": {"precip_mm": 11.2}}, {"type": "Feature", "geometry": {"type": "Point", "coordinates": [-67.97500610351562, 7.524997711181641]}, "properties": {"precip_mm": 10.8}}, {"type": "Feature", "geometry": {"type": "Point", "coordinates": [-67.47500610351562, 7.524997711181641]}, "properties": {"precip_mm": 9.5}}, {"type": "Feature", "geometry": {"type": "Point", "coordinates": [-66.97500610351562, 7.524997711181641]}, "properties": {"precip_mm": 8.7}}, {"type": "Feature", "geometry": {"type": "Point", "coordinates": [-66.47500610351562, 7.524997711181641]}, "properties": {"precip_mm": 7.0}}, {"type": "Feature", "geometry": {"type": "Point", "coordinates": [-65.97500610351562, 7.524997711181641]}, "properties": {"precip_mm": 4.7}}, {"type": "Feature", "geometry": {"type": "Point", "coordinates": [-65.47500610351562, 7.524997711181641]}, "properties": {"precip_mm": 3.2}}, {"type": "Feature", "geometry": {"type": "Point", "coordinates": [-64.97500610351562, 7.524997711181641]}, "properties": {"precip_mm": 3.5}}, {"type": "Feature", "geometry": {"type": "Point", "coordinates": [-64.47500610351562, 7.524997711181641]}, "properties": {"precip_mm": 4.0}}, {"type": "Feature", "geometry": {"type": "Point", "coordinates": [-63.975006103515625, 7.524997711181641]}, "properties": {"precip_mm": 4.7}}, {"type": "Feature", "geometry": {"type": "Point", "coordinates": [-63.475006103515625, 7.524997711181641]}, "properties": {"precip_mm": 4.4}}, {"type": "Feature", "geometry": {"type": "Point", "coordinates": [-62.975006103515625, 7.524997711181641]}, "properties": {"precip_mm": 3.2}}, {"type": "Feature", "geometry": {"type": "Point", "coordinates": [-62.475006103515625, 7.524997711181641]}, "properties": {"precip_mm": 4.2}}, {"type": "Feature", "geometry": {"type": "Point", "coordinates": [-61.975006103515625, 7.524997711181641]}, "properties": {"precip_mm": 5.6}}, {"type": "Feature", "geometry": {"type": "Point", "coordinates": [-61.475006103515625, 7.524997711181641]}, "properties": {"precip_mm": 4.2}}, {"type": "Feature", "geometry": {"type": "Point", "coordinates": [-60.975006103515625, 7.524997711181641]}, "properties": {"precip_mm": 6.1}}, {"type": "Feature", "geometry": {"type": "Point", "coordinates": [-60.475006103515625, 7.524997711181641]}, "properties": {"precip_mm": 7.0}}, {"type": "Feature", "geometry": {"type": "Point", "coordinates": [-59.975006103515625, 7.524997711181641]}, "properties": {"precip_mm": 8.1}}, {"type": "Feature", "geometry": {"type": "Point", "coordinates": [-59.475006103515625, 7.524997711181641]}, "properties": {"precip_mm": 9.2}}, {"type": "Feature", "geometry": {"type": "Point", "coordinates": [-58.975006103515625, 7.524997711181641]}, "properties": {"precip_mm": 9.6}}, {"type": "Feature", "geometry": {"type": "Point", "coordinates": [-81.47500610351562, 8.02499771118164]}, "properties": {"precip_mm": 7.0}}, {"type": "Feature", "geometry": {"type": "Point", "coordinates": [-80.97500610351562, 8.02499771118164]}, "properties": {"precip_mm": 7.8}}, {"type": "Feature", "geometry": {"type": "Point", "coordinates": [-80.47500610351562, 8.02499771118164]}, "properties": {"precip_mm": 3.5}}, {"type": "Feature", "geometry": {"type": "Point", "coordinates": [-77.97500610351562, 8.02499771118164]}, "properties": {"precip_mm": 13.5}}, {"type": "Feature", "geometry": {"type": "Point", "coordinates": [-77.47500610351562, 8.02499771118164]}, "properties": {"precip_mm": 7.0}}, {"type": "Feature", "geometry": {"type": "Point", "coordinates": [-76.97500610351562, 8.02499771118164]}, "properties": {"precip_mm": 8.0}}, {"type": "Feature", "geometry": {"type": "Point", "coordinates": [-76.47500610351562, 8.02499771118164]}, "properties": {"precip_mm": 6.2}}, {"type": "Feature", "geometry": {"type": "Point", "coordinates": [-75.97500610351562, 8.02499771118164]}, "properties": {"precip_mm": 7.5}}, {"type": "Feature", "geometry": {"type": "Point", "coordinates": [-75.47500610351562, 8.02499771118164]}, "properties": {"precip_mm": 6.5}}, {"type": "Feature", "geometry": {"type": "Point", "coordinates": [-74.97500610351562, 8.02499771118164]}, "properties": {"precip_mm": 6.5}}, {"type": "Feature", "geometry": {"type": "Point", "coordinates": [-74.47500610351562, 8.02499771118164]}, "properties": {"precip_mm": 6.3}}, {"type": "Feature", "geometry": {"type": "Point", "coordinates": [-73.97500610351562, 8.02499771118164]}, "properties": {"precip_mm": 2.9}}, {"type": "Feature", "geometry": {"type": "Point", "coordinates": [-73.47500610351562, 8.02499771118164]}, "properties": {"precip_mm": 1.6}}, {"type": "Feature", "geometry": {"type": "Point", "coordinates": [-72.97500610351562, 8.02499771118164]}, "properties": {"precip_mm": 0.9}}, {"type": "Feature", "geometry": {"type": "Point", "coordinates": [-72.47500610351562, 8.02499771118164]}, "properties": {"precip_mm": 1.7}}, {"type": "Feature", "geometry": {"type": "Point", "coordinates": [-71.97500610351562, 8.02499771118164]}, "properties": {"precip_mm": 5.8}}, {"type": "Feature", "geometry": {"type": "Point", "coordinates": [-71.47500610351562, 8.02499771118164]}, "properties": {"precip_mm": 9.1}}, {"type": "Feature", "geometry": {"type": "Point", "coordinates": [-70.97500610351562, 8.02499771118164]}, "properties": {"precip_mm": 9.4}}, {"type": "Feature", "geometry": {"type": "Point", "coordinates": [-70.47500610351562, 8.02499771118164]}, "properties": {"precip_mm": 7.0}}, {"type": "Feature", "geometry": {"type": "Point", "coordinates": [-69.97500610351562, 8.02499771118164]}, "properties": {"precip_mm": 7.7}}, {"type": "Feature", "geometry": {"type": "Point", "coordinates": [-69.47500610351562, 8.02499771118164]}, "properties": {"precip_mm": 9.1}}, {"type": "Feature", "geometry": {"type": "Point", "coordinates": [-68.97500610351562, 8.02499771118164]}, "properties": {"precip_mm": 9.5}}, {"type": "Feature", "geometry": {"type": "Point", "coordinates": [-68.47500610351562, 8.02499771118164]}, "properties": {"precip_mm": 9.3}}, {"type": "Feature", "geometry": {"type": "Point", "coordinates": [-67.97500610351562, 8.02499771118164]}, "properties": {"precip_mm": 8.5}}, {"type": "Feature", "geometry": {"type": "Point", "coordinates": [-67.47500610351562, 8.02499771118164]}, "properties": {"precip_mm": 6.7}}, {"type": "Feature", "geometry": {"type": "Point", "coordinates": [-66.97500610351562, 8.02499771118164]}, "properties": {"precip_mm": 5.4}}, {"type": "Feature", "geometry": {"type": "Point", "coordinates": [-66.47500610351562, 8.02499771118164]}, "properties": {"precip_mm": 4.8}}, {"type": "Feature", "geometry": {"type": "Point", "coordinates": [-65.97500610351562, 8.02499771118164]}, "properties": {"precip_mm": 3.5}}, {"type": "Feature", "geometry": {"type": "Point", "coordinates": [-65.47500610351562, 8.02499771118164]}, "properties": {"precip_mm": 2.9}}, {"type": "Feature", "geometry": {"type": "Point", "coordinates": [-64.97500610351562, 8.02499771118164]}, "properties": {"precip_mm": 2.8}}, {"type": "Feature", "geometry": {"type": "Point", "coordinates": [-64.47500610351562, 8.02499771118164]}, "properties": {"precip_mm": 2.8}}, {"type": "Feature", "geometry": {"type": "Point", "coordinates": [-63.975006103515625, 8.02499771118164]}, "properties": {"precip_mm": 3.1}}, {"type": "Feature", "geometry": {"type": "Point", "coordinates": [-63.475006103515625, 8.02499771118164]}, "properties": {"precip_mm": 3.1}}, {"type": "Feature", "geometry": {"type": "Point", "coordinates": [-62.975006103515625, 8.02499771118164]}, "properties": {"precip_mm": 3.1}}, {"type": "Feature", "geometry": {"type": "Point", "coordinates": [-62.475006103515625, 8.02499771118164]}, "properties": {"precip_mm": 4.7}}, {"type": "Feature", "geometry": {"type": "Point", "coordinates": [-61.975006103515625, 8.02499771118164]}, "properties": {"precip_mm": 5.0}}, {"type": "Feature", "geometry": {"type": "Point", "coordinates": [-61.475006103515625, 8.02499771118164]}, "properties": {"precip_mm": 6.4}}, {"type": "Feature", "geometry": {"type": "Point", "coordinates": [-60.975006103515625, 8.02499771118164]}, "properties": {"precip_mm": 7.6}}, {"type": "Feature", "geometry": {"type": "Point", "coordinates": [-60.475006103515625, 8.02499771118164]}, "properties": {"precip_mm": 7.4}}, {"type": "Feature", "geometry": {"type": "Point", "coordinates": [-59.975006103515625, 8.02499771118164]}, "properties": {"precip_mm": 9.9}}, {"type": "Feature", "geometry": {"type": "Point", "coordinates": [-59.475006103515625, 8.02499771118164]}, "properties": {"precip_mm": 9.2}}, {"type": "Feature", "geometry": {"type": "Point", "coordinates": [-83.47500610351562, 8.52499771118164]}, "properties": {"precip_mm": 11.2}}, {"type": "Feature", "geometry": {"type": "Point", "coordinates": [-82.97500610351562, 8.52499771118164]}, "properties": {"precip_mm": 8.7}}, {"type": "Feature", "geometry": {"type": "Point", "coordinates": [-82.47500610351562, 8.52499771118164]}, "properties": {"precip_mm": 8.2}}, {"type": "Feature", "geometry": {"type": "Point", "coordinates": [-81.97500610351562, 8.52499771118164]}, "properties": {"precip_mm": 8.1}}, {"type": "Feature", "geometry": {"type": "Point", "coordinates": [-81.47500610351562, 8.52499771118164]}, "properties": {"precip_mm": 6.5}}, {"type": "Feature", "geometry": {"type": "Point", "coordinates": [-80.97500610351562, 8.52499771118164]}, "properties": {"precip_mm": 6.1}}, {"type": "Feature", "geometry": {"type": "Point", "coordinates": [-80.47500610351562, 8.52499771118164]}, "properties": {"precip_mm": 6.3}}, {"type": "Feature", "geometry": {"type": "Point", "coordinates": [-79.97500610351562, 8.52499771118164]}, "properties": {"precip_mm": 4.4}}, {"type": "Feature", "geometry": {"type": "Point", "coordinates": [-78.47500610351562, 8.52499771118164]}, "properties": {"precip_mm": 11.2}}, {"type": "Feature", "geometry": {"type": "Point", "coordinates": [-77.97500610351562, 8.52499771118164]}, "properties": {"precip_mm": 7.5}}, {"type": "Feature", "geometry": {"type": "Point", "coordinates": [-77.47500610351562, 8.52499771118164]}, "properties": {"precip_mm": 9.7}}, {"type": "Feature", "geometry": {"type": "Point", "coordinates": [-76.47500610351562, 8.52499771118164]}, "properties": {"precip_mm": 4.7}}, {"type": "Feature", "geometry": {"type": "Point", "coordinates": [-75.97500610351562, 8.52499771118164]}, "properties": {"precip_mm": 6.3}}, {"type": "Feature", "geometry": {"type": "Point", "coordinates": [-75.47500610351562, 8.52499771118164]}, "properties": {"precip_mm": 5.5}}, {"type": "Feature", "geometry": {"type": "Point", "coordinates": [-74.97500610351562, 8.52499771118164]}, "properties": {"precip_mm": 4.6}}, {"type": "Feature", "geometry": {"type": "Point", "coordinates": [-74.47500610351562, 8.52499771118164]}, "properties": {"precip_mm": 4.2}}, {"type": "Feature", "geometry": {"type": "Point", "coordinates": [-73.97500610351562, 8.52499771118164]}, "properties": {"precip_mm": 2.4}}, {"type": "Feature", "geometry": {"type": "Point", "coordinates": [-73.47500610351562, 8.52499771118164]}, "properties": {"precip_mm": 1.8}}, {"type": "Feature", "geometry": {"type": "Point", "coordinates": [-72.97500610351562, 8.52499771118164]}, "properties": {"precip_mm": 5.2}}, {"type": "Feature", "geometry": {"type": "Point", "coordinates": [-72.47500610351562, 8.52499771118164]}, "properties": {"precip_mm": 6.6}}, {"type": "Feature", "geometry": {"type": "Point", "coordinates": [-71.97500610351562, 8.52499771118164]}, "properties": {"precip_mm": 5.1}}, {"type": "Feature", "geometry": {"type": "Point", "coordinates": [-71.47500610351562, 8.52499771118164]}, "properties": {"precip_mm": 0.8}}, {"type": "Feature", "geometry": {"type": "Point", "coordinates": [-70.97500610351562, 8.52499771118164]}, "properties": {"precip_mm": 3.7}}, {"type": "Feature", "geometry": {"type": "Point", "coordinates": [-70.47500610351562, 8.52499771118164]}, "properties": {"precip_mm": 6.3}}, {"type": "Feature", "geometry": {"type": "Point", "coordinates": [-69.97500610351562, 8.52499771118164]}, "properties": {"precip_mm": 7.0}}, {"type": "Feature", "geometry": {"type": "Point", "coordinates": [-69.47500610351562, 8.52499771118164]}, "properties": {"precip_mm": 7.9}}, {"type": "Feature", "geometry": {"type": "Point", "coordinates": [-68.97500610351562, 8.52499771118164]}, "properties": {"precip_mm": 9.0}}, {"type": "Feature", "geometry": {"type": "Point", "coordinates": [-68.47500610351562, 8.52499771118164]}, "properties": {"precip_mm": 8.3}}, {"type": "Feature", "geometry": {"type": "Point", "coordinates": [-67.97500610351562, 8.52499771118164]}, "properties": {"precip_mm": 6.1}}, {"type": "Feature", "geometry": {"type": "Point", "coordinates": [-67.47500610351562, 8.52499771118164]}, "properties": {"precip_mm": 6.1}}, {"type": "Feature", "geometry": {"type": "Point", "coordinates": [-66.97500610351562, 8.52499771118164]}, "properties": {"precip_mm": 4.3}}, {"type": "Feature", "geometry": {"type": "Point", "coordinates": [-66.47500610351562, 8.52499771118164]}, "properties": {"precip_mm": 3.3}}, {"type": "Feature", "geometry": {"type": "Point", "coordinates": [-65.97500610351562, 8.52499771118164]}, "properties": {"precip_mm": 2.6}}, {"type": "Feature", "geometry": {"type": "Point", "coordinates": [-65.47500610351562, 8.52499771118164]}, "properties": {"precip_mm": 2.4}}, {"type": "Feature", "geometry": {"type": "Point", "coordinates": [-64.97500610351562, 8.52499771118164]}, "properties": {"precip_mm": 2.5}}, {"type": "Feature", "geometry": {"type": "Point", "coordinates": [-64.47500610351562, 8.52499771118164]}, "properties": {"precip_mm": 2.6}}, {"type": "Feature", "geometry": {"type": "Point", "coordinates": [-63.975006103515625, 8.52499771118164]}, "properties": {"precip_mm": 3.1}}, {"type": "Feature", "geometry": {"type": "Point", "coordinates": [-63.475006103515625, 8.52499771118164]}, "properties": {"precip_mm": 3.9}}, {"type": "Feature", "geometry": {"type": "Point", "coordinates": [-62.975006103515625, 8.52499771118164]}, "properties": {"precip_mm": 5.2}}, {"type": "Feature", "geometry": {"type": "Point", "coordinates": [-62.475006103515625, 8.52499771118164]}, "properties": {"precip_mm": 6.0}}, {"type": "Feature", "geometry": {"type": "Point", "coordinates": [-61.975006103515625, 8.52499771118164]}, "properties": {"precip_mm": 6.3}}, {"type": "Feature", "geometry": {"type": "Point", "coordinates": [-61.475006103515625, 8.52499771118164]}, "properties": {"precip_mm": 6.9}}, {"type": "Feature", "geometry": {"type": "Point", "coordinates": [-60.975006103515625, 8.52499771118164]}, "properties": {"precip_mm": 8.4}}, {"type": "Feature", "geometry": {"type": "Point", "coordinates": [-60.475006103515625, 8.52499771118164]}, "properties": {"precip_mm": 8.9}}, {"type": "Feature", "geometry": {"type": "Point", "coordinates": [-59.975006103515625, 8.52499771118164]}, "properties": {"precip_mm": 8.7}}, {"type": "Feature", "geometry": {"type": "Point", "coordinates": [-83.47500610351562, 9.02499771118164]}, "properties": {"precip_mm": 6.4}}, {"type": "Feature", "geometry": {"type": "Point", "coordinates": [-82.97500610351562, 9.02499771118164]}, "properties": {"precip_mm": 8.8}}, {"type": "Feature", "geometry": {"type": "Point", "coordinates": [-82.47500610351562, 9.02499771118164]}, "properties": {"precip_mm": 10.0}}, {"type": "Feature", "geometry": {"type": "Point", "coordinates": [-80.47500610351562, 9.02499771118164]}, "properties": {"precip_mm": 9.7}}, {"type": "Feature", "geometry": {"type": "Point", "coordinates": [-79.97500610351562, 9.02499771118164]}, "properties": {"precip_mm": 6.7}}, {"type": "Feature", "geometry": {"type": "Point", "coordinates": [-79.47500610351562, 9.02499771118164]}, "properties": {"precip_mm": 6.1}}, {"type": "Feature", "geometry": {"type": "Point", "coordinates": [-78.97500610351562, 9.02499771118164]}, "properties": {"precip_mm": 13.1}}, {"type": "Feature", "geometry": {"type": "Point", "coordinates": [-78.47500610351562, 9.02499771118164]}, "properties": {"precip_mm": 4.9}}, {"type": "Feature", "geometry": {"type": "Point", "coordinates": [-77.97500610351562, 9.02499771118164]}, "properties": {"precip_mm": 7.3}}, {"type": "Feature", "geometry": {"type": "Point", "coordinates": [-75.97500610351562, 9.02499771118164]}, "properties": {"precip_mm": 4.3}}, {"type": "Feature", "geometry": {"type": "Point", "coordinates": [-75.47500610351562, 9.02499771118164]}, "properties": {"precip_mm": 2.7}}, {"type": "Feature", "geometry": {"type": "Point", "coordinates": [-74.97500610351562, 9.02499771118164]}, "properties": {"precip_mm": 2.5}}, {"type": "Feature", "geometry": {"type": "Point", "coordinates": [-74.47500610351562, 9.02499771118164]}, "properties": {"precip_mm": 2.4}}, {"type": "Feature", "geometry": {"type": "Point", "coordinates": [-73.97500610351562, 9.02499771118164]}, "properties": {"precip_mm": 1.6}}, {"type": "Feature", "geometry": {"type": "Point", "coordinates": [-73.47500610351562, 9.02499771118164]}, "properties": {"precip_mm": 3.4}}, {"type": "Feature", "geometry": {"type": "Point", "coordinates": [-72.97500610351562, 9.02499771118164]}, "properties": {"precip_mm": 7.8}}, {"type": "Feature", "geometry": {"type": "Point", "coordinates": [-72.47500610351562, 9.02499771118164]}, "properties": {"precip_mm": 5.8}}, {"type": "Feature", "geometry": {"type": "Point", "coordinates": [-71.97500610351562, 9.02499771118164]}, "properties": {"precip_mm": 2.4}}, {"type": "Feature", "geometry": {"type": "Point", "coordinates": [-71.47500610351562, 9.02499771118164]}, "properties": {"precip_mm": 1.7}}, {"type": "Feature", "geometry": {"type": "Point", "coordinates": [-70.97500610351562, 9.02499771118164]}, "properties": {"precip_mm": 1.1}}, {"type": "Feature", "geometry": {"type": "Point", "coordinates": [-70.47500610351562, 9.02499771118164]}, "properties": {"precip_mm": 3.9}}, {"type": "Feature", "geometry": {"type": "Point", "coordinates": [-69.97500610351562, 9.02499771118164]}, "properties": {"precip_mm": 8.7}}, {"type": "Feature", "geometry": {"type": "Point", "coordinates": [-69.47500610351562, 9.02499771118164]}, "properties": {"precip_mm": 8.4}}, {"type": "Feature", "geometry": {"type": "Point", "coordinates": [-68.97500610351562, 9.02499771118164]}, "properties": {"precip_mm": 9.2}}, {"type": "Feature", "geometry": {"type": "Point", "coordinates": [-68.47500610351562, 9.02499771118164]}, "properties": {"precip_mm": 7.5}}, {"type": "Feature", "geometry": {"type": "Point", "coordinates": [-67.97500610351562, 9.02499771118164]}, "properties": {"precip_mm": 4.8}}, {"type": "Feature", "geometry": {"type": "Point", "coordinates": [-67.47500610351562, 9.02499771118164]}, "properties": {"precip_mm": 4.1}}, {"type": "Feature", "geometry": {"type": "Point", "coordinates": [-66.97500610351562, 9.02499771118164]}, "properties": {"precip_mm": 4.1}}, {"type": "Feature", "geometry": {"type": "Point", "coordinates": [-66.47500610351562, 9.02499771118164]}, "properties": {"precip_mm": 3.1}}, {"type": "Feature", "geometry": {"type": "Point", "coordinates": [-65.97500610351562, 9.02499771118164]}, "properties": {"precip_mm": 2.2}}, {"type": "Feature", "geometry": {"type": "Point", "coordinates": [-65.47500610351562, 9.02499771118164]}, "properties": {"precip_mm": 1.8}}, {"type": "Feature", "geometry": {"type": "Point", "coordinates": [-64.97500610351562, 9.02499771118164]}, "properties": {"precip_mm": 2.2}}, {"type": "Feature", "geometry": {"type": "Point", "coordinates": [-64.47500610351562, 9.02499771118164]}, "properties": {"precip_mm": 2.6}}, {"type": "Feature", "geometry": {"type": "Point", "coordinates": [-63.975006103515625, 9.02499771118164]}, "properties": {"precip_mm": 3.6}}, {"type": "Feature", "geometry": {"type": "Point", "coordinates": [-63.475006103515625, 9.02499771118164]}, "properties": {"precip_mm": 4.4}}, {"type": "Feature", "geometry": {"type": "Point", "coordinates": [-62.975006103515625, 9.02499771118164]}, "properties": {"precip_mm": 5.4}}, {"type": "Feature", "geometry": {"type": "Point", "coordinates": [-62.475006103515625, 9.02499771118164]}, "properties": {"precip_mm": 5.7}}, {"type": "Feature", "geometry": {"type": "Point", "coordinates": [-61.975006103515625, 9.02499771118164]}, "properties": {"precip_mm": 7.0}}, {"type": "Feature", "geometry": {"type": "Point", "coordinates": [-61.475006103515625, 9.02499771118164]}, "properties": {"precip_mm": 8.4}}, {"type": "Feature", "geometry": {"type": "Point", "coordinates": [-60.975006103515625, 9.02499771118164]}, "properties": {"precip_mm": 7.1}}, {"type": "Feature", "geometry": {"type": "Point", "coordinates": [-84.47500610351562, 9.52499771118164]}, "properties": {"precip_mm": 10.9}}, {"type": "Feature", "geometry": {"type": "Point", "coordinates": [-83.97500610351562, 9.52499771118164]}, "properties": {"precip_mm": 12.6}}, {"type": "Feature", "geometry": {"type": "Point", "coordinates": [-83.47500610351562, 9.52499771118164]}, "properties": {"precip_mm": 19.1}}, {"type": "Feature", "geometry": {"type": "Point", "coordinates": [-82.97500610351562, 9.52499771118164]}, "properties": {"precip_mm": 16.7}}, {"type": "Feature", "geometry": {"type": "Point", "coordinates": [-82.47500610351562, 9.52499771118164]}, "properties": {"precip_mm": 12.5}}, {"type": "Feature", "geometry": {"type": "Point", "coordinates": [-79.47500610351562, 9.52499771118164]}, "properties": {"precip_mm": 10.6}}, {"type": "Feature", "geometry": {"type": "Point", "coordinates": [-78.97500610351562, 9.52499771118164]}, "properties": {"precip_mm": 11.9}}, {"type": "Feature", "geometry": {"type": "Point", "coordinates": [-75.47500610351562, 9.52499771118164]}, "properties": {"precip_mm": 1.6}}, {"type": "Feature", "geometry": {"type": "Point", "coordinates": [-74.97500610351562, 9.52499771118164]}, "properties": {"precip_mm": 0.7}}, {"type": "Feature", "geometry": {"type": "Point", "coordinates": [-74.47500610351562, 9.52499771118164]}, "properties": {"precip_mm": 1.4}}, {"type": "Feature", "geometry": {"type": "Point", "coordinates": [-73.97500610351562, 9.52499771118164]}, "properties": {"precip_mm": 1.7}}, {"type": "Feature", "geometry": {"type": "Point", "coordinates": [-73.47500610351562, 9.52499771118164]}, "properties": {"precip_mm": 2.0}}, {"type": "Feature", "geometry": {"type": "Point", "coordinates": [-72.97500610351562, 9.52499771118164]}, "properties": {"precip_mm": 5.1}}, {"type": "Feature", "geometry": {"type": "Point", "coordinates": [-72.47500610351562, 9.52499771118164]}, "properties": {"precip_mm": 5.0}}, {"type": "Feature", "geometry": {"type": "Point", "coordinates": [-71.97500610351562, 9.52499771118164]}, "properties": {"precip_mm": 3.4}}, {"type": "Feature", "geometry": {"type": "Point", "coordinates": [-71.47500610351562, 9.52499771118164]}, "properties": {"precip_mm": 4.7}}, {"type": "Feature", "geometry": {"type": "Point", "coordinates": [-70.97500610351562, 9.52499771118164]}, "properties": {"precip_mm": 2.2}}, {"type": "Feature", "geometry": {"type": "Point", "coordinates": [-70.47500610351562, 9.52499771118164]}, "properties": {"precip_mm": 2.8}}, {"type": "Feature", "geometry": {"type": "Point", "coordinates": [-69.97500610351562, 9.52499771118164]}, "properties": {"precip_mm": 5.1}}, {"type": "Feature", "geometry": {"type": "Point", "coordinates": [-69.47500610351562, 9.52499771118164]}, "properties": {"precip_mm": 8.1}}, {"type": "Feature", "geometry": {"type": "Point", "coordinates": [-68.97500610351562, 9.52499771118164]}, "properties": {"precip_mm": 9.3}}, {"type": "Feature", "geometry": {"type": "Point", "coordinates": [-68.47500610351562, 9.52499771118164]}, "properties": {"precip_mm": 7.5}}, {"type": "Feature", "geometry": {"type": "Point", "coordinates": [-67.97500610351562, 9.52499771118164]}, "properties": {"precip_mm": 4.5}}, {"type": "Feature", "geometry": {"type": "Point", "coordinates": [-67.47500610351562, 9.52499771118164]}, "properties": {"precip_mm": 3.5}}, {"type": "Feature", "geometry": {"type": "Point", "coordinates": [-66.97500610351562, 9.52499771118164]}, "properties": {"precip_mm": 3.7}}, {"type": "Feature", "geometry": {"type": "Point", "coordinates": [-66.47500610351562, 9.52499771118164]}, "properties": {"precip_mm": 3.1}}, {"type": "Feature", "geometry": {"type": "Point", "coordinates": [-65.97500610351562, 9.52499771118164]}, "properties": {"precip_mm": 2.3}}, {"type": "Feature", "geometry": {"type": "Point", "coordinates": [-65.47500610351562, 9.52499771118164]}, "properties": {"precip_mm": 2.5}}, {"type": "Feature", "geometry": {"type": "Point", "coordinates": [-64.97500610351562, 9.52499771118164]}, "properties": {"precip_mm": 3.1}}, {"type": "Feature", "geometry": {"type": "Point", "coordinates": [-64.47500610351562, 9.52499771118164]}, "properties": {"precip_mm": 2.9}}, {"type": "Feature", "geometry": {"type": "Point", "coordinates": [-63.975006103515625, 9.52499771118164]}, "properties": {"precip_mm": 4.3}}, {"type": "Feature", "geometry": {"type": "Point", "coordinates": [-63.475006103515625, 9.52499771118164]}, "properties": {"precip_mm": 5.8}}, {"type": "Feature", "geometry": {"type": "Point", "coordinates": [-62.975006103515625, 9.52499771118164]}, "properties": {"precip_mm": 5.5}}, {"type": "Feature", "geometry": {"type": "Point", "coordinates": [-62.475006103515625, 9.52499771118164]}, "properties": {"precip_mm": 7.1}}, {"type": "Feature", "geometry": {"type": "Point", "coordinates": [-61.975006103515625, 9.52499771118164]}, "properties": {"precip_mm": 8.0}}, {"type": "Feature", "geometry": {"type": "Point", "coordinates": [-61.475006103515625, 9.52499771118164]}, "properties": {"precip_mm": 8.4}}, {"type": "Feature", "geometry": {"type": "Point", "coordinates": [-60.975006103515625, 9.52499771118164]}, "properties": {"precip_mm": 8.6}}, {"type": "Feature", "geometry": {"type": "Point", "coordinates": [-85.47500610351562, 10.02499771118164]}, "properties": {"precip_mm": 3.0}}, {"type": "Feature", "geometry": {"type": "Point", "coordinates": [-84.47500610351562, 10.02499771118164]}, "properties": {"precip_mm": 13.6}}, {"type": "Feature", "geometry": {"type": "Point", "coordinates": [-83.97500610351562, 10.02499771118164]}, "properties": {"precip_mm": 11.2}}, {"type": "Feature", "geometry": {"type": "Point", "coordinates": [-83.47500610351562, 10.02499771118164]}, "properties": {"precip_mm": 33.6}}, {"type": "Feature", "geometry": {"type": "Point", "coordinates": [-75.47500610351562, 10.02499771118164]}, "properties": {"precip_mm": 2.0}}, {"type": "Feature", "geometry": {"type": "Point", "coordinates": [-74.97500610351562, 10.02499771118164]}, "properties": {"precip_mm": 2.4}}, {"type": "Feature", "geometry": {"type": "Point", "coordinates": [-74.47500610351562, 10.02499771118164]}, "properties": {"precip_mm": 1.6}}, {"type": "Feature", "geometry": {"type": "Point", "coordinates": [-73.97500610351562, 10.02499771118164]}, "properties": {"precip_mm": 1.6}}, {"type": "Feature", "geometry": {"type": "Point", "coordinates": [-73.47500610351562, 10.02499771118164]}, "properties": {"precip_mm": 1.3}}, {"type": "Feature", "geometry": {"type": "Point", "coordinates": [-72.97500610351562, 10.02499771118164]}, "properties": {"precip_mm": 3.2}}, {"type": "Feature", "geometry": {"type": "Point", "coordinates": [-72.47500610351562, 10.02499771118164]}, "properties": {"precip_mm": 3.6}}, {"type": "Feature", "geometry": {"type": "Point", "coordinates": [-71.97500610351562, 10.02499771118164]}, "properties": {"precip_mm": 1.9}}, {"type": "Feature", "geometry": {"type": "Point", "coordinates": [-71.47500610351562, 10.02499771118164]}, "properties": {"precip_mm": 0.9}}, {"type": "Feature", "geometry": {"type": "Point", "coordinates": [-70.97500610351562, 10.02499771118164]}, "properties": {"precip_mm": 2.0}}, {"type": "Feature", "geometry": {"type": "Point", "coordinates": [-70.47500610351562, 10.02499771118164]}, "properties": {"precip_mm": 2.7}}, {"type": "Feature", "geometry": {"type": "Point", "coordinates": [-69.97500610351562, 10.02499771118164]}, "properties": {"precip_mm": 1.8}}, {"type": "Feature", "geometry": {"type": "Point", "coordinates": [-69.47500610351562, 10.02499771118164]}, "properties": {"precip_mm": 1.1}}, {"type": "Feature", "geometry": {"type": "Point", "coordinates": [-68.97500610351562, 10.02499771118164]}, "properties": {"precip_mm": 5.6}}, {"type": "Feature", "geometry": {"type": "Point", "coordinates": [-68.47500610351562, 10.02499771118164]}, "properties": {"precip_mm": 5.2}}, {"type": "Feature", "geometry": {"type": "Point", "coordinates": [-67.97500610351562, 10.02499771118164]}, "properties": {"precip_mm": 3.4}}, {"type": "Feature", "geometry": {"type": "Point", "coordinates": [-67.47500610351562, 10.02499771118164]}, "properties": {"precip_mm": 2.9}}, {"type": "Feature", "geometry": {"type": "Point", "coordinates": [-66.97500610351562, 10.02499771118164]}, "properties": {"precip_mm": 4.0}}, {"type": "Feature", "geometry": {"type": "Point", "coordinates": [-66.47500610351562, 10.02499771118164]}, "properties": {"precip_mm": 4.1}}, {"type": "Feature", "geometry": {"type": "Point", "coordinates": [-65.97500610351562, 10.02499771118164]}, "properties": {"precip_mm": 3.0}}, {"type": "Feature", "geometry": {"type": "Point", "coordinates": [-65.47500610351562, 10.02499771118164]}, "properties": {"precip_mm": 2.8}}, {"type": "Feature", "geometry": {"type": "Point", "coordinates": [-64.97500610351562, 10.02499771118164]}, "properties": {"precip_mm": 3.1}}, {"type": "Feature", "geometry": {"type": "Point", "coordinates": [-64.47500610351562, 10.02499771118164]}, "properties": {"precip_mm": 4.6}}, {"type": "Feature", "geometry": {"type": "Point", "coordinates": [-63.975006103515625, 10.02499771118164]}, "properties": {"precip_mm": 5.1}}, {"type": "Feature", "geometry": {"type": "Point", "coordinates": [-63.475006103515625, 10.02499771118164]}, "properties": {"precip_mm": 4.3}}, {"type": "Feature", "geometry": {"type": "Point", "coordinates": [-62.975006103515625, 10.02499771118164]}, "properties": {"precip_mm": 6.9}}, {"type": "Feature", "geometry": {"type": "Point", "coordinates": [-62.475006103515625, 10.02499771118164]}, "properties": {"precip_mm": 6.3}}, {"type": "Feature", "geometry": {"type": "Point", "coordinates": [-85.47500610351562, 10.52499771118164]}, "properties": {"precip_mm": 1.7}}, {"type": "Feature", "geometry": {"type": "Point", "coordinates": [-84.97500610351562, 10.52499771118164]}, "properties": {"precip_mm": 4.1}}, {"type": "Feature", "geometry": {"type": "Point", "coordinates": [-84.47500610351562, 10.52499771118164]}, "properties": {"precip_mm": 12.7}}, {"type": "Feature", "geometry": {"type": "Point", "coordinates": [-83.97500610351562, 10.52499771118164]}, "properties": {"precip_mm": 24.1}}, {"type": "Feature", "geometry": {"type": "Point", "coordinates": [-83.47500610351562, 10.52499771118164]}, "properties": {"precip_mm": 29.3}}, {"type": "Feature", "geometry": {"type": "Point", "coordinates": [-75.47500610351562, 10.52499771118164]}, "properties": {"precip_mm": 1.3}}, {"type": "Feature", "geometry": {"type": "Point", "coordinates": [-74.97500610351562, 10.52499771118164]}, "properties": {"precip_mm": 1.1}}, {"type": "Feature", "geometry": {"type": "Point", "coordinates": [-74.47500610351562, 10.52499771118164]}, "properties": {"precip_mm": 0.8}}, {"type": "Feature", "geometry": {"type": "Point", "coordinates": [-73.97500610351562, 10.52499771118164]}, "properties": {"precip_mm": 1.5}}, {"type": "Feature", "geometry": {"type": "Point", "coordinates": [-73.47500610351562, 10.52499771118164]}, "properties": {"precip_mm": 2.4}}, {"type": "Feature", "geometry": {"type": "Point", "coordinates": [-72.97500610351562, 10.52499771118164]}, "properties": {"precip_mm": 1.3}}, {"type": "Feature", "geometry": {"type": "Point", "coordinates": [-72.47500610351562, 10.52499771118164]}, "properties": {"precip_mm": 2.7}}, {"type": "Feature", "geometry": {"type": "Point", "coordinates": [-71.97500610351562, 10.52499771118164]}, "properties": {"precip_mm": 1.4}}, {"type": "Feature", "geometry": {"type": "Point", "coordinates": [-71.47500610351562, 10.52499771118164]}, "properties": {"precip_mm": 0.6}}, {"type": "Feature", "geometry": {"type": "Point", "coordinates": [-70.97500610351562, 10.52499771118164]}, "properties": {"precip_mm": 2.4}}, {"type": "Feature", "geometry": {"type": "Point", "coordinates": [-70.47500610351562, 10.52499771118164]}, "properties": {"precip_mm": 1.8}}, {"type": "Feature", "geometry": {"type": "Point", "coordinates": [-69.97500610351562, 10.52499771118164]}, "properties": {"precip_mm": 1.3}}, {"type": "Feature", "geometry": {"type": "Point", "coordinates": [-69.47500610351562, 10.52499771118164]}, "properties": {"precip_mm": 3.2}}, {"type": "Feature", "geometry": {"type": "Point", "coordinates": [-68.97500610351562, 10.52499771118164]}, "properties": {"precip_mm": 4.8}}, {"type": "Feature", "geometry": {"type": "Point", "coordinates": [-68.47500610351562, 10.52499771118164]}, "properties": {"precip_mm": 3.0}}, {"type": "Feature", "geometry": {"type": "Point", "coordinates": [-67.47500610351562, 10.52499771118164]}, "properties": {"precip_mm": 4.1}}, {"type": "Feature", "geometry": {"type": "Point", "coordinates": [-66.97500610351562, 10.52499771118164]}, "properties": {"precip_mm": 2.7}}, {"type": "Feature", "geometry": {"type": "Point", "coordinates": [-66.47500610351562, 10.52499771118164]}, "properties": {"precip_mm": 2.7}}, {"type": "Feature", "geometry": {"type": "Point", "coordinates": [-63.975006103515625, 10.52499771118164]}, "properties": {"precip_mm": 0.5}}, {"type": "Feature", "geometry": {"type": "Point", "coordinates": [-63.475006103515625, 10.52499771118164]}, "properties": {"precip_mm": 2.9}}, {"type": "Feature", "geometry": {"type": "Point", "coordinates": [-62.975006103515625, 10.52499771118164]}, "properties": {"precip_mm": 5.8}}, {"type": "Feature", "geometry": {"type": "Point", "coordinates": [-62.475006103515625, 10.52499771118164]}, "properties": {"precip_mm": 3.3}}, {"type": "Feature", "geometry": {"type": "Point", "coordinates": [-61.475006103515625, 10.52499771118164]}, "properties": {"precip_mm": 4.6}}, {"type": "Feature", "geometry": {"type": "Point", "coordinates": [-85.47500610351562, 11.02499771118164]}, "properties": {"precip_mm": 2.6}}, {"type": "Feature", "geometry": {"type": "Point", "coordinates": [-84.97500610351562, 11.02499771118164]}, "properties": {"precip_mm": 3.3}}, {"type": "Feature", "geometry": {"type": "Point", "coordinates": [-84.47500610351562, 11.02499771118164]}, "properties": {"precip_mm": 20.8}}, {"type": "Feature", "geometry": {"type": "Point", "coordinates": [-83.97500610351562, 11.02499771118164]}, "properties": {"precip_mm": 34.2}}, {"type": "Feature", "geometry": {"type": "Point", "coordinates": [-74.97500610351562, 11.02499771118164]}, "properties": {"precip_mm": 0.9}}, {"type": "Feature", "geometry": {"type": "Point", "coordinates": [-73.97500610351562, 11.02499771118164]}, "properties": {"precip_mm": 2.1}}, {"type": "Feature", "geometry": {"type": "Point", "coordinates": [-73.47500610351562, 11.02499771118164]}, "properties": {"precip_mm": 2.3}}, {"type": "Feature", "geometry": {"type": "Point", "coordinates": [-72.97500610351562, 11.02499771118164]}, "properties": {"precip_mm": 1.4}}, {"type": "Feature", "geometry": {"type": "Point", "coordinates": [-72.47500610351562, 11.02499771118164]}, "properties": {"precip_mm": 1.6}}, {"type": "Feature", "geometry": {"type": "Point", "coordinates": [-71.97500610351562, 11.02499771118164]}, "properties": {"precip_mm": 0.9}}, {"type": "Feature", "geometry": {"type": "Point", "coordinates": [-70.97500610351562, 11.02499771118164]}, "properties": {"precip_mm": 0.5}}, {"type": "Feature", "geometry": {"type": "Point", "coordinates": [-70.47500610351562, 11.02499771118164]}, "properties": {"precip_mm": 1.0}}, {"type": "Feature", "geometry": {"type": "Point", "coordinates": [-69.97500610351562, 11.02499771118164]}, "properties": {"precip_mm": 0.6}}, {"type": "Feature", "geometry": {"type": "Point", "coordinates": [-69.47500610351562, 11.02499771118164]}, "properties": {"precip_mm": 3.1}}, {"type": "Feature", "geometry": {"type": "Point", "coordinates": [-68.97500610351562, 11.02499771118164]}, "properties": {"precip_mm": 3.7}}, {"type": "Feature", "geometry": {"type": "Point", "coordinates": [-68.47500610351562, 11.02499771118164]}, "properties": {"precip_mm": 2.1}}, {"type": "Feature", "geometry": {"type": "Point", "coordinates": [-63.975006103515625, 11.02499771118164]}, "properties": {"precip_mm": 1.1}}, {"type": "Feature", "geometry": {"type": "Point", "coordinates": [-85.97500610351562, 11.52499771118164]}, "properties": {"precip_mm": 1.8}}, {"type": "Feature", "geometry": {"type": "Point", "coordinates": [-85.47500610351562, 11.52499771118164]}, "properties": {"precip_mm": 1.8}}, {"type": "Feature", "geometry": {"type": "Point", "coordinates": [-84.97500610351562, 11.52499771118164]}, "properties": {"precip_mm": 5.9}}, {"type": "Feature", "geometry": {"type": "Point", "coordinates": [-84.47500610351562, 11.52499771118164]}, "properties": {"precip_mm": 18.5}}, {"type": "Feature", "geometry": {"type": "Point", "coordinates": [-83.97500610351562, 11.52499771118164]}, "properties": {"precip_mm": 29.5}}, {"type": "Feature", "geometry": {"type": "Point", "coordinates": [-72.97500610351562, 11.52499771118164]}, "properties": {"precip_mm": 0.6}}, {"type": "Feature", "geometry": {"type": "Point", "coordinates": [-72.47500610351562, 11.52499771118164]}, "properties": {"precip_mm": 0.1}}, {"type": "Feature", "geometry": {"type": "Point", "coordinates": [-71.97500610351562, 11.52499771118164]}, "properties": {"precip_mm": 0.1}}, {"type": "Feature", "geometry": {"type": "Point", "coordinates": [-69.97500610351562, 11.52499771118164]}, "properties": {"precip_mm": 0.4}}, {"type": "Feature", "geometry": {"type": "Point", "coordinates": [-69.47500610351562, 11.52499771118164]}, "properties": {"precip_mm": 1.3}}, {"type": "Feature", "geometry": {"type": "Point", "coordinates": [-86.47500610351562, 12.02499771118164]}, "properties": {"precip_mm": 1.1}}, {"type": "Feature", "geometry": {"type": "Point", "coordinates": [-85.97500610351562, 12.02499771118164]}, "properties": {"precip_mm": 3.1}}, {"type": "Feature", "geometry": {"type": "Point", "coordinates": [-85.47500610351562, 12.02499771118164]}, "properties": {"precip_mm": 4.8}}, {"type": "Feature", "geometry": {"type": "Point", "coordinates": [-84.97500610351562, 12.02499771118164]}, "properties": {"precip_mm": 12.7}}, {"type": "Feature", "geometry": {"type": "Point", "coordinates": [-84.47500610351562, 12.02499771118164]}, "properties": {"precip_mm": 20.2}}, {"type": "Feature", "geometry": {"type": "Point", "coordinates": [-83.97500610351562, 12.02499771118164]}, "properties": {"precip_mm": 25.0}}, {"type": "Feature", "geometry": {"type": "Point", "coordinates": [-71.97500610351562, 12.02499771118164]}, "properties": {"precip_mm": 0.0}}, {"type": "Feature", "geometry": {"type": "Point", "coordinates": [-71.47500610351562, 12.02499771118164]}, "properties": {"precip_mm": 0.0}}, {"type": "Feature", "geometry": {"type": "Point", "coordinates": [-69.97500610351562, 12.02499771118164]}, "properties": {"precip_mm": 1.5}}, {"type": "Feature", "geometry": {"type": "Point", "coordinates": [-86.97500610351562, 12.52499771118164]}, "properties": {"precip_mm": 1.4}}, {"type": "Feature", "geometry": {"type": "Point", "coordinates": [-86.47500610351562, 12.52499771118164]}, "properties": {"precip_mm": 1.0}}, {"type": "Feature", "geometry": {"type": "Point", "coordinates": [-85.97500610351562, 12.52499771118164]}, "properties": {"precip_mm": 1.9}}, {"type": "Feature", "geometry": {"type": "Point", "coordinates": [-85.47500610351562, 12.52499771118164]}, "properties": {"precip_mm": 4.6}}, {"type": "Feature", "geometry": {"type": "Point", "coordinates": [-84.97500610351562, 12.52499771118164]}, "properties": {"precip_mm": 10.3}}, {"type": "Feature", "geometry": {"type": "Point", "coordinates": [-84.47500610351562, 12.52499771118164]}, "properties": {"precip_mm": 18.9}}, {"type": "Feature", "geometry": {"type": "Point", "coordinates": [-83.97500610351562, 12.52499771118164]}, "properties": {"precip_mm": 21.1}}, {"type": "Feature", "geometry": {"type": "Point", "coordinates": [-69.97500610351562, 12.52499771118164]}, "properties": {"precip_mm": 1.0}}, {"type": "Feature", "geometry": {"type": "Point", "coordinates": [-61.475006103515625, 12.52499771118164]}, "properties": {"precip_mm": 6.6}}, {"type": "Feature", "geometry": {"type": "Point", "coordinates": [-87.47500610351562, 13.02499771118164]}, "properties": {"precip_mm": 1.8}}, {"type": "Feature", "geometry": {"type": "Point", "coordinates": [-86.97500610351562, 13.02499771118164]}, "properties": {"precip_mm": 1.9}}, {"type": "Feature", "geometry": {"type": "Point", "coordinates": [-86.47500610351562, 13.02499771118164]}, "properties": {"precip_mm": 1.4}}, {"type": "Feature", "geometry": {"type": "Point", "coordinates": [-85.97500610351562, 13.02499771118164]}, "properties": {"precip_mm": 2.1}}, {"type": "Feature", "geometry": {"type": "Point", "coordinates": [-85.47500610351562, 13.02499771118164]}, "properties": {"precip_mm": 4.7}}, {"type": "Feature", "geometry": {"type": "Point", "coordinates": [-84.97500610351562, 13.02499771118164]}, "properties": {"precip_mm": 8.9}}, {"type": "Feature", "geometry": {"type": "Point", "coordinates": [-84.47500610351562, 13.02499771118164]}, "properties": {"precip_mm": 12.8}}, {"type": "Feature", "geometry": {"type": "Point", "coordinates": [-83.97500610351562, 13.02499771118164]}, "properties": {"precip_mm": 18.4}}, {"type": "Feature", "geometry": {"type": "Point", "coordinates": [-89.47500610351562, 13.52499771118164]}, "properties": {"precip_mm": 4.7}}, {"type": "Feature", "geometry": {"type": "Point", "coordinates": [-88.97500610351562, 13.52499771118164]}, "properties": {"precip_mm": 4.1}}, {"type": "Feature", "geometry": {"type": "Point", "coordinates": [-88.47500610351562, 13.52499771118164]}, "properties": {"precip_mm": 4.2}}, {"type": "Feature", "geometry": {"type": "Point", "coordinates": [-87.97500610351562, 13.52499771118164]}, "properties": {"precip_mm": 2.2}}, {"type": "Feature", "geometry": {"type": "Point", "coordinates": [-87.47500610351562, 13.52499771118164]}, "properties": {"precip_mm": 1.6}}, {"type": "Feature", "geometry": {"type": "Point", "coordinates": [-86.97500610351562, 13.52499771118164]}, "properties": {"precip_mm": 1.0}}, {"type": "Feature", "geometry": {"type": "Point", "coordinates": [-86.47500610351562, 13.52499771118164]}, "properties": {"precip_mm": 1.4}}, {"type": "Feature", "geometry": {"type": "Point", "coordinates": [-85.97500610351562, 13.52499771118164]}, "properties": {"precip_mm": 3.4}}, {"type": "Feature", "geometry": {"type": "Point", "coordinates": [-85.47500610351562, 13.52499771118164]}, "properties": {"precip_mm": 7.0}}, {"type": "Feature", "geometry": {"type": "Point", "coordinates": [-84.97500610351562, 13.52499771118164]}, "properties": {"precip_mm": 11.3}}, {"type": "Feature", "geometry": {"type": "Point", "coordinates": [-84.47500610351562, 13.52499771118164]}, "properties": {"precip_mm": 14.2}}, {"type": "Feature", "geometry": {"type": "Point", "coordinates": [-83.97500610351562, 13.52499771118164]}, "properties": {"precip_mm": 14.5}}, {"type": "Feature", "geometry": {"type": "Point", "coordinates": [-89.97500610351562, 14.02499771118164]}, "properties": {"precip_mm": 3.5}}, {"type": "Feature", "geometry": {"type": "Point", "coordinates": [-89.47500610351562, 14.02499771118164]}, "properties": {"precip_mm": 4.6}}, {"type": "Feature", "geometry": {"type": "Point", "coordinates": [-88.97500610351562, 14.02499771118164]}, "properties": {"precip_mm": 4.4}}, {"type": "Feature", "geometry": {"type": "Point", "coordinates": [-88.47500610351562, 14.02499771118164]}, "properties": {"precip_mm": 4.0}}, {"type": "Feature", "geometry": {"type": "Point", "coordinates": [-87.97500610351562, 14.02499771118164]}, "properties": {"precip_mm": 2.6}}, {"type": "Feature", "geometry": {"type": "Point", "coordinates": [-87.47500610351562, 14.02499771118164]}, "properties": {"precip_mm": 1.9}}, {"type": "Feature", "geometry": {"type": "Point", "coordinates": [-86.97500610351562, 14.02499771118164]}, "properties": {"precip_mm": 1.9}}, {"type": "Feature", "geometry": {"type": "Point", "coordinates": [-86.47500610351562, 14.02499771118164]}, "properties": {"precip_mm": 2.8}}, {"type": "Feature", "geometry": {"type": "Point", "coordinates": [-85.97500610351562, 14.02499771118164]}, "properties": {"precip_mm": 3.7}}, {"type": "Feature", "geometry": {"type": "Point", "coordinates": [-85.47500610351562, 14.02499771118164]}, "properties": {"precip_mm": 6.2}}, {"type": "Feature", "geometry": {"type": "Point", "coordinates": [-84.97500610351562, 14.02499771118164]}, "properties": {"precip_mm": 13.6}}, {"type": "Feature", "geometry": {"type": "Point", "coordinates": [-84.47500610351562, 14.02499771118164]}, "properties": {"precip_mm": 21.5}}, {"type": "Feature", "geometry": {"type": "Point", "coordinates": [-83.97500610351562, 14.02499771118164]}, "properties": {"precip_mm": 17.6}}, {"type": "Feature", "geometry": {"type": "Point", "coordinates": [-83.47500610351562, 14.02499771118164]}, "properties": {"precip_mm": 15.7}}, {"type": "Feature", "geometry": {"type": "Point", "coordinates": [-60.975006103515625, 14.02499771118164]}, "properties": {"precip_mm": 4.3}}, {"type": "Feature", "geometry": {"type": "Point", "coordinates": [-89.97500610351562, 14.524993896484375]}, "properties": {"precip_mm": 1.6}}, {"type": "Feature", "geometry": {"type": "Point", "coordinates": [-89.47500610351562, 14.524993896484375]}, "properties": {"precip_mm": 1.7}}, {"type": "Feature", "geometry": {"type": "Point", "coordinates": [-88.97500610351562, 14.524993896484375]}, "properties": {"precip_mm": 2.0}}, {"type": "Feature", "geometry": {"type": "Point", "coordinates": [-88.47500610351562, 14.524993896484375]}, "properties": {"precip_mm": 2.2}}, {"type": "Feature", "geometry": {"type": "Point", "coordinates": [-87.97500610351562, 14.524993896484375]}, "properties": {"precip_mm": 2.5}}, {"type": "Feature", "geometry": {"type": "Point", "coordinates": [-87.47500610351562, 14.524993896484375]}, "properties": {"precip_mm": 3.1}}, {"type": "Feature", "geometry": {"type": "Point", "coordinates": [-86.97500610351562, 14.524993896484375]}, "properties": {"precip_mm": 2.1}}, {"type": "Feature", "geometry": {"type": "Point", "coordinates": [-86.47500610351562, 14.524993896484375]}, "properties": {"precip_mm": 4.2}}, {"type": "Feature", "geometry": {"type": "Point", "coordinates": [-85.97500610351562, 14.524993896484375]}, "properties": {"precip_mm": 6.4}}, {"type": "Feature", "geometry": {"type": "Point", "coordinates": [-85.47500610351562, 14.524993896484375]}, "properties": {"precip_mm": 9.3}}, {"type": "Feature", "geometry": {"type": "Point", "coordinates": [-84.97500610351562, 14.524993896484375]}, "properties": {"precip_mm": 18.4}}, {"type": "Feature", "geometry": {"type": "Point", "coordinates": [-84.47500610351562, 14.524993896484375]}, "properties": {"precip_mm": 19.5}}, {"type": "Feature", "geometry": {"type": "Point", "coordinates": [-83.97500610351562, 14.524993896484375]}, "properties": {"precip_mm": 17.0}}, {"type": "Feature", "geometry": {"type": "Point", "coordinates": [-83.47500610351562, 14.524993896484375]}, "properties": {"precip_mm": 12.8}}, {"type": "Feature", "geometry": {"type": "Point", "coordinates": [-60.975006103515625, 14.524993896484375]}, "properties": {"precip_mm": 2.4}}]}