fecha,valor,error,iwv_kg_m2
2025-12-15 00:00:00,1827.2,0.9,
2025-12-15 01:00:00,1829.1,0.7,
2025-12-15 02:00:00,1855.0,0.8,
2025-12-15 03:00:00,1833.7,0.8,
2025-12-15 04:00:00,1826.5,0.6,
2025-12-15 05:00:00,1833.6,0.6,
2025-12-15 06:00:00,1825.1,0.5,
2025-12-15 07:00:00,1821.3,0.6,
2025-12-15 08:00:00,1820.9,0.5,
2025-12-15 09:00:00,1811.2,0.5,
2025-12-15 10:00:00,1810.2,0.6,
2025-12-15 11:00:00,1809.1,0.5,
2025-12-15 12:00:00,1810.0,0.6,
2025-12-15 13:00:00,1810.7,0.6,
2025-12-15 14:00:00,1821.8,0.6,
2025-12-15 15:00:00,1819.2,0.6,
2025-12-15 16:00:00,1829.1,0.8,
2025-12-15 17:00:00,1816.2,1.2,
2025-12-15 18:00:00,1841.0,1.0,
2025-12-15 19:00:00,1839.0,0.6,
2025-12-15 20:00:00,1847.5,0.6,
2025-12-15 21:00:00,1828.4,0.5,
2025-12-15 22:00:00,1846.9,0.6,
2025-12-15 23:00:00,1844.7,0.6,
2025-12-16 00:00:00,1841.6,0.8,
2025-12-16 01:00:00,1843.0,0.9,
2025-12-16 02:00:00,1842.2,1.3,
2025-12-16 03:00:00,1834.8,0.8,
2025-12-16 04:00:00,1831.0,0.7,
2025-12-16 05:00:00,1827.2,0.7,
2025-12-16 06:00:00,1827.8,0.7,
2025-12-16 07:00:00,1816.4,0.6,
2025-12-16 08:00:00,1821.3,0.6,
2025-12-16 09:00:00,1811.9,0.6,
2025-12-16 10:00:00,1816.0,0.7,
2025-12-16 11:00:00,1816.8,0.7,
2025-12-16 12:00:00,1818.4,0.8,
2025-12-16 13:00:00,1820.4,0.7,
2025-12-16 14:00:00,1819.7,0.8,
2025-12-16 15:00:00,1820.4,0.7,
2025-12-16 16:00:00,1824.2,0.7,
2025-12-16 17:00:00,1820.7,0.6,
2025-12-16 18:00:00,1821.7,0.7,
2025-12-16 19:00:00,1843.8,0.7,
2025-12-16 20:00:00,1837.7,0.7,
2025-12-16 21:00:00,1846.8,0.7,
2025-12-16 22:00:00,1853.2,0.8,
2025-12-16 23:00:00,1849.3,0.8,
2025-12-17 00:00:00,1849.3,1.0,
2025-12-17 01:00:00,1838.6,0.7,
2025-12-17 02:00:00,1847.3,0.7,
2025-12-17 03:00:00,1831.8,0.7,
2025-12-17 04:00:00,1827.7,0.8,
2025-12-17 05:00:00,1825.2,0.7,
2025-12-17 06:00:00,1822.4,0.6,
2025-12-17 07:00:00,1825.0,0.6,
2025-12-17 08:00:00,1823.2,0.6,
2025-12-17 09:00:00,1823.0,0.6,
2025-12-17 10:00:00,1820.3,0.6,
2025-12-17 11:00:00,1818.3,0.6,
2025-12-17 12:00:00,1820.2,0.7,
2025-12-17 13:00:00,1821.2,0.7,
2025-12-17 14:00:00,1821.3,0.7,
2025-12-17 15:00:00,1828.0,0.7,
2025-12-17 16:00:00,1830.5,0.6,
2025-12-17 17:00:00,1823.8,0.6,
2025-12-17 18:00:00,1831.6,0.6,
2025-12-17 19:00:00,1836.8,0.7,
2025-12-17 20:00:00,1856.5,0.7,
2025-12-17 21:00:00,1846.8,0.7,
2025-12-17 22:00:00,1855.7,0.6,
2025-12-17 23:00:00,1851.2,0.7,
2025-12-18 00:00:00,1851.0,1.0,
2025-12-18 01:00:00,1842.4,0.8,
2025-12-18 02:00:00,1837.5,1.0,
2025-12-18 03:00:00,1844.2,0.8,
2025-12-18 04:00:00,1834.8,0.7,
2025-12-18 05:00:00,1829.0,0.6,
2025-12-18 06:00:00,1829.1,0.6,
2025-12-18 07:00:00,1831.5,0.6,
2025-12-18 08:00:00,1824.0,0.5,
2025-12-18 09:00:00,1815.1,0.5,
2025-12-18 10:00:00,1814.6,0.6,
2025-12-18 11:00:00,1821.3,0.6,
2025-12-18 12:00:00,1818.7,0.6,
2025-12-18 13:00:00,1812.7,0.6,
2025-12-18 14:00:00,1810.9,0.6,
2025-12-18 15:00:00,1819.6,0.5,
2025-12-18 16:00:00,1817.7,0.6,
2025-12-18 17:00:00,1829.0,0.5,
2025-12-18 18:00:00,1844.8,0.6,
2025-12-18 19:00:00,1846.0,0.6,
2025-12-18 20:00:00,1848.1,0.6,
2025-12-18 21:00:00,1868.8,0.6,
2025-12-18 22:00:00,1857.7,0.7,
2025-12-18 23:00:00,1845.8,0.6,
2025-12-19 00:00:00,1850.9,0.8,
2025-12-19 01:00:00,1855.3,0.9,
2025-12-19 02:00:00,1877.4,1.1,
2025-12-19 03:00:00,1854.8,1.0,
2025-12-19 04:00:00,1832.4,0.9,
2025-12-19 05:00:00,1842.9,0.8,
2025-12-19 06:00:00,1838.0,0.7,
2025-12-19 07:00:00,1845.0,0.7,
2025-12-19 08:00:00,1828.1,0.6,
2025-12-19 09:00:00,1826.6,0.6,
2025-12-19 10:00:00,1816.9,0.7,
2025-12-19 11:00:00,1811.6,0.7,
2025-12-19 12:00:00,1816.4,0.7,
2025-12-19 13:00:00,1814.5,0.7,
2025-12-19 14:00:00,1827.0,0.8,
2025-12-19 15:00:00,1825.3,0.7,
2025-12-19 16:00:00,1829.8,0.7,
2025-12-19 17:00:00,1831.3,0.7,
2025-12-19 18:00:00,1830.5,0.7,
2025-12-19 19:00:00,1851.1,0.7,
2025-12-19 20:00:00,1839.7,0.7,
2025-12-19 21:00:00,1845.9,0.7,
2025-12-19 22:00:00,1840.3,0.7,
2025-12-19 23:00:00,1845.2,0.7,
2025-12-20 00:00:00,1856.9,0.9,
2025-12-20 01:00:00,1847.0,0.6,
2025-12-20 02:00:00,1855.4,0.6,
2025-12-20 03:00:00,1848.8,0.7,
2025-12-20 04:00:00,1848.8,0.6,
2025-12-20 05:00:00,1857.2,0.5,
2025-12-20 06:00:00,1844.0,0.5,
2025-12-20 07:00:00,1847.6,0.5,
2025-12-20 08:00:00,1851.3,0.5,
2025-12-20 09:00:00,1854.6,0.5,
2025-12-20 10:00:00,1854.9,0.5,
2025-12-20 11:00:00,1850.1,0.5,
2025-12-20 12:00:00,1858.6,0.6,
2025-12-20 13:00:00,1861.4,0.5,
2025-12-20 14:00:00,1858.4,0.6,
2025-12-20 15:00:00,1862.5,0.6,
2025-12-20 16:00:00,1860.7,0.6,
2025-12-20 17:00:00,1861.5,0.5,
2025-12-20 18:00:00,1859.4,0.5,
2025-12-20 19:00:00,1860.0,0.5,
2025-12-20 20:00:00,1853.0,0.6,
2025-12-20 21:00:00,1839.1,0.6,
2025-12-20 22:00:00,1835.1,0.5,
2025-12-20 23:00:00,1850.7,0.6,
2025-12-21 00:00:00,1833.5,8.0,
2025-12-21 01:00:00,1839.8,3.0,
2025-12-21 02:00:00,1826.7,0.1,
2025-12-21 03:00:00,1827.6,1.0,
2025-12-21 04:00:00,1826.9,2.9,
2025-12-21 05:00:00,1831.5,0.5,
2025-12-21 06:00:00,1834.2,2.8,
2025-12-21 07:00:00,1835.0,2.4,
2025-12-21 08:00:00,1833.0,0.8,
2025-12-21 09:00:00,1830.3,1.9,
2025-12-21 10:00:00,1832.4,0.7,
2025-12-21 11:00:00,1820.2,0.1,
2025-12-21 12:00:00,1826.2,1.6,
2025-12-21 13:00:00,1827.8,1.2,
2025-12-21 14:00:00,1827.1,1.8,
2025-12-21 15:00:00,1828.4,0.1,
2025-12-21 16:00:00,1823.8,0.1,
2025-12-21 17:00:00,1818.2,0.1,
2025-12-21 18:00:00,1821.8,2.8,
2025-12-21 19:00:00,1826.7,2.1,
2025-12-21 20:00:00,1836.3,3.4,
2025-12-21 21:00:00,1840.7,2.0,
2025-12-21 22:00:00,1847.9,5.7,
2025-12-21 23:00:00,1842.9,0.1,
2025-12-22 00:00:00,1848.6,3.0,
2025-12-22 01:00:00,1845.2,3.3,
2025-12-22 02:00:00,1835.1,4.1,
2025-12-22 03:00:00,1828.9,5.2,
2025-12-22 04:00:00,1828.5,5.0,
2025-12-22 05:00:00,1826.8,3.8,
2025-12-22 06:00:00,1824.5,0.4,
2025-12-22 07:00:00,1823.4,0.1,
2025-12-22 08:00:00,1826.6,3.1,
2025-12-22 09:00:00,1831.3,0.4,
2025-12-22 10:00:00,1832.1,1.4,
2025-12-22 11:00:00,1817.1,1.2,
2025-12-22 12:00:00,1816.0,1.2,
2025-12-22 13:00:00,1816.5,1.3,
2025-12-22 14:00:00,1819.8,3.1,
2025-12-22 15:00:00,1819.8,1.9,
2025-12-22 16:00:00,1815.4,3.1,
2025-12-22 17:00:00,1824.6,1.7,
2025-12-22 18:00:00,1839.4,0.4,
2025-12-22 19:00:00,1833.9,8.9,
2025-12-22 20:00:00,1842.6,8.9,
2025-12-22 21:00:00,1848.6,7.2,
2025-12-22 22:00:00,1866.2,9.5,
2025-12-22 23:00:00,1863.0,1.5,
2025-12-23 00:00:00,1848.8,1.1,
2025-12-23 01:00:00,1845.4,2.6,
2025-12-23 02:00:00,1838.2,3.0,
2025-12-23 03:00:00,1836.9,4.5,
2025-12-23 04:00:00,1822.7,0.5,
2025-12-23 05:00:00,1832.0,3.3,
2025-12-23 06:00:00,1819.7,5.4,
2025-12-23 07:00:00,1820.1,1.6,
2025-12-23 08:00:00,1815.0,3.2,
2025-12-23 09:00:00,1813.9,0.2,
2025-12-23 10:00:00,1812.7,3.2,
2025-12-23 11:00:00,1810.5,2.8,
2025-12-23 12:00:00,1814.2,0.5,
2025-12-23 13:00:00,1811.4,0.0,
2025-12-23 14:00:00,1804.1,1.2,
2025-12-23 15:00:00,1805.8,1.2,
2025-12-23 16:00:00,1805.3,3.2,
2025-12-23 17:00:00,1800.2,0.0,
2025-12-23 18:00:00,1822.3,2.8,
2025-12-23 19:00:00,1824.3,0.3,
2025-12-23 20:00:00,1832.1,1.3,
2025-12-23 21:00:00,1836.4,4.2,
2025-12-23 22:00:00,1832.8,4.0,
2025-12-23 23:00:00,1838.7,0.3,
2025-12-24 00:00:00,1842.9,0.8,
2025-12-24 01:00:00,1844.4,0.0,
2025-12-24 02:00:00,1831.7,6.0,
2025-12-24 03:00:00,1831.2,2.3,
2025-12-24 04:00:00,1838.0,0.9,
2025-12-24 05:00:00,1823.3,0.8,
2025-12-24 06:00:00,1817.0,0.1,
2025-12-24 07:00:00,1817.1,1.4,
2025-12-24 08:00:00,1813.4,0.9,
2025-12-24 09:00:00,1812.3,1.1,
2025-12-24 10:00:00,1814.7,1.7,
2025-12-24 11:00:00,1815.1,0.1,
2025-12-24 12:00:00,1821.7,0.5,
2025-12-24 13:00:00,1824.5,0.6,
2025-12-24 14:00:00,1819.1,1.1,
2025-12-24 15:00:00,1814.1,1.2,
2025-12-24 16:00:00,1817.4,0.8,
2025-12-24 17:00:00,1819.0,0.0,
2025-12-24 18:00:00,1817.3,2.9,
2025-12-24 19:00:00,1819.8,1.3,
2025-12-24 20:00:00,1833.5,2.1,
2025-12-24 21:00:00,1829.1,2.3,
2025-12-24 22:00:00,1825.9,4.9,
2025-12-24 23:00:00,1838.8,4.4,
2025-12-25 00:00:00,1846.9,1.0,
2025-12-25 01:00:00,1833.8,7.1,
2025-12-25 02:00:00,1842.7,3.8,
2025-12-25 03:00:00,1855.0,3.1,
2025-12-25 04:00:00,1856.3,5.2,
2025-12-25 05:00:00,1854.3,1.6,
2025-12-25 06:00:00,1853.2,2.3,
2025-12-25 07:00:00,1851.9,0.7,
2025-12-25 08:00:00,1840.2,0.8,
2025-12-25 09:00:00,1838.8,1.7,
2025-12-25 10:00:00,1829.1,1.8,
2025-12-25 11:00:00,1815.7,0.6,
2025-12-25 12:00:00,1826.5,1.1,
2025-12-25 13:00:00,1827.3,0.7,
2025-12-25 14:00:00,1819.2,1.1,
2025-12-25 15:00:00,1821.9,1.0,
2025-12-25 16:00:00,1819.5,1.4,
2025-12-25 17:00:00,1816.6,1.8,
2025-12-25 18:00:00,1820.3,2.1,
2025-12-25 19:00:00,1827.0,3.0,
2025-12-25 20:00:00,1831.6,6.2,
2025-12-25 21:00:00,1825.3,2.7,
2025-12-25 22:00:00,1826.9,0.8,
2025-12-25 23:00:00,1842.8,5.3,
2025-12-26 00:00:00,1821.0,3.5,
2025-12-26 01:00:00,1820.7,8.0,
2025-12-26 02:00:00,1838.0,0.2,
2025-12-26 03:00:00,1826.8,5.7,
2025-12-26 04:00:00,1819.0,6.1,
2025-12-26 05:00:00,1808.6,0.1,
2025-12-26 06:00:00,1801.9,0.8,
2025-12-26 07:00:00,1798.2,1.7,
2025-12-26 08:00:00,1794.1,2.3,
2025-12-26 09:00:00,1791.1,0.0,
2025-12-26 10:00:00,1795.9,1.1,
2025-12-26 11:00:00,1789.7,3.6,
2025-12-26 12:00:00,1793.4,2.6,
2025-12-26 13:00:00,1804.5,2.4,
2025-12-26 14:00:00,1791.6,3.4,
2025-12-26 15:00:00,1789.5,4.6,
2025-12-26 16:00:00,1788.6,1.3,
2025-12-26 17:00:00,1795.1,1.0,
2025-12-26 18:00:00,1812.9,1.2,
2025-12-26 19:00:00,1810.2,4.2,
2025-12-26 20:00:00,1821.3,1.1,
2025-12-26 21:00:00,1825.9,2.9,
2025-12-26 22:00:00,1822.7,5.4,
2025-12-26 23:00:00,1825.2,2.5,
2025-12-27 00:00:00,1816.2,8.4,
2025-12-27 01:00:00,1834.0,23.8,
2025-12-27 02:00:00,1804.2,8.4,
2025-12-27 03:00:00,1813.5,7.5,
2025-12-27 04:00:00,1825.2,2.2,
2025-12-27 05:00:00,1813.6,4.1,
2025-12-27 06:00:00,1805.0,3.5,
2025-12-27 07:00:00,1805.2,2.6,
2025-12-27 08:00:00,1801.6,1.2,
2025-12-27 09:00:00,1798.9,1.1,
2025-12-27 10:00:00,1802.0,1.0,
2025-12-27 11:00:00,1798.7,0.1,
2025-12-27 12:00:00,1797.3,1.3,
2025-12-27 13:00:00,1793.9,1.3,
2025-12-27 14:00:00,1792.7,2.7,
2025-12-27 15:00:00,1793.4,0.8,
2025-12-27 16:00:00,1794.6,3.9,
2025-12-27 17:00:00,1796.4,5.8,
2025-12-27 18:00:00,1797.1,4.3,
2025-12-27 19:00:00,1796.3,1.7,
2025-12-27 20:00:00,1797.6,4.7,
2025-12-27 21:00:00,1796.7,6.2,
2025-12-27 22:00:00,1820.9,1.4,
2025-12-27 23:00:00,1816.0,14.0,
2026-01-04 00:00:00,1870.6,2.0,
2026-01-04 01:00:00,1875.9,3.9,
2026-01-04 02:00:00,1879.9,3.8,
2026-01-04 03:00:00,1879.9,1.4,
2026-01-04 04:00:00,1871.2,0.8,
2026-01-04 05:00:00,1875.2,1.7,
2026-01-04 06:00:00,1868.2,3.1,
2026-01-04 07:00:00,1866.7,1.2,
2026-01-04 08:00:00,1864.5,2.0,
2026-01-04 09:00:00,1864.2,0.6,
2026-01-04 10:00:00,1859.9,0.5,
2026-01-04 11:00:00,1860.7,3.8,
2026-01-04 12:00:00,1864.1,1.5,
2026-01-04 13:00:00,1868.2,0.2,
2026-01-04 14:00:00,1871.5,0.8,
2026-01-04 15:00:00,1872.4,0.6,
2026-01-04 16:00:00,1870.8,0.1,
2026-01-04 17:00:00,1872.5,0.6,
2026-01-04 18:00:00,1872.0,0.2,
2026-01-04 19:00:00,1873.8,1.0,
2026-01-04 20:00:00,1874.6,1.3,
2026-01-04 21:00:00,1870.0,2.1,
2026-01-04 22:00:00,1872.0,0.3,
2026-01-04 23:00:00,1873.2,1.5,
2026-01-05 00:00:00,1859.5,9.2,
2026-01-05 01:00:00,1861.1,2.7,
2026-01-05 02:00:00,1863.4,3.1,
2026-01-05 03:00:00,1865.3,1.0,
2026-01-05 04:00:00,1869.2,2.8,
2026-01-05 05:00:00,1867.5,1.4,
2026-01-05 06:00:00,1867.3,1.8,
2026-01-05 07:00:00,1866.1,0.9,
2026-01-05 08:00:00,1864.6,0.1,
2026-01-05 09:00:00,1865.0,2.3,
2026-01-05 10:00:00,1858.8,2.7,
2026-01-05 11:00:00,1862.8,0.2,
2026-01-05 12:00:00,1859.8,1.0,
2026-01-05 13:00:00,1857.1,0.9,
2026-01-05 14:00:00,1859.2,0.4,
2026-01-05 15:00:00,1857.8,2.8,
2026-01-05 16:00:00,1857.1,1.0,
2026-01-05 17:00:00,1875.5,5.5,
2026-01-05 18:00:00,1877.3,4.9,
2026-01-05 19:00:00,1866.8,3.2,
2026-01-05 20:00:00,1874.8,0.5,
2026-01-05 21:00:00,1874.6,2.5,
2026-01-05 22:00:00,1881.7,0.1,
2026-01-05 23:00:00,1886.7,0.2,
2026-01-06 00:00:00,1893.4,2.8,
2026-01-06 01:00:00,1882.3,0.5,
2026-01-06 02:00:00,1884.9,2.9,
2026-01-06 03:00:00,1887.8,2.0,
2026-01-06 04:00:00,1884.4,0.9,
2026-01-06 05:00:00,1882.0,3.4,
2026-01-06 06:00:00,1875.5,7.8,
2026-01-06 07:00:00,1867.0,2.2,
2026-01-06 08:00:00,1866.0,1.1,
2026-01-06 09:00:00,1867.7,5.0,
2026-01-06 10:00:00,1866.5,0.9,
2026-01-06 11:00:00,1876.0,0.7,
2026-01-06 12:00:00,1870.3,1.7,
2026-01-06 13:00:00,1870.6,1.0,
2026-01-06 14:00:00,1868.1,4.6,
2026-01-06 15:00:00,1868.7,3.8,
2026-01-06 16:00:00,1869.3,0.3,
2026-01-06 17:00:00,1884.1,5.3,
2026-01-06 18:00:00,1882.7,8.3,
2026-01-06 19:00:00,1886.0,6.4,
2026-01-06 20:00:00,1878.5,1.8,
2026-01-06 21:00:00,1878.5,5.8,
2026-01-06 22:00:00,1877.7,1.1,
2026-01-06 23:00:00,1882.9,3.4,
2026-01-07 00:00:00,1877.3,0.8,
2026-01-07 01:00:00,1862.6,5.6,
2026-01-07 02:00:00,1866.2,1.2,
2026-01-07 03:00:00,1865.9,2.5,
2026-01-07 04:00:00,1869.9,0.9,
2026-01-07 05:00:00,1860.9,0.2,
2026-01-07 06:00:00,1862.2,1.4,
2026-01-07 07:00:00,1862.7,1.6,
2026-01-07 08:00:00,1856.4,4.1,
2026-01-07 09:00:00,1858.7,0.1,
2026-01-07 10:00:00,1850.1,5.5,
2026-01-07 11:00:00,1856.9,4.4,
2026-01-07 12:00:00,1852.7,1.1,
2026-01-07 13:00:00,1853.3,0.4,
2026-01-07 14:00:00,1854.7,0.8,
2026-01-07 15:00:00,1851.9,3.1,
2026-01-07 16:00:00,1851.6,2.8,
2026-01-07 17:00:00,1846.3,0.3,
2026-01-07 18:00:00,1844.6,1.8,
2026-01-07 19:00:00,1860.6,2.1,
2026-01-07 20:00:00,1855.1,3.4,
2026-01-07 21:00:00,1857.7,1.9,
2026-01-07 22:00:00,1855.3,1.0,
2026-01-07 23:00:00,1848.5,2.0,
2026-01-08 00:00:00,1845.5,10.7,
2026-01-08 01:00:00,1855.3,1.7,
2026-01-08 02:00:00,1863.1,4.3,
2026-01-08 03:00:00,1867.7,4.3,
2026-01-08 04:00:00,1854.5,1.0,
2026-01-08 05:00:00,1857.4,1.8,
2026-01-08 06:00:00,1859.5,1.0,
2026-01-08 07:00:00,1852.7,2.3,
2026-01-08 08:00:00,1851.4,2.9,
2026-01-08 09:00:00,1850.1,0.4,
2026-01-08 10:00:00,1850.3,4.1,
2026-01-08 11:00:00,1846.3,4.1,
2026-01-08 12:00:00,1846.8,2.8,
2026-01-08 13:00:00,1842.9,1.7,
2026-01-08 14:00:00,1842.4,2.3,
2026-01-08 15:00:00,1842.3,0.4,
2026-01-08 16:00:00,1843.6,2.9,
2026-01-08 17:00:00,1847.7,4.7,
2026-01-08 18:00:00,1843.7,1.8,
2026-01-08 19:00:00,1840.2,1.5,
2026-01-08 20:00:00,1834.4,2.8,
2026-01-08 21:00:00,1824.1,1.2,
2026-01-08 22:00:00,1831.5,3.3,
2026-01-08 23:00:00,1847.7,5.8,
2026-01-09 00:00:00,1847.0,3.8,
2026-01-09 01:00:00,1849.6,9.2,
2026-01-09 02:00:00,1836.4,0.4,
2026-01-09 03:00:00,1848.0,7.0,
2026-01-09 04:00:00,1834.6,7.8,
2026-01-09 05:00:00,1838.8,1.4,
2026-01-09 06:00:00,1839.9,2.3,
2026-01-09 07:00:00,1840.7,2.7,
2026-01-09 08:00:00,1842.2,3.2,
2026-01-09 09:00:00,1839.4,3.7,
2026-01-09 10:00:00,1834.1,1.8,
2026-01-09 11:00:00,1847.9,7.5,
2026-01-09 12:00:00,1847.3,4.7,
2026-01-09 13:00:00,1844.9,3.4,
2026-01-09 14:00:00,1846.0,3.0,
2026-01-09 15:00:00,1835.8,1.6,
2026-01-09 16:00:00,1838.5,4.0,
2026-01-09 17:00:00,1836.5,2.0,
2026-01-09 18:00:00,1835.2,2.2,
2026-01-09 19:00:00,1828.5,2.2,
2026-01-09 20:00:00,1830.6,1.4,
2026-01-09 21:00:00,1825.1,1.7,
2026-01-09 22:00:00,1840.6,3.5,
2026-01-09 23:00:00,1848.9,1.8,
2026-01-10 00:00:00,1858.7,0.9,
2026-01-10 01:00:00,1855.0,3.5,
2026-01-10 02:00:00,1856.6,7.7,
2026-01-10 03:00:00,1859.9,6.8,
2026-01-10 04:00:00,1862.4,2.9,
2026-01-10 05:00:00,1852.5,2.7,
2026-01-10 06:00:00,1849.3,3.3,
2026-01-10 07:00:00,1849.8,1.2,
2026-01-10 08:00:00,1854.6,1.7,
2026-01-10 09:00:00,1846.8,1.8,
2026-01-10 10:00:00,1848.8,3.6,
2026-01-10 11:00:00,1849.3,5.9,
2026-01-10 12:00:00,1851.2,4.1,
2026-01-10 13:00:00,1847.6,2.2,
2026-01-10 14:00:00,1850.3,1.2,
2026-01-10 15:00:00,1846.1,2.1,
2026-01-10 16:00:00,1853.1,4.5,
2026-01-10 17:00:00,1844.9,2.7,
2026-01-10 18:00:00,1846.6,2.7,
2026-01-10 19:00:00,1851.9,3.5,
2026-01-10 20:00:00,1856.1,0.6,
2026-01-10 21:00:00,1847.2,1.5,
2026-01-10 22:00:00,1852.1,1.3,
2026-01-10 23:00:00,1865.8,2.9,
2026-01-11 00:00:00,1866.0,2.5,
2026-01-11 01:00:00,1873.2,0.2,
2026-01-11 02:00:00,1866.5,1.0,
2026-01-11 03:00:00,1871.3,0.0,
2026-01-11 04:00:00,1865.5,1.1,
2026-01-11 05:00:00,1866.3,1.3,
2026-01-11 06:00:00,1859.6,0.4,
2026-01-11 07:00:00,1860.5,0.6,
2026-01-11 08:00:00,1855.4,0.4,
2026-01-11 09:00:00,1854.8,0.0,
2026-01-11 10:00:00,1846.1,0.0,
2026-01-11 11:00:00,1849.3,2.8,
2026-01-11 12:00:00,1842.2,0.7,
2026-01-11 13:00:00,1850.1,0.3,
2026-01-11 14:00:00,1846.8,1.1,
2026-01-11 15:00:00,1848.1,1.8,
2026-01-11 16:00:00,1849.9,1.5,
2026-01-11 17:00:00,1850.4,0.7,
2026-01-11 18:00:00,1846.0,0.6,
2026-01-11 19:00:00,1850.0,0.7,
2026-01-11 20:00:00,1853.5,1.5,
2026-01-11 21:00:00,1859.4,2.8,
2026-01-11 22:00:00,1865.5,1.1,
2026-01-11 23:00:00,1870.5,0.5,
2026-01-12 00:00:00,1876.3,0.2,
2026-01-12 01:00:00,1880.5,1.6,
2026-01-12 02:00:00,1881.2,3.3,
2026-01-12 03:00:00,1883.3,3.5,
2026-01-12 04:00:00,1879.9,1.8,
2026-01-12 05:00:00,1873.4,0.2,
2026-01-12 06:00:00,1871.7,4.4,
2026-01-12 07:00:00,1868.5,6.4,
2026-01-12 08:00:00,1862.7,4.3,
2026-01-12 09:00:00,1858.3,1.7,
2026-01-12 10:00:00,1857.4,3.9,
2026-01-12 11:00:00,1861.9,1.9,
2026-01-12 12:00:00,1858.8,0.1,
2026-01-12 13:00:00,1859.4,3.2,
2026-01-12 14:00:00,1861.0,0.1,
2026-01-12 15:00:00,1861.1,1.1,
2026-01-12 16:00:00,1865.3,3.8,
2026-01-12 17:00:00,1863.0,1.9,
2026-01-12 18:00:00,1864.7,2.7,
2026-01-12 19:00:00,1860.4,0.8,
2026-01-12 20:00:00,1861.7,0.6,
2026-01-12 21:00:00,1852.5,4.8,
2026-01-12 22:00:00,1854.9,1.3,
2026-01-12 23:00:00,1861.0,0.9,
2026-01-13 00:00:00,1871.1,3.3,
2026-01-13 01:00:00,1871.6,2.2,
2026-01-13 02:00:00,1874.5,3.5,
2026-01-13 03:00:00,1871.9,2.4,
2026-01-13 04:00:00,1867.6,0.3,
2026-01-13 05:00:00,1872.6,2.6,
2026-01-13 06:00:00,1868.9,1.1,
2026-01-13 07:00:00,1871.1,0.0,
2026-01-13 08:00:00,1869.7,0.7,
2026-01-13 09:00:00,1863.4,1.6,
2026-01-13 10:00:00,1864.0,2.0,
2026-01-13 11:00:00,1866.0,0.2,
2026-01-13 12:00:00,1869.7,0.7,
2026-01-13 13:00:00,1866.2,1.8,
2026-01-13 14:00:00,1865.9,0.6,
2026-01-13 15:00:00,1864.1,1.4,
2026-01-13 16:00:00,1857.0,0.8,
2026-01-13 17:00:00,1857.4,0.4,
2026-01-13 18:00:00,1856.5,0.4,
2026-01-13 19:00:00,1862.5,2.5,
2026-01-13 20:00:00,1865.2,5.6,
2026-01-13 21:00:00,1861.2,4.8,
2026-01-13 22:00:00,1858.0,1.2,
2026-01-13 23:00:00,1859.4,0.9,
2026-01-14 00:00:00,1859.9,0.3,
2026-01-14 01:00:00,1867.8,1.9,
2026-01-14 02:00:00,1868.5,1.5,
2026-01-14 03:00:00,1871.9,1.8,
2026-01-14 04:00:00,1860.4,2.0,
2026-01-14 05:00:00,1864.0,0.8,
2026-01-14 06:00:00,1859.6,1.2,
2026-01-14 07:00:00,1859.7,1.1,
2026-01-14 08:00:00,1854.9,1.0,
2026-01-14 09:00:00,1853.3,3.1,
2026-01-14 10:00:00,1853.2,1.1,
2026-01-14 11:00:00,1861.6,1.6,
2026-01-14 12:00:00,1859.1,0.0,
2026-01-14 13:00:00,1860.2,2.3,
2026-01-14 14:00:00,1865.7,1.6,
2026-01-14 15:00:00,1862.0,0.4,
2026-01-14 16:00:00,1853.3,0.5,
2026-01-14 17:00:00,1855.9,1.9,
2026-01-14 18:00:00,1852.9,1.1,
2026-01-14 19:00:00,1852.7,0.0,
2026-01-14 20:00:00,1845.5,1.7,
2026-01-14 21:00:00,1843.6,2.4,
2026-01-14 22:00:00,1842.9,3.0,
2026-01-14 23:00:00,1841.3,0.6,
2026-01-15 00:00:00,1845.7,0.1,
2026-01-15 01:00:00,1839.7,1.1,
2026-01-15 02:00:00,1849.4,2.9,
2026-01-15 03:00:00,1856.3,3.0,
2026-01-15 04:00:00,1849.3,3.9,
2026-01-15 05:00:00,1850.9,1.6,
2026-01-15 06:00:00,1848.0,1.6,
2026-01-15 07:00:00,1847.3,2.1,
2026-01-15 08:00:00,1848.4,0.7,
2026-01-15 09:00:00,1848.3,1.1,
2026-01-15 10:00:00,1849.8,2.1,
2026-01-15 11:00:00,1855.0,1.9,
2026-01-15 12:00:00,1856.9,1.3,
2026-01-15 13:00:00,1859.9,1.8,
2026-01-15 14:00:00,1858.4,1.1,
2026-01-15 15:00:00,1861.6,1.4,
2026-01-15 16:00:00,1867.2,1.1,
2026-01-15 17:00:00,1861.3,1.7,
2026-01-15 18:00:00,1852.0,0.5,
2026-01-15 19:00:00,1851.8,0.9,
2026-01-15 20:00:00,1850.9,4.3,
2026-01-15 21:00:00,1853.8,2.3,
2026-01-15 22:00:00,1850.9,1.5,
2026-01-15 23:00:00,1845.7,1.3,
2026-01-16 00:00:00,1837.9,8.2,
2026-01-16 01:00:00,1845.3,3.3,
2026-01-16 02:00:00,1848.1,0.0,
2026-01-16 03:00:00,1853.7,1.7,
2026-01-16 04:00:00,1856.9,0.6,
2026-01-16 05:00:00,1864.3,1.4,
2026-01-16 06:00:00,1860.8,1.1,
2026-01-16 07:00:00,1860.2,2.1,
2026-01-16 08:00:00,1853.3,0.8,
2026-01-16 09:00:00,1849.2,2.9,
2026-01-16 10:00:00,1844.1,0.5,
2026-01-16 11:00:00,1846.8,2.2,
2026-01-16 12:00:00,1847.3,1.8,
2026-01-16 13:00:00,1847.2,1.2,
2026-01-16 14:00:00,1847.0,0.2,
2026-01-16 15:00:00,1843.7,1.5,
2026-01-16 16:00:00,1847.4,1.1,
2026-01-16 17:00:00,1849.0,1.2,
2026-01-16 18:00:00,1847.4,0.5,
2026-01-16 19:00:00,1841.1,1.0,
2026-01-16 20:00:00,1831.6,0.5,
2026-01-16 21:00:00,1834.3,0.5,
2026-01-16 22:00:00,1829.2,2.4,
2026-01-16 23:00:00,1822.2,1.0,
2026-01-17 00:00:00,1834.2,1.4,
2026-01-17 01:00:00,1843.7,5.6,
2026-01-17 02:00:00,1847.1,3.5,
2026-01-17 03:00:00,1852.7,2.8,
2026-01-17 04:00:00,1853.7,3.5,
2026-01-17 05:00:00,1841.4,3.6,
2026-01-17 06:00:00,1835.8,2.7,
2026-01-17 07:00:00,1838.9,1.7,
2026-01-17 08:00:00,1841.6,6.1,
2026-01-17 09:00:00,1836.2,4.9,
2026-01-17 10:00:00,1833.2,4.5,
2026-01-17 11:00:00,1834.7,4.5,
2026-01-17 12:00:00,1833.1,4.4,
2026-01-17 13:00:00,1829.7,5.1,
2026-01-17 14:00:00,1823.0,1.5,
2026-01-17 15:00:00,1823.9,2.7,
2026-01-17 16:00:00,1825.1,2.6,
2026-01-17 17:00:00,1824.0,2.3,
2026-01-17 18:00:00,1828.9,4.3,
2026-01-17 19:00:00,1817.3,0.9,
2026-01-17 20:00:00,1818.4,4.1,
2026-01-17 21:00:00,1816.0,3.2,
2026-01-17 22:00:00,1809.4,2.4,
2026-01-17 23:00:00,1819.0,2.5,
2026-01-18 00:00:00,1818.3,4.1,
2026-01-18 01:00:00,1820.3,1.7,
2026-01-18 02:00:00,1828.4,3.4,
2026-01-18 03:00:00,1827.1,4.6,
2026-01-18 04:00:00,1831.4,1.7,
2026-01-18 05:00:00,1834.2,1.3,
2026-01-18 06:00:00,1831.7,1.8,
2026-01-18 07:00:00,1825.7,1.6,
2026-01-18 08:00:00,1824.3,2.2,
2026-01-18 09:00:00,1816.2,3.0,
2026-01-18 10:00:00,1812.4,6.6,
2026-01-18 11:00:00,1812.0,3.0,
2026-01-18 12:00:00,1809.7,1.7,
2026-01-18 13:00:00,1808.2,1.2,
2026-01-18 14:00:00,1809.2,0.8,
2026-01-18 15:00:00,1805.7,1.4,
2026-01-18 16:00:00,1804.0,1.2,
2026-01-18 17:00:00,1804.2,1.6,
2026-01-18 18:00:00,1805.9,2.3,
2026-01-18 19:00:00,1797.3,2.7,
2026-01-18 20:00:00,1802.8,0.9,
2026-01-18 21:00:00,1796.4,3.8,
2026-01-18 22:00:00,1799.1,1.7,
2026-01-18 23:00:00,1797.3,2.6,
2026-01-19 00:00:00,1796.2,0.8,
2026-01-19 01:00:00,1799.0,6.0,
2026-01-19 02:00:00,1804.2,23.3,
2026-01-19 03:00:00,1802.7,3.3,
2026-01-19 04:00:00,1802.9,5.4,
2026-01-19 05:00:00,1798.8,4.6,
2026-01-19 06:00:00,1793.5,5.0,
2026-01-19 07:00:00,1801.6,4.0,
2026-01-19 08:00:00,1798.3,3.0,
2026-01-19 09:00:00,1794.7,1.8,
2026-01-19 10:00:00,1794.1,3.1,
2026-01-19 11:00:00,1784.5,1.7,
2026-01-19 12:00:00,1799.0,1.2,
2026-01-19 13:00:00,1808.9,1.2,
2026-01-19 14:00:00,1815.7,1.8,
2026-01-19 15:00:00,1822.2,0.6,
2026-01-19 16:00:00,1821.6,1.6,
2026-01-19 17:00:00,1812.8,1.0,
2026-01-19 18:00:00,1815.1,1.8,
2026-01-19 19:00:00,1814.8,1.0,
2026-01-19 20:00:00,1827.0,4.3,
2026-01-19 21:00:00,1826.3,6.0,
2026-01-19 22:00:00,1835.0,3.5,
2026-01-19 23:00:00,1827.1,6.5,
2026-01-20 00:00:00,1824.7,3.9,
2026-01-20 01:00:00,1824.3,1.2,
2026-01-20 02:00:00,1831.4,3.9,
2026-01-20 03:00:00,1830.4,2.0,
2026-01-20 04:00:00,1828.5,2.0,
2026-01-20 05:00:00,1828.6,4.6,
2026-01-20 06:00:00,1815.9,1.8,
2026-01-20 07:00:00,1816.5,2.4,
2026-01-20 08:00:00,1815.4,2.8,
2026-01-20 09:00:00,1813.6,3.4,
2026-01-20 10:00:00,1815.0,5.0,
2026-01-20 11:00:00,1820.6,6.3,
2026-01-20 12:00:00,1815.4,8.1,
2026-01-20 13:00:00,1806.8,7.1,
2026-01-20 14:00:00,1815.7,9.2,
2026-01-20 15:00:00,1820.3,5.9,
2026-01-20 16:00:00,1825.4,3.6,
2026-01-20 17:00:00,1832.3,0.7,
2026-01-20 18:00:00,1843.9,0.4,
2026-01-20 19:00:00,1850.0,6.7,
2026-01-20 20:00:00,1859.3,2.4,
2026-01-20 21:00:00,1854.6,5.5,
2026-01-20 22:00:00,1849.5,0.6,
2026-01-20 23:00:00,1836.3,1.8,
2026-01-21 00:00:00,1854.1,2.0,
2026-01-21 01:00:00,1850.5,1.0,
2026-01-21 02:00:00,1849.3,3.2,
2026-01-21 03:00:00,1854.2,2.1,
2026-01-21 04:00:00,1873.2,1.9,
2026-01-21 05:00:00,1864.1,3.0,
2026-01-21 06:00:00,1863.8,3.0,
2026-01-21 07:00:00,1856.5,6.6,
2026-01-21 08:00:00,1836.8,4.5,
2026-01-21 09:00:00,1823.6,5.7,
2026-01-21 10:00:00,1819.7,4.5,
2026-01-21 11:00:00,1824.8,2.1,
2026-01-21 12:00:00,1817.7,2.0,
2026-01-21 13:00:00,1823.0,3.2,
2026-01-21 14:00:00,1821.7,2.2,
2026-01-21 15:00:00,1813.1,5.1,
2026-01-21 16:00:00,1814.2,0.8,
2026-01-21 17:00:00,1815.9,0.7,
2026-01-21 18:00:00,1816.3,4.9,
2026-01-21 19:00:00,1834.6,3.2,
2026-01-21 20:00:00,1839.4,4.9,
2026-01-21 21:00:00,1838.9,2.4,
2026-01-21 22:00:00,1839.7,5.2,
2026-01-21 23:00:00,1843.5,5.4,
2026-01-22 00:00:00,1847.9,3.3,
2026-01-22 01:00:00,1864.0,8.7,
2026-01-22 02:00:00,1874.8,14.3,
2026-01-22 03:00:00,1872.2,3.0,
2026-01-22 04:00:00,1861.6,1.8,
2026-01-22 05:00:00,1850.0,3.1,
2026-01-22 06:00:00,1843.0,0.3,
2026-01-22 07:00:00,1832.5,2.6,
2026-01-22 08:00:00,1838.2,1.1,
2026-01-22 09:00:00,1825.0,0.9,
2026-01-22 10:00:00,1820.2,1.0,
2026-01-22 11:00:00,1819.5,0.7,
2026-01-22 12:00:00,1818.7,2.5,
2026-01-22 13:00:00,1824.3,1.3,
2026-01-22 14:00:00,1821.7,3.8,
2026-01-22 15:00:00,1821.1,2.6,
2026-01-22 16:00:00,1820.9,4.6,
2026-01-22 17:00:00,1829.7,4.8,
2026-01-22 18:00:00,1837.7,3.0,
2026-01-22 19:00:00,1833.0,1.1,
2026-01-22 20:00:00,1822.9,2.6,
2026-01-22 21:00:00,1834.5,1.0,
2026-01-22 22:00:00,1848.0,1.9,
2026-01-22 23:00:00,1846.2,7.6,
2026-01-23 00:00:00,1814.5,8.0,
2026-01-23 01:00:00,1818.2,6.9,
2026-01-23 02:00:00,1824.1,0.2,
2026-01-23 03:00:00,1822.8,3.1,
2026-01-23 04:00:00,1815.5,1.6,
2026-01-23 05:00:00,1804.9,4.7,
2026-01-23 06:00:00,1806.0,2.3,
2026-01-23 07:00:00,1806.0,5.2,
2026-01-23 08:00:00,1801.2,2.8,
2026-01-23 09:00:00,1799.0,2.8,
2026-01-23 10:00:00,1801.5,5.1,
2026-01-23 11:00:00,1798.0,1.9,
2026-01-23 12:00:00,1797.1,3.1,
2026-01-23 13:00:00,1800.9,0.7,
2026-01-23 14:00:00,1796.0,1.6,
2026-01-23 15:00:00,1797.3,0.1,
2026-01-23 16:00:00,1803.5,4.2,
2026-01-23 17:00:00,1799.1,4.4,
2026-01-23 18:00:00,1817.8,5.7,
2026-01-23 19:00:00,1826.4,5.9,
2026-01-23 20:00:00,1834.9,7.4,
2026-01-23 21:00:00,1838.5,3.6,
2026-01-23 22:00:00,1841.3,2.4,
2026-01-23 23:00:00,1834.5,5.7,
2026-01-24 00:00:00,1857.1,7.7,
2026-01-24 01:00:00,1848.6,1.9,
2026-01-24 02:00:00,1854.9,8.1,
2026-01-24 03:00:00,1837.8,4.3,
2026-01-24 04:00:00,1837.9,3.6,
2026-01-24 05:00:00,1840.3,2.8,
2026-01-24 06:00:00,1833.5,1.8,
2026-01-24 07:00:00,1830.4,4.2,
2026-01-24 08:00:00,1837.1,2.6,
2026-01-24 09:00:00,1836.6,2.4,
2026-01-24 10:00:00,1839.4,2.2,
2026-01-24 11:00:00,1847.1,2.5,
2026-01-24 12:00:00,1838.4,2.3,
2026-01-24 13:00:00,1845.3,3.1,
2026-01-24 14:00:00,1841.0,1.7,
2026-01-24 15:00:00,1841.2,3.2,
2026-01-24 16:00:00,1840.4,4.0,
2026-01-24 17:00:00,1833.7,0.8,
2026-01-24 18:00:00,1829.9,1.4,
2026-01-24 19:00:00,1825.9,1.9,
2026-01-24 20:00:00,1823.7,1.7,
2026-01-24 21:00:00,1834.9,0.7,
2026-01-24 22:00:00,1845.0,1.9,
2026-01-24 23:00:00,1854.1,2.2,
2026-01-25 00:00:00,1855.4,4.5,
2026-01-25 01:00:00,1847.2,5.5,
2026-01-25 02:00:00,1850.6,1.4,
2026-01-25 03:00:00,1852.3,4.8,
2026-01-25 04:00:00,1849.0,0.6,
2026-01-25 05:00:00,1853.4,0.5,
2026-01-25 06:00:00,1841.1,1.3,
2026-01-25 07:00:00,1839.8,0.2,
2026-01-25 08:00:00,1836.5,2.2,
2026-01-25 09:00:00,1836.1,0.0,
2026-01-25 10:00:00,1842.3,0.0,
2026-01-25 11:00:00,1837.1,0.5,
2026-01-25 12:00:00,1836.0,1.6,
2026-01-25 13:00:00,1841.0,1.1,
2026-01-25 14:00:00,1839.8,0.6,
2026-01-25 15:00:00,1832.4,0.8,
2026-01-25 16:00:00,1834.4,2.5,
2026-01-25 17:00:00,1844.7,4.8,
2026-01-25 18:00:00,1847.5,3.8,
2026-01-25 19:00:00,1847.9,1.6,
2026-01-25 20:00:00,1852.0,12.0,
2026-01-25 21:00:00,1854.2,1.3,
2026-01-25 22:00:00,1841.0,1.5,
2026-01-25 23:00:00,1845.6,2.2,
2026-01-26 00:00:00,1851.8,0.3,
2026-01-26 01:00:00,1844.0,7.2,
2026-01-26 02:00:00,1867.4,19.3,
2026-01-26 03:00:00,1865.3,9.2,
2026-01-26 04:00:00,1860.7,2.4,
2026-01-26 05:00:00,1857.6,6.0,
2026-01-26 06:00:00,1853.2,0.6,
2026-01-26 07:00:00,1855.4,4.3,
2026-01-26 08:00:00,1847.9,3.8,
2026-01-26 09:00:00,1839.4,2.0,
2026-01-26 10:00:00,1846.4,5.2,
2026-01-26 11:00:00,1846.6,3.8,
2026-01-26 12:00:00,1840.4,1.4,
2026-01-26 13:00:00,1850.1,3.8,
2026-01-26 14:00:00,1846.5,2.6,
2026-01-26 15:00:00,1845.8,1.6,
2026-01-26 16:00:00,1845.4,1.7,
2026-01-26 17:00:00,1849.7,3.7,
2026-01-26 18:00:00,1864.8,2.5,
2026-01-26 19:00:00,1860.1,2.7,
2026-01-26 20:00:00,1859.0,5.2,
2026-01-26 21:00:00,1875.3,7.6,
2026-01-26 22:00:00,1871.5,0.1,
2026-01-26 23:00:00,1868.7,1.8,
2026-01-27 00:00:00,1873.8,8.1,
2026-01-27 01:00:00,1868.4,1.1,
2026-01-27 02:00:00,1869.8,11.0,
2026-01-27 03:00:00,1864.2,4.0,
2026-01-27 04:00:00,1858.3,3.5,
2026-01-27 05:00:00,1860.8,5.8,
2026-01-27 06:00:00,1852.3,5.4,
2026-01-27 07:00:00,1847.2,5.3,
2026-01-27 08:00:00,1849.8,1.2,
2026-01-27 09:00:00,1847.6,2.3,
2026-01-27 10:00:00,1853.2,3.1,
2026-01-27 11:00:00,1852.1,2.3,
2026-01-27 12:00:00,1854.5,1.6,
2026-01-27 13:00:00,1859.5,0.3,
2026-01-27 14:00:00,1859.8,1.1,
2026-01-27 15:00:00,1859.2,1.0,
2026-01-27 16:00:00,1856.3,3.0,
2026-01-27 17:00:00,1856.4,2.2,
2026-01-27 18:00:00,1866.5,4.1,
2026-01-27 19:00:00,1883.0,5.8,
2026-01-27 20:00:00,1879.8,5.1,
2026-01-27 21:00:00,1878.5,2.8,
2026-01-27 22:00:00,1869.6,1.6,
2026-01-27 23:00:00,1883.9,0.1,
2026-01-28 00:00:00,1884.5,1.3,
2026-01-28 01:00:00,1884.7,0.0,
2026-01-28 02:00:00,1885.0,3.8,
2026-01-28 03:00:00,1878.7,1.0,
2026-01-28 04:00:00,1872.9,0.0,
2026-01-28 05:00:00,1874.4,2.9,
2026-01-28 06:00:00,1877.3,3.0,
2026-01-28 07:00:00,1872.3,0.5,
2026-01-28 08:00:00,1870.7,2.9,
2026-01-28 09:00:00,1868.7,2.3,
2026-01-28 10:00:00,1869.8,0.1,
2026-01-28 11:00:00,1870.1,0.2,
2026-01-28 12:00:00,1869.3,1.1,
2026-01-28 13:00:00,1865.8,1.3,
2026-01-28 14:00:00,1864.1,2.5,
2026-01-28 15:00:00,1865.8,1.1,
2026-01-28 16:00:00,1866.7,2.3,
2026-01-28 17:00:00,1865.0,5.2,
2026-01-28 18:00:00,1863.1,3.5,
2026-01-28 19:00:00,1856.0,0.1,
2026-01-28 20:00:00,1866.4,0.8,
2026-01-28 21:00:00,1866.9,6.4,
2026-01-28 22:00:00,1865.7,1.5,
2026-01-28 23:00:00,1878.6,3.5,
2026-01-29 00:00:00,1885.2,2.1,
2026-01-29 01:00:00,1876.4,2.3,
2026-01-29 02:00:00,1875.6,4.8,
2026-01-29 03:00:00,1877.1,0.3,
2026-01-29 04:00:00,1877.3,2.1,
2026-01-29 05:00:00,1871.1,1.7,
2026-01-29 06:00:00,1867.9,2.8,
2026-01-29 07:00:00,1872.6,5.4,
2026-01-29 08:00:00,1869.3,5.9,
2026-01-29 09:00:00,1858.3,0.5,
2026-01-29 10:00:00,1863.7,6.6,
2026-01-29 11:00:00,1860.2,3.5,
2026-01-29 12:00:00,1863.2,5.1,
2026-01-29 13:00:00,1867.3,3.9,
2026-01-29 14:00:00,1863.8,1.4,
2026-01-29 15:00:00,1871.0,2.1,
2026-01-29 16:00:00,1872.6,0.8,
2026-01-29 17:00:00,1866.8,2.6,
2026-01-29 18:00:00,1864.9,0.6,
2026-01-29 19:00:00,1866.4,1.1,
2026-01-29 20:00:00,1868.3,3.5,
2026-01-29 21:00:00,1862.1,0.5,
2026-01-29 22:00:00,1884.2,6.1,
2026-01-29 23:00:00,1888.1,1.8,
2026-01-30 00:00:00,1871.0,0.7,
2026-01-30 01:00:00,1880.3,6.3,
2026-01-30 02:00:00,1878.3,2.2,
2026-01-30 03:00:00,1885.0,3.6,
2026-01-30 04:00:00,1877.5,5.1,
2026-01-30 05:00:00,1876.9,6.3,
2026-01-30 06:00:00,1866.4,0.7,
2026-01-30 07:00:00,1867.5,2.6,
2026-01-30 08:00:00,1864.3,3.4,
2026-01-30 09:00:00,1862.1,4.5,
2026-01-30 10:00:00,1862.9,6.6,
2026-01-30 11:00:00,1857.1,4.9,
2026-01-30 12:00:00,1850.6,2.7,
2026-01-30 13:00:00,1850.9,4.1,
2026-01-30 14:00:00,1840.4,0.7,
2026-01-30 15:00:00,1847.8,0.5,
2026-01-30 16:00:00,1844.7,1.2,
2026-01-30 17:00:00,1845.3,0.4,
2026-01-30 18:00:00,1852.8,3.0,
2026-01-30 19:00:00,1846.9,2.7,
2026-01-30 20:00:00,1855.8,0.4,
2026-01-30 21:00:00,1859.4,1.4,
2026-01-30 22:00:00,1859.8,0.7,
2026-01-30 23:00:00,1872.2,2.2,
2026-01-31 00:00:00,1872.0,0.8,
2026-01-31 01:00:00,1868.3,1.4,
2026-01-31 02:00:00,1881.5,1.0,
2026-01-31 03:00:00,1873.4,0.9,
2026-01-31 04:00:00,1874.1,0.2,
2026-01-31 05:00:00,1870.3,1.4,
2026-01-31 06:00:00,1872.5,2.2,
2026-01-31 07:00:00,1862.6,1.0,
2026-01-31 08:00:00,1860.8,2.0,
2026-01-31 09:00:00,1859.8,0.3,
2026-01-31 10:00:00,1867.5,3.7,
2026-01-31 11:00:00,1864.0,1.5,
2026-01-31 12:00:00,1874.1,5.0,
2026-01-31 13:00:00,1866.9,1.3,
2026-01-31 14:00:00,1870.5,2.9,
2026-01-31 15:00:00,1872.1,1.3,
2026-01-31 16:00:00,1871.9,0.3,
2026-01-31 17:00:00,1867.5,0.5,
2026-01-31 18:00:00,1866.1,0.9,
2026-01-31 19:00:00,1867.8,0.7,
2026-01-31 20:00:00,1854.1,6.8,
2026-01-31 21:00:00,1860.8,0.5,
2026-01-31 22:00:00,1876.4,6.1,
2026-01-31 23:00:00,1883.8,3.0,
2026-02-01 00:00:00,1878.3,1.3,
2026-02-01 01:00:00,1869.7,1.0,
2026-02-01 02:00:00,1868.9,2.2,
2026-02-01 03:00:00,1891.2,12.6,
2026-02-01 04:00:00,1877.7,0.0,
2026-02-01 05:00:00,1869.0,3.3,
2026-02-01 06:00:00,1870.8,1.2,
2026-02-01 07:00:00,1870.6,0.0,
2026-02-01 08:00:00,1867.0,0.3,
2026-02-01 09:00:00,1864.5,1.4,
2026-02-01 10:00:00,1867.9,2.1,
2026-02-01 11:00:00,1866.9,1.7,
2026-02-01 12:00:00,1863.9,2.0,
2026-02-01 13:00:00,1869.5,1.8,
2026-02-01 14:00:00,1871.4,1.5,
2026-02-01 15:00:00,1874.6,1.6,
2026-02-01 16:00:00,1864.8,3.3,
2026-02-01 17:00:00,1872.5,1.2,
2026-02-01 18:00:00,1870.1,4.1,
2026-02-01 19:00:00,1871.6,0.5,
2026-02-01 20:00:00,1865.3,1.8,
2026-02-01 21:00:00,1873.8,1.2,
2026-02-01 22:00:00,1884.7,1.5,
2026-02-01 23:00:00,1878.9,7.4,
2026-02-02 00:00:00,1892.2,2.4,
2026-02-02 01:00:00,1888.3,1.5,
2026-02-02 02:00:00,1898.6,3.9,
2026-02-02 03:00:00,1889.8,2.0,
2026-02-02 04:00:00,1881.2,0.8,
2026-02-02 05:00:00,1884.2,0.7,
2026-02-02 06:00:00,1887.5,4.5,
2026-02-02 07:00:00,1881.4,5.7,
2026-02-02 08:00:00,1866.7,3.4,
2026-02-02 09:00:00,1858.9,0.7,
2026-02-02 10:00:00,1862.3,0.6,
2026-02-02 11:00:00,1862.3,4.9,
2026-02-02 12:00:00,1853.7,0.1,
2026-02-02 13:00:00,1853.7,0.5,
2026-02-02 14:00:00,1857.5,5.4,
2026-02-02 15:00:00,1852.7,3.6,
2026-02-02 16:00:00,1853.4,1.9,
2026-02-02 17:00:00,1859.4,2.9,
2026-02-02 18:00:00,1847.4,5.6,
2026-02-02 19:00:00,1850.7,3.5,
2026-02-02 20:00:00,1848.7,12.9,
2026-02-02 21:00:00,1865.3,4.8,
2026-02-02 22:00:00,1863.0,5.5,
2026-02-02 23:00:00,1868.8,0.6,
2026-02-03 00:00:00,1861.5,0.9,
2026-02-03 01:00:00,1866.1,6.5,
2026-02-03 02:00:00,1867.0,5.0,
2026-02-03 03:00:00,1852.4,9.2,
2026-02-03 04:00:00,1854.0,5.1,
2026-02-03 05:00:00,1856.7,3.8,
2026-02-03 06:00:00,1839.8,8.7,
2026-02-03 07:00:00,1844.4,2.4,
2026-02-03 08:00:00,1840.7,1.8,
2026-02-03 09:00:00,1848.6,5.0,
2026-02-03 10:00:00,1846.4,2.2,
2026-02-03 11:00:00,1845.8,2.8,
2026-02-03 12:00:00,1849.7,1.6,
2026-02-03 13:00:00,1832.1,0.8,
2026-02-03 14:00:00,1832.6,1.5,
2026-02-03 15:00:00,1827.1,0.3,
2026-02-03 16:00:00,1808.7,5.2,
2026-02-03 17:00:00,1806.5,7.2,
2026-02-03 18:00:00,1811.5,5.5,
2026-02-03 19:00:00,1804.9,7.5,
2026-02-03 20:00:00,1802.1,2.4,
2026-02-03 21:00:00,1807.3,3.0,
2026-02-03 22:00:00,1804.7,8.1,
2026-02-03 23:00:00,1810.0,11.1,
2026-02-04 00:00:00,1828.3,5.4,
2026-02-04 01:00:00,1825.0,1.2,
2026-02-04 02:00:00,1829.4,1.4,
2026-02-04 03:00:00,1829.4,1.1,
2026-02-04 04:00:00,1822.1,0.7,
2026-02-04 05:00:00,1823.9,0.6,
2026-02-04 06:00:00,1821.8,0.6,
2026-02-04 07:00:00,1815.7,0.6,
2026-02-04 08:00:00,1808.6,0.6,
2026-02-04 09:00:00,1817.6,0.7,
2026-02-04 10:00:00,1813.2,0.6,
2026-02-04 11:00:00,1819.4,0.7,
2026-02-04 12:00:00,1824.0,0.6,
2026-02-04 13:00:00,1808.1,0.6,
2026-02-04 14:00:00,1794.3,0.6,
2026-02-04 15:00:00,1789.0,0.6,
2026-02-04 16:00:00,1770.3,0.7,
2026-02-04 17:00:00,1778.0,0.7,
2026-02-04 18:00:00,1775.4,0.6,
2026-02-04 19:00:00,1778.8,0.7,
2026-02-04 20:00:00,1786.2,0.7,
2026-02-04 21:00:00,1781.8,0.7,
2026-02-04 22:00:00,1770.6,0.7,
2026-02-04 23:00:00,1772.8,0.7,
2026-02-05 00:00:00,1789.7,0.9,
2026-02-05 01:00:00,1803.6,0.7,
2026-02-05 02:00:00,1805.8,0.6,
2026-02-05 03:00:00,1806.4,0.6,
2026-02-05 04:00:00,1799.8,0.5,
2026-02-05 05:00:00,1801.0,0.5,
2026-02-05 06:00:00,1804.5,0.5,
2026-02-05 07:00:00,1802.8,0.6,
2026-02-05 08:00:00,1800.4,0.6,
2026-02-05 09:00:00,1809.1,0.6,
2026-02-05 10:00:00,1806.6,0.6,
2026-02-05 11:00:00,1820.1,0.6,
2026-02-05 12:00:00,1827.2,0.6,
2026-02-05 13:00:00,1824.9,0.5,
2026-02-05 14:00:00,1828.7,0.6,
2026-02-05 15:00:00,1837.8,0.6,
2026-02-05 16:00:00,1829.7,0.6,
2026-02-05 17:00:00,1835.6,0.7,
2026-02-05 18:00:00,1829.1,0.6,
2026-02-05 19:00:00,1840.5,0.7,
2026-02-05 20:00:00,1846.3,0.7,
2026-02-05 21:00:00,1850.2,0.6,
2026-02-05 22:00:00,1848.3,0.6,
2026-02-05 23:00:00,1857.7,0.6,
2026-02-06 00:00:00,1850.8,0.9,
2026-02-06 01:00:00,1846.8,1.0,
2026-02-06 02:00:00,1856.6,0.9,
2026-02-06 03:00:00,1842.5,0.8,
2026-02-06 04:00:00,1838.4,0.7,
2026-02-06 05:00:00,1836.0,0.6,
2026-02-06 06:00:00,1832.7,0.6,
2026-02-06 07:00:00,1837.8,0.6,
2026-02-06 08:00:00,1831.0,0.6,
2026-02-06 09:00:00,1841.7,0.6,
2026-02-06 10:00:00,1836.0,0.6,
2026-02-06 11:00:00,1837.0,0.6,
2026-02-06 12:00:00,1841.7,0.6,
2026-02-06 13:00:00,1839.8,0.7,
2026-02-06 14:00:00,1843.0,0.6,
2026-02-06 15:00:00,1839.4,0.7,
2026-02-06 16:00:00,1841.6,0.7,
2026-02-06 17:00:00,1853.0,0.7,
2026-02-06 18:00:00,1852.6,0.6,
2026-02-06 19:00:00,1866.1,0.7,
2026-02-06 20:00:00,1849.4,0.7,
2026-02-06 21:00:00,1858.1,0.6,
2026-02-06 22:00:00,1865.0,0.6,
2026-02-06 23:00:00,1870.1,0.7,
2026-02-07 00:00:00,1881.2,0.8,
2026-02-07 01:00:00,1888.3,0.9,
2026-02-07 02:00:00,1889.8,1.0,
2026-02-07 03:00:00,1905.2,1.0,
2026-02-07 04:00:00,1891.9,0.8,
2026-02-07 05:00:00,1891.1,5.3,
2026-02-07 06:00:00,1875.5,1.3,
2026-02-07 07:00:00,1873.7,1.5,
2026-02-07 08:00:00,1863.2,1.3,
2026-02-07 09:00:00,1856.8,0.7,
2026-02-07 10:00:00,1850.7,3.7,
2026-02-07 11:00:00,1852.3,1.3,
2026-02-07 12:00:00,1846.9,2.9,
2026-02-07 13:00:00,1851.9,1.3,
2026-02-07 14:00:00,1850.2,0.6,
2026-02-07 15:00:00,1849.8,2.6,
2026-02-07 16:00:00,1845.6,4.9,
2026-02-07 17:00:00,1850.7,3.0,
2026-02-07 18:00:00,1860.2,2.0,
2026-02-07 19:00:00,1866.1,7.2,
2026-02-07 20:00:00,1868.9,0.8,
2026-02-07 21:00:00,1859.7,4.4,
2026-02-07 22:00:00,1870.9,0.4,
2026-02-07 23:00:00,1881.3,2.2,
2026-02-08 00:00:00,1865.0,7.4,
2026-02-08 01:00:00,1880.2,19.2,
2026-02-08 02:00:00,1872.2,4.0,
2026-02-08 03:00:00,1860.0,3.1,
2026-02-08 04:00:00,1865.3,1.8,
2026-02-08 05:00:00,1853.3,3.3,
2026-02-08 06:00:00,1850.3,1.2,
2026-02-08 07:00:00,1846.2,4.4,
2026-02-08 08:00:00,1837.0,2.4,
2026-02-08 09:00:00,1841.3,4.8,
2026-02-08 10:00:00,1846.9,1.1,
2026-02-08 11:00:00,1846.7,2.6,
2026-02-08 12:00:00,1836.9,0.6,
2026-02-08 13:00:00,1829.4,3.9,
2026-02-08 14:00:00,1829.0,1.0,
2026-02-08 15:00:00,1831.1,2.7,
2026-02-08 16:00:00,1830.2,0.4,
2026-02-08 17:00:00,1835.3,4.0,
2026-02-08 18:00:00,1839.9,3.2,
2026-02-08 19:00:00,1828.6,1.6,
2026-02-08 20:00:00,1836.8,0.5,
2026-02-08 21:00:00,1842.6,1.6,
2026-02-08 22:00:00,1845.4,1.4,
2026-02-08 23:00:00,1842.5,2.2,
2026-02-09 00:00:00,1845.6,2.1,
2026-02-09 01:00:00,1850.3,0.1,
2026-02-09 02:00:00,1852.1,2.8,
2026-02-09 03:00:00,1849.6,1.0,
2026-02-09 04:00:00,1855.2,4.6,
2026-02-09 05:00:00,1854.8,1.9,
2026-02-09 06:00:00,1840.3,2.6,
2026-02-09 07:00:00,1839.7,1.1,
2026-02-09 08:00:00,1841.6,2.9,
2026-02-09 09:00:00,1847.5,3.0,
2026-02-09 10:00:00,1852.0,3.8,
2026-02-09 11:00:00,1844.8,4.1,
2026-02-09 12:00:00,1842.4,5.5,
2026-02-09 13:00:00,1829.1,5.0,
2026-02-09 14:00:00,1823.4,2.6,
2026-02-09 15:00:00,1819.9,3.8,
2026-02-09 16:00:00,1810.8,2.9,
2026-02-09 17:00:00,1819.5,2.5,
2026-02-09 18:00:00,1823.4,3.2,
2026-02-09 19:00:00,1818.5,2.0,
2026-02-09 20:00:00,1822.7,2.9,
2026-02-09 21:00:00,1834.8,4.5,
2026-02-09 22:00:00,1840.4,7.2,
2026-02-09 23:00:00,1836.0,0.7,
2026-02-10 00:00:00,1812.1,2.2,
2026-02-10 01:00:00,1840.3,0.8,
2026-02-10 02:00:00,1825.7,3.2,
2026-02-10 03:00:00,1819.5,3.8,
2026-02-10 04:00:00,1811.9,2.3,
2026-02-10 05:00:00,1815.3,0.4,
2026-02-10 06:00:00,1808.5,4.5,
2026-02-10 07:00:00,1805.9,3.5,
2026-02-10 08:00:00,1806.1,1.0,
2026-02-10 09:00:00,1803.0,1.0,
2026-02-10 10:00:00,1803.0,0.1,
2026-02-10 11:00:00,1801.5,4.6,
2026-02-10 12:00:00,1806.0,0.7,
2026-02-10 13:00:00,1803.0,1.1,
2026-02-10 14:00:00,1806.8,0.3,
2026-02-10 15:00:00,1807.4,1.8,
2026-02-10 16:00:00,1809.7,3.3,
2026-02-10 17:00:00,1819.3,1.6,
2026-02-10 18:00:00,1834.5,2.1,
2026-02-10 19:00:00,1850.6,0.7,
2026-02-10 20:00:00,1855.2,2.2,
2026-02-10 21:00:00,1846.7,0.3,
2026-02-10 22:00:00,1850.7,0.7,
2026-02-10 23:00:00,1845.0,1.4,
2026-02-11 00:00:00,1830.1,0.3,
2026-02-11 01:00:00,1838.8,7.5,
2026-02-11 02:00:00,1840.0,11.8,
2026-02-11 03:00:00,1839.9,4.7,
2026-02-11 04:00:00,1841.7,7.8,
2026-02-11 05:00:00,1837.4,5.5,
2026-02-11 06:00:00,1840.0,2.9,
2026-02-11 07:00:00,1833.4,2.6,
2026-02-11 08:00:00,1825.4,3.1,
2026-02-11 09:00:00,1829.7,6.9,
2026-02-11 10:00:00,1824.0,1.2,
2026-02-11 11:00:00,1819.5,0.8,
2026-02-11 12:00:00,1818.9,1.6,
2026-02-11 13:00:00,1813.2,2.5,
2026-02-11 14:00:00,1807.8,0.8,
2026-02-11 15:00:00,1809.3,4.5,
2026-02-11 16:00:00,1824.4,5.0,
2026-02-11 17:00:00,1822.8,8.5,
2026-02-11 18:00:00,1842.4,4.2,
2026-02-11 19:00:00,1853.1,4.1,
2026-02-11 20:00:00,1862.3,5.3,
2026-02-11 21:00:00,1849.4,4.4,
2026-02-11 22:00:00,1841.8,8.1,
2026-02-11 23:00:00,1838.7,3.8,
2026-02-12 00:00:00,1824.4,0.5,
2026-02-12 01:00:00,1844.9,1.7,
2026-02-12 02:00:00,1850.0,2.2,
2026-02-12 03:00:00,1838.9,2.4,
2026-02-12 04:00:00,1833.0,0.8,
2026-02-12 05:00:00,1831.5,1.5,
2026-02-12 06:00:00,1828.0,2.4,
2026-02-12 07:00:00,1820.8,0.7,
2026-02-12 08:00:00,1814.2,0.7,
2026-02-12 09:00:00,1816.7,2.4,
2026-02-12 10:00:00,1815.5,1.4,
2026-02-12 11:00:00,1816.5,1.2,
2026-02-12 12:00:00,1821.2,1.4,
2026-02-12 13:00:00,1823.0,1.9,
2026-02-12 14:00:00,1824.0,3.6,
2026-02-12 15:00:00,1818.8,8.1,
2026-02-12 16:00:00,1823.5,5.9,
2026-02-12 17:00:00,1826.0,9.1,
2026-02-12 18:00:00,1837.8,6.7,
2026-02-12 19:00:00,1844.4,4.9,
2026-02-12 20:00:00,1853.2,6.3,
2026-02-12 21:00:00,1861.7,6.0,
2026-02-12 22:00:00,1859.6,8.8,
2026-02-12 23:00:00,1863.6,7.1,
2026-02-13 00:00:00,1847.1,18.7,
2026-02-13 01:00:00,1892.8,18.6,
2026-02-13 02:00:00,1861.1,3.0,
2026-02-13 03:00:00,1868.2,1.8,
2026-02-13 04:00:00,1872.5,4.8,
2026-02-13 05:00:00,1866.1,2.7,
2026-02-13 06:00:00,1864.8,1.6,
2026-02-13 07:00:00,1867.8,4.8,
2026-02-13 08:00:00,1874.9,3.9,
2026-02-13 09:00:00,1877.8,3.8,
2026-02-13 10:00:00,1877.6,2.0,
2026-02-13 11:00:00,1867.6,1.9,
2026-02-13 12:00:00,1860.6,1.9,
2026-02-13 13:00:00,1865.6,2.5,
2026-02-13 14:00:00,1858.7,0.9,
2026-02-13 15:00:00,1852.1,3.1,
2026-02-13 16:00:00,1850.6,1.8,
2026-02-13 17:00:00,1849.1,3.2,
2026-02-13 18:00:00,1847.6,1.5,
2026-02-13 19:00:00,1848.1,1.8,
2026-02-13 20:00:00,1863.1,3.0,
2026-02-13 21:00:00,1863.7,3.4,
2026-02-13 22:00:00,1865.8,1.3,
2026-02-13 23:00:00,1869.7,6.8,
2026-02-14 00:00:00,1862.1,6.4,
2026-02-14 01:00:00,1877.1,2.0,
2026-02-14 02:00:00,1864.0,0.7,
2026-02-14 03:00:00,1859.1,1.8,
2026-02-14 04:00:00,1845.8,4.2,
2026-02-14 05:00:00,1845.5,1.5,
2026-02-14 06:00:00,1839.0,0.7,
2026-02-14 07:00:00,1830.2,1.8,
2026-02-14 08:00:00,1827.9,0.6,
2026-02-14 09:00:00,1825.1,1.7,
2026-02-14 10:00:00,1829.4,3.0,
2026-02-14 11:00:00,1838.3,2.0,
2026-02-14 12:00:00,1843.1,2.7,
2026-02-14 13:00:00,1843.7,2.1,
2026-02-14 14:00:00,1844.6,4.0,
2026-02-14 15:00:00,1839.5,3.1,
2026-02-14 16:00:00,1842.1,4.5,
2026-02-14 17:00:00,1841.1,4.0,
2026-02-14 18:00:00,1838.0,3.2,
2026-02-14 19:00:00,1839.9,3.8,
2026-02-14 20:00:00,1837.3,6.7,
2026-02-14 21:00:00,1835.7,2.0,
2026-02-14 22:00:00,1845.4,6.1,
2026-02-14 23:00:00,1851.1,4.7,
2026-02-15 00:00:00,1835.6,2.2,
2026-02-15 01:00:00,1833.8,4.9,
2026-02-15 02:00:00,1833.1,4.8,
2026-02-15 03:00:00,1842.7,0.3,
2026-02-15 04:00:00,1833.8,2.6,
2026-02-15 05:00:00,1838.1,1.2,
2026-02-15 06:00:00,1831.1,1.9,
2026-02-15 07:00:00,1837.9,2.6,
2026-02-15 08:00:00,1836.2,2.1,
2026-02-15 09:00:00,1839.6,2.8,
2026-02-15 10:00:00,1836.6,0.7,
2026-02-15 11:00:00,1845.5,1.0,
2026-02-15 12:00:00,1842.7,2.5,
2026-02-15 13:00:00,1848.3,1.9,
2026-02-15 14:00:00,1846.1,0.8,
2026-02-15 15:00:00,1845.0,2.5,
2026-02-15 16:00:00,1845.0,0.4,
2026-02-15 17:00:00,1849.7,1.6,
2026-02-15 18:00:00,1845.5,3.2,
2026-02-15 19:00:00,1849.3,2.1,
2026-02-15 20:00:00,1848.5,1.8,
2026-02-15 21:00:00,1858.4,2.7,
2026-02-15 22:00:00,1871.8,6.1,
2026-02-15 23:00:00,1879.2,4.7,
2026-02-16 00:00:00,1869.1,8.1,
2026-02-16 01:00:00,1882.8,11.8,
2026-02-16 02:00:00,1874.4,10.6,
2026-02-16 03:00:00,1873.8,1.6,
2026-02-16 04:00:00,1865.9,0.6,
2026-02-16 05:00:00,1870.3,1.2,
2026-02-16 06:00:00,1873.5,1.0,
2026-02-16 07:00:00,1866.1,1.5,
2026-02-16 08:00:00,1864.9,2.0,
2026-02-16 09:00:00,1860.8,1.4,
2026-02-16 10:00:00,1867.7,1.2,
2026-02-16 11:00:00,1870.4,1.4,
2026-02-16 12:00:00,1867.0,1.0,
2026-02-16 13:00:00,1865.8,1.7,
2026-02-16 14:00:00,1867.3,1.1,
2026-02-16 15:00:00,1862.8,2.2,
2026-02-16 16:00:00,1865.4,1.8,
2026-02-16 17:00:00,1870.7,2.7,
2026-02-16 18:00:00,1866.3,2.4,
2026-02-16 19:00:00,1871.3,3.5,
2026-02-16 20:00:00,1881.9,1.8,
2026-02-16 21:00:00,1877.9,1.9,
2026-02-16 22:00:00,1876.4,4.1,
2026-02-16 23:00:00,1870.7,3.6,
2026-02-17 00:00:00,1866.4,0.8,
2026-02-17 01:00:00,1870.8,6.0,
2026-02-17 02:00:00,1875.8,1.2,
2026-02-17 03:00:00,1873.3,1.2,
2026-02-17 04:00:00,1867.4,0.4,
2026-02-17 05:00:00,1867.6,1.8,
2026-02-17 06:00:00,1863.1,2.0,
2026-02-17 07:00:00,1856.1,0.6,
2026-02-17 08:00:00,1853.5,0.8,
2026-02-17 09:00:00,1852.8,1.0,
2026-02-17 10:00:00,1856.9,3.2,
2026-02-17 11:00:00,1856.6,1.2,
2026-02-17 12:00:00,1855.8,3.7,
2026-02-17 13:00:00,1853.0,1.6,
2026-02-17 14:00:00,1858.9,0.2,
2026-02-17 15:00:00,1855.6,1.5,
2026-02-17 16:00:00,1863.0,2.9,
2026-02-17 17:00:00,1856.7,2.9,
2026-02-17 18:00:00,1850.6,4.2,
2026-02-17 19:00:00,1849.0,1.6,
2026-02-17 20:00:00,1844.3,5.1,
2026-02-17 21:00:00,1845.8,4.7,
2026-02-17 22:00:00,1856.4,3.1,
2026-02-17 23:00:00,1855.8,0.9,
2026-02-18 00:00:00,1868.0,2.4,
2026-02-18 01:00:00,1866.8,3.9,
2026-02-18 02:00:00,1865.4,3.4,
2026-02-18 03:00:00,1876.4,4.6,
2026-02-18 04:00:00,1876.0,1.8,
2026-02-18 05:00:00,1868.7,0.4,
2026-02-18 06:00:00,1872.0,2.0,
2026-02-18 07:00:00,1862.9,3.4,
2026-02-18 08:00:00,1855.6,1.5,
2026-02-18 09:00:00,1868.5,4.3,
2026-02-18 10:00:00,1863.5,0.3,
2026-02-18 11:00:00,1872.8,2.5,
2026-02-18 12:00:00,1869.6,4.5,
2026-02-18 13:00:00,1872.4,3.6,
2026-02-18 14:00:00,1872.0,3.9,
2026-02-18 15:00:00,1871.2,2.8,
2026-02-18 16:00:00,1871.2,0.9,
2026-02-18 17:00:00,1869.8,1.9,
2026-02-18 18:00:00,1867.3,2.4,
2026-02-18 19:00:00,1862.9,3.9,
2026-02-18 20:00:00,1858.1,1.5,
2026-02-18 21:00:00,1856.7,1.6,
2026-02-18 22:00:00,1854.0,1.9,
2026-02-18 23:00:00,1850.1,0.1,
2026-02-19 00:00:00,1857.4,1.2,
2026-02-19 01:00:00,1859.6,2.1,
2026-02-19 02:00:00,1855.1,6.1,
2026-02-19 03:00:00,1858.7,1.4,
2026-02-19 04:00:00,1865.5,2.3,
2026-02-19 05:00:00,1866.7,2.8,
2026-02-19 06:00:00,1865.7,2.2,
2026-02-19 07:00:00,1862.0,3.0,
2026-02-19 08:00:00,1861.8,3.9,
2026-02-19 09:00:00,1864.0,3.0,
2026-02-19 10:00:00,1862.8,3.0,
2026-02-19 11:00:00,1862.3,2.0,
2026-02-19 12:00:00,1865.9,5.3,
2026-02-19 13:00:00,1867.4,3.9,
2026-02-19 14:00:00,1867.1,6.3,
2026-02-19 15:00:00,1867.2,3.9,
2026-02-19 16:00:00,1867.9,2.5,
2026-02-19 17:00:00,1864.3,3.2,
2026-02-19 18:00:00,1862.6,4.1,
2026-02-19 19:00:00,1861.1,3.2,
2026-02-19 20:00:00,1857.4,2.2,
2026-02-19 21:00:00,1852.8,2.7,
2026-02-19 22:00:00,1851.3,1.8,
2026-02-19 23:00:00,1849.4,2.1,
2026-02-20 00:00:00,1850.4,1.2,
2026-02-20 01:00:00,1861.5,4.6,
2026-02-20 02:00:00,1868.9,7.3,
2026-02-20 03:00:00,1866.9,1.5,
2026-02-20 04:00:00,1870.5,2.8,
2026-02-20 05:00:00,1870.5,1.7,
2026-02-20 06:00:00,1865.1,2.3,
2026-02-20 07:00:00,1859.4,1.7,
2026-02-20 08:00:00,1863.1,3.4,
2026-02-20 09:00:00,1861.4,0.5,
2026-02-20 10:00:00,1860.6,1.6,
2026-02-20 11:00:00,1861.5,2.7,
2026-02-20 12:00:00,1859.5,2.7,
2026-02-20 13:00:00,1860.9,1.9,
2026-02-20 14:00:00,1860.1,2.2,
2026-02-20 15:00:00,1855.8,1.7,
2026-02-20 16:00:00,1855.2,1.5,
2026-02-20 17:00:00,1854.4,2.6,
2026-02-20 18:00:00,1849.9,1.8,
2026-02-20 19:00:00,1847.2,1.8,
2026-02-20 20:00:00,1848.5,1.3,
2026-02-20 21:00:00,1848.7,3.5,
2026-02-20 22:00:00,1851.6,2.2,
2026-02-20 23:00:00,1843.5,3.7,
2026-02-21 00:00:00,1838.7,6.5,
2026-02-21 01:00:00,1849.4,2.3,
2026-02-21 02:00:00,1849.3,5.4,
2026-02-21 03:00:00,1856.7,3.3,
2026-02-21 04:00:00,1860.0,3.1,
2026-02-21 05:00:00,1857.1,0.9,
2026-02-21 06:00:00,1859.4,1.1,
2026-02-21 07:00:00,1860.9,1.1,
2026-02-21 08:00:00,1856.2,1.2,
2026-02-21 09:00:00,1852.0,1.6,
2026-02-21 10:00:00,1850.3,3.2,
2026-02-21 11:00:00,1851.3,0.8,
2026-02-21 12:00:00,1847.2,2.4,
2026-02-21 13:00:00,1848.5,0.9,
2026-02-21 14:00:00,1845.5,1.2,
2026-02-21 15:00:00,1845.7,1.1,
2026-02-21 16:00:00,1841.9,0.3,
2026-02-21 17:00:00,1846.8,0.2,
2026-02-21 18:00:00,1836.0,3.2,
2026-02-21 19:00:00,1827.5,2.5,
2026-02-21 20:00:00,1829.4,2.1,
2026-02-21 21:00:00,1821.0,2.7,
2026-02-21 22:00:00,1823.9,3.5,
2026-02-21 23:00:00,1832.2,1.5,
2026-02-22 00:00:00,1838.1,4.9,
2026-02-22 01:00:00,1830.8,4.6,
2026-02-22 02:00:00,1842.6,2.0,
2026-02-22 03:00:00,1832.2,2.6,
2026-02-22 04:00:00,1833.7,2.7,
2026-02-22 05:00:00,1841.8,2.8,
2026-02-22 06:00:00,1832.0,1.5,
2026-02-22 07:00:00,1831.2,2.1,
2026-02-22 08:00:00,1841.1,3.8,
2026-02-22 09:00:00,1839.4,0.4,
2026-02-22 10:00:00,1837.5,1.7,
2026-02-22 11:00:00,1845.0,1.1,
2026-02-22 12:00:00,1848.2,3.2,
2026-02-22 13:00:00,1846.0,2.3,
2026-02-22 14:00:00,1848.1,2.3,
2026-02-22 15:00:00,1847.4,1.9,
2026-02-22 16:00:00,1853.3,1.7,
2026-02-22 17:00:00,1846.9,2.8,
2026-02-22 18:00:00,1837.8,4.8,
2026-02-22 19:00:00,1851.5,3.3,
2026-02-22 20:00:00,1862.8,5.3,
2026-02-22 21:00:00,1858.0,5.5,
2026-02-22 22:00:00,1864.6,6.9,
2026-02-22 23:00:00,1860.9,5.1,
2026-02-23 00:00:00,1868.5,10.7,
2026-02-23 01:00:00,1869.0,6.6,
2026-02-23 02:00:00,1872.1,5.0,
2026-02-23 03:00:00,1879.7,1.7,
2026-02-23 04:00:00,1876.6,3.4,
2026-02-23 05:00:00,1870.9,5.0,
2026-02-23 06:00:00,1875.1,1.4,
2026-02-23 07:00:00,1867.9,3.4,
2026-02-23 08:00:00,1868.6,3.7,
2026-02-23 09:00:00,1872.0,1.7,
2026-02-23 10:00:00,1865.0,2.6,
2026-02-23 11:00:00,1872.7,1.7,
2026-02-23 12:00:00,1871.6,0.4,
2026-02-23 13:00:00,1878.1,2.2,
2026-02-23 14:00:00,1875.8,1.1,
2026-02-23 15:00:00,1873.4,2.7,
2026-02-23 16:00:00,1872.1,2.5,
2026-02-23 17:00:00,1878.6,1.8,
2026-02-23 18:00:00,1870.7,4.3,
2026-02-23 19:00:00,1873.1,1.8,
2026-02-23 20:00:00,1864.0,0.7,
2026-02-23 21:00:00,1867.6,2.1,
2026-02-23 22:00:00,1865.4,3.2,
2026-02-23 23:00:00,1869.0,1.4,
2026-02-24 00:00:00,1877.3,4.7,
2026-02-24 01:00:00,1878.7,1.4,
2026-02-24 02:00:00,1887.2,4.6,
2026-02-24 03:00:00,1884.4,1.7,
2026-02-24 04:00:00,1873.9,1.5,
2026-02-24 05:00:00,1871.6,2.0,
2026-02-24 06:00:00,1872.5,1.4,
2026-02-24 07:00:00,1870.7,3.5,
2026-02-24 08:00:00,1865.4,1.7,
2026-02-24 09:00:00,1869.6,3.9,
2026-02-24 10:00:00,1868.4,1.7,
2026-02-24 11:00:00,1868.6,0.9,
2026-02-24 12:00:00,1866.7,3.5,
2026-02-24 13:00:00,1870.5,2.0,
2026-02-24 14:00:00,1872.7,0.6,
2026-02-24 15:00:00,1869.2,2.5,
2026-02-24 16:00:00,1877.5,2.5,
2026-02-24 17:00:00,1876.5,3.4,
2026-02-24 18:00:00,1866.5,3.1,
2026-02-24 19:00:00,1875.8,1.4,
2026-02-24 20:00:00,1871.2,2.8,
2026-02-24 21:00:00,1870.9,1.3,
2026-02-24 22:00:00,1869.0,3.0,
2026-02-24 23:00:00,1870.4,3.4,
2026-02-25 00:00:00,1882.6,4.1,
2026-02-25 01:00:00,1876.6,3.6,
2026-02-25 02:00:00,1883.8,0.7,
2026-02-25 03:00:00,1880.6,5.1,
2026-02-25 04:00:00,1874.5,2.4,
2026-02-25 05:00:00,1873.5,0.9,
2026-02-25 06:00:00,1865.2,1.4,
2026-02-25 07:00:00,1857.5,0.9,
2026-02-25 08:00:00,1853.5,2.1,
2026-02-25 09:00:00,1848.3,3.5,
2026-02-25 10:00:00,1850.0,3.3,
2026-02-25 11:00:00,1851.0,4.1,
2026-02-25 12:00:00,1843.2,4.4,
2026-02-25 13:00:00,1846.9,3.8,
2026-02-25 14:00:00,1847.1,2.6,
2026-02-25 15:00:00,1842.3,0.9,
2026-02-25 16:00:00,1846.0,2.8,
2026-02-25 17:00:00,1841.7,1.2,
2026-02-25 18:00:00,1835.1,3.5,
2026-02-25 19:00:00,1840.8,3.0,
2026-02-25 20:00:00,1839.0,1.6,
2026-02-25 21:00:00,1839.0,3.1,
2026-02-25 22:00:00,1840.7,1.8,
2026-02-25 23:00:00,1834.1,2.6,
2026-02-26 00:00:00,1833.9,0.3,
2026-02-26 01:00:00,1851.2,5.7,
2026-02-26 02:00:00,1850.6,1.7,
2026-02-26 03:00:00,1835.0,3.1,
2026-02-26 04:00:00,1825.9,3.0,
2026-02-26 05:00:00,1823.6,1.1,
2026-02-26 06:00:00,1824.6,0.4,
2026-02-26 07:00:00,1824.1,1.8,
2026-02-26 08:00:00,1827.3,2.2,
2026-02-26 09:00:00,1830.7,1.0,
2026-02-26 10:00:00,1823.8,2.1,
2026-02-26 11:00:00,1825.1,1.2,
2026-02-26 12:00:00,1823.7,1.6,
2026-02-26 13:00:00,1822.4,0.1,
2026-02-26 14:00:00,1826.4,2.4,
2026-02-26 15:00:00,1823.8,2.4,
2026-02-26 16:00:00,1821.6,3.4,
2026-02-26 17:00:00,1827.5,2.0,
2026-02-26 18:00:00,1825.6,2.1,
2026-02-26 19:00:00,1827.7,0.9,
2026-02-26 20:00:00,1824.0,1.3,
2026-02-26 21:00:00,1843.8,7.5,
2026-02-26 22:00:00,1849.4,3.1,
2026-02-26 23:00:00,1853.1,1.1,
2026-02-27 00:00:00,1851.9,0.4,
2026-02-27 01:00:00,1841.8,7.1,
2026-02-27 02:00:00,1822.6,13.5,
2026-02-27 03:00:00,1821.8,5.4,
2026-02-27 04:00:00,1823.8,1.1,
2026-02-27 05:00:00,1823.4,0.8,
2026-02-27 06:00:00,1819.9,1.8,
2026-02-27 07:00:00,1826.4,5.8,
2026-02-27 08:00:00,1816.2,2.5,
2026-02-27 09:00:00,1813.9,3.3,
2026-02-27 10:00:00,1807.1,3.2,
2026-02-27 11:00:00,1811.9,3.2,
2026-02-27 12:00:00,1811.4,3.4,
2026-02-27 13:00:00,1813.0,2.9,
2026-02-27 14:00:00,1808.1,5.1,
2026-02-27 15:00:00,1803.3,4.5,
2026-02-27 16:00:00,1810.0,2.2,
2026-02-27 17:00:00,1809.2,3.3,
2026-02-27 18:00:00,1810.8,3.2,
2026-02-27 19:00:00,1837.8,3.2,
2026-02-27 20:00:00,1848.6,3.8,
2026-02-27 21:00:00,1854.3,6.9,
2026-02-27 22:00:00,1859.3,5.5,
2026-02-27 23:00:00,1849.2,5.6,
2026-02-28 00:00:00,1850.8,1.4,
2026-02-28 01:00:00,1835.7,2.8,
2026-02-28 02:00:00,1845.7,1.5,
2026-02-28 03:00:00,1844.2,2.9,
2026-02-28 04:00:00,1840.1,0.6,
2026-02-28 05:00:00,1829.7,2.3,
2026-02-28 06:00:00,1829.8,2.1,
2026-02-28 07:00:00,1823.4,0.8,
2026-02-28 08:00:00,1826.8,3.1,
2026-02-28 09:00:00,1824.5,1.4,
2026-02-28 10:00:00,1821.6,0.9,
2026-02-28 11:00:00,1822.1,2.0,
2026-02-28 12:00:00,1825.4,5.3,
2026-02-28 13:00:00,1821.6,2.9,
2026-02-28 14:00:00,1816.7,2.0,
2026-02-28 15:00:00,1813.2,3.6,
2026-02-28 16:00:00,1820.1,5.2,
2026-02-28 17:00:00,1818.9,1.6,
2026-02-28 18:00:00,1826.8,4.0,
2026-02-28 19:00:00,1837.6,3.5,
2026-02-28 20:00:00,1838.3,5.3,
2026-02-28 21:00:00,1849.6,3.6,
2026-02-28 22:00:00,1845.7,2.4,
2026-02-28 23:00:00,1845.4,3.1,
2026-03-01 00:00:00,1837.8,1.9,
2026-03-01 01:00:00,1858.7,2.2,
2026-03-01 02:00:00,1863.4,2.2,
2026-03-01 03:00:00,1855.7,1.6,
2026-03-01 04:00:00,1849.7,4.8,
2026-03-01 05:00:00,1851.0,1.7,
2026-03-01 06:00:00,1844.4,3.7,
2026-03-01 07:00:00,1850.0,2.7,
2026-03-01 08:00:00,1836.2,3.2,
2026-03-01 09:00:00,1830.2,2.0,
2026-03-01 10:00:00,1817.6,0.2,
2026-03-01 11:00:00,1804.6,1.0,
2026-03-01 12:00:00,1802.7,1.5,
2026-03-01 13:00:00,1802.1,3.1,
2026-03-01 14:00:00,1794.2,3.8,
2026-03-01 15:00:00,1796.6,3.2,
2026-03-01 16:00:00,1801.6,0.4,
2026-03-01 17:00:00,1809.1,4.1,
2026-03-01 18:00:00,1831.0,8.1,
2026-03-01 19:00:00,1844.0,7.5,
2026-03-01 20:00:00,1831.7,6.2,
2026-03-01 21:00:00,1843.4,4.8,
2026-03-01 22:00:00,1843.7,2.8,
2026-03-01 23:00:00,1843.0,7.1,
2026-03-02 00:00:00,1841.6,0.2,
2026-03-02 01:00:00,1835.2,3.3,
2026-03-02 02:00:00,1843.4,0.6,
2026-03-02 03:00:00,1850.9,8.2,
2026-03-02 04:00:00,1852.7,2.0,
2026-03-02 05:00:00,1847.5,1.5,
2026-03-02 06:00:00,1837.7,3.6,
2026-03-02 07:00:00,1844.5,1.0,
2026-03-02 08:00:00,1838.7,5.1,
2026-03-02 09:00:00,1840.4,4.6,
2026-03-02 10:00:00,1840.0,6.8,
2026-03-02 11:00:00,1839.1,3.8,
2026-03-02 12:00:00,1836.1,1.3,
2026-03-02 13:00:00,1828.5,2.1,
2026-03-02 14:00:00,1826.6,1.3,
2026-03-02 15:00:00,1822.1,5.0,
2026-03-02 16:00:00,1824.8,6.4,
2026-03-02 17:00:00,1840.8,4.5,
2026-03-02 18:00:00,1832.7,8.8,
2026-03-02 19:00:00,1843.5,3.2,
2026-03-02 20:00:00,1832.2,4.6,
2026-03-02 21:00:00,1841.8,5.7,
2026-03-02 22:00:00,1827.9,6.0,
2026-03-02 23:00:00,1842.4,3.6,
2026-03-03 00:00:00,1830.7,5.3,
2026-03-03 01:00:00,1843.7,7.0,
2026-03-03 02:00:00,1850.0,5.1,
2026-03-03 03:00:00,1845.8,2.1,
2026-03-03 04:00:00,1845.7,2.3,
2026-03-03 05:00:00,1840.5,3.3,
2026-03-03 06:00:00,1834.6,2.1,
2026-03-03 07:00:00,1836.5,1.4,
2026-03-03 08:00:00,1831.3,0.9,
2026-03-03 09:00:00,1822.1,2.3,
2026-03-03 10:00:00,1819.4,4.4,
2026-03-03 11:00:00,1816.2,3.9,
2026-03-03 12:00:00,1819.5,3.2,
2026-03-03 13:00:00,1812.0,3.6,
2026-03-03 14:00:00,1810.1,3.5,
2026-03-03 15:00:00,1805.6,4.0,
2026-03-03 16:00:00,1809.7,3.5,
2026-03-03 17:00:00,1804.1,3.9,
2026-03-03 18:00:00,1808.6,2.8,
2026-03-03 19:00:00,1829.9,3.9,
2026-03-03 20:00:00,1822.9,6.2,
2026-03-03 21:00:00,1824.5,6.5,
2026-03-03 22:00:00,1832.6,4.7,
2026-03-03 23:00:00,1824.4,4.6,
2026-03-04 00:00:00,1822.6,5.9,
2026-03-04 01:00:00,1833.5,2.0,
2026-03-04 02:00:00,1828.7,0.3,
2026-03-04 03:00:00,1826.6,1.7,
2026-03-04 04:00:00,1829.2,1.1,
2026-03-04 05:00:00,1821.7,4.4,
2026-03-04 06:00:00,1823.1,3.0,
2026-03-04 07:00:00,1823.1,3.1,
2026-03-04 08:00:00,1823.6,1.5,
2026-03-04 09:00:00,1827.4,1.7,
2026-03-04 10:00:00,1824.7,2.5,
2026-03-04 11:00:00,1818.7,1.5,
2026-03-04 12:00:00,1824.5,3.3,
2026-03-04 13:00:00,1827.4,1.9,
2026-03-04 14:00:00,1819.4,3.2,
2026-03-04 15:00:00,1822.5,3.0,
2026-03-04 16:00:00,1832.1,6.9,
2026-03-04 17:00:00,1841.0,3.5,
2026-03-04 18:00:00,1860.9,2.0,
2026-03-04 19:00:00,1853.8,1.2,
2026-03-04 20:00:00,1861.5,1.7,
2026-03-04 21:00:00,1867.1,9.2,
2026-03-04 22:00:00,1861.1,2.9,
2026-03-04 23:00:00,1839.8,6.1,
2026-03-05 00:00:00,1841.5,2.5,
2026-03-05 01:00:00,1849.0,5.3,
2026-03-05 02:00:00,1853.8,5.8,
2026-03-05 03:00:00,1860.3,12.7,
2026-03-05 04:00:00,1842.1,14.5,
2026-03-05 05:00:00,1843.7,1.6,
2026-03-05 06:00:00,1841.5,5.6,
2026-03-05 07:00:00,1837.5,0.4,
2026-03-05 08:00:00,1836.2,3.5,
2026-03-05 09:00:00,1831.9,3.9,
2026-03-05 10:00:00,1843.8,5.3,
2026-03-05 11:00:00,1849.0,4.3,
2026-03-05 12:00:00,1853.1,2.6,
2026-03-05 13:00:00,1854.2,2.2,
2026-03-05 14:00:00,1860.1,1.9,
2026-03-05 15:00:00,1873.2,3.9,
2026-03-05 16:00:00,1865.7,1.2,
2026-03-05 17:00:00,1859.5,3.5,
2026-03-05 18:00:00,1865.1,1.9,
2026-03-05 19:00:00,1864.5,4.2,
2026-03-05 20:00:00,1876.8,5.5,
2026-03-05 21:00:00,1872.4,5.6,
2026-03-05 22:00:00,1881.5,4.6,
2026-03-05 23:00:00,1872.0,4.3,
2026-03-06 00:00:00,1867.5,0.6,
2026-03-06 01:00:00,1879.4,1.7,
2026-03-06 02:00:00,1875.9,1.5,
2026-03-06 03:00:00,1875.4,3.1,
2026-03-06 04:00:00,1871.3,2.6,
2026-03-06 05:00:00,1872.6,0.8,
2026-03-06 06:00:00,1862.1,0.6,
2026-03-06 07:00:00,1857.0,1.2,
2026-03-06 08:00:00,1855.9,1.3,
2026-03-06 09:00:00,1852.9,0.9,
2026-03-06 10:00:00,1857.9,0.4,
2026-03-06 11:00:00,1850.7,0.8,
2026-03-06 12:00:00,1852.4,1.1,
2026-03-06 13:00:00,1852.5,1.9,
2026-03-06 14:00:00,1847.1,3.1,
2026-03-06 15:00:00,1854.2,2.1,
2026-03-06 16:00:00,1856.3,2.1,
2026-03-06 17:00:00,1853.2,4.3,
2026-03-06 18:00:00,1856.7,3.6,
2026-03-06 19:00:00,1855.4,2.1,
2026-03-06 20:00:00,1852.9,2.9,
2026-03-06 21:00:00,1866.4,0.9,
2026-03-06 22:00:00,1879.6,4.7,
2026-03-06 23:00:00,1875.0,5.2,
2026-03-07 00:00:00,1867.1,4.9,
2026-03-07 01:00:00,1872.1,4.8,
2026-03-07 02:00:00,1874.5,0.7,
2026-03-07 03:00:00,1870.9,4.9,
2026-03-07 04:00:00,1873.2,7.4,
2026-03-07 05:00:00,1859.5,2.3,
2026-03-07 06:00:00,1847.5,2.1,
2026-03-07 07:00:00,1848.9,4.4,
2026-03-07 08:00:00,1846.3,2.1,
2026-03-07 09:00:00,1846.9,1.4,
2026-03-07 10:00:00,1849.2,1.3,
2026-03-07 11:00:00,1841.1,3.4,
2026-03-07 12:00:00,1842.7,6.0,
2026-03-07 13:00:00,1836.6,3.5,
2026-03-07 14:00:00,1833.7,2.5,
2026-03-07 15:00:00,1835.3,3.0,
2026-03-07 16:00:00,1839.9,0.9,
2026-03-07 17:00:00,1840.5,5.5,
2026-03-07 18:00:00,1835.3,3.1,
2026-03-07 19:00:00,1845.8,3.7,
2026-03-07 20:00:00,1848.5,2.3,
2026-03-07 21:00:00,1871.4,3.0,
2026-03-07 22:00:00,1880.8,5.7,
2026-03-07 23:00:00,1865.3,1.9,
2026-03-08 00:00:00,1868.7,3.7,
2026-03-08 01:00:00,1866.5,3.5,
2026-03-08 02:00:00,1862.1,1.3,
2026-03-08 03:00:00,1856.4,2.7,
2026-03-08 04:00:00,1853.5,4.0,
2026-03-08 05:00:00,1853.9,3.5,
2026-03-08 06:00:00,1848.8,2.9,
2026-03-08 07:00:00,1844.1,3.1,
2026-03-08 08:00:00,1834.4,7.0,
2026-03-08 09:00:00,1846.1,3.6,
2026-03-08 10:00:00,1845.9,6.0,
2026-03-08 11:00:00,1843.9,2.9,
2026-03-08 12:00:00,1850.1,2.9,
2026-03-08 13:00:00,1857.1,3.3,
2026-03-08 14:00:00,1854.4,4.4,
2026-03-08 15:00:00,1862.9,4.9,
2026-03-08 16:00:00,1855.5,4.6,
2026-03-08 17:00:00,1857.5,1.3,
2026-03-08 18:00:00,1856.2,1.3,
2026-03-08 19:00:00,1862.2,6.4,
2026-03-08 20:00:00,1853.9,9.4,
2026-03-08 21:00:00,1852.7,7.9,
2026-03-08 22:00:00,1860.4,5.9,
2026-03-08 23:00:00,1862.5,2.5,
2026-03-09 00:00:00,1853.3,9.3,
2026-03-09 01:00:00,1857.7,6.4,
2026-03-09 02:00:00,1864.6,2.4,
2026-03-09 03:00:00,1874.8,1.5,
2026-03-09 04:00:00,1863.8,1.2,
2026-03-09 05:00:00,1869.1,1.9,
2026-03-09 06:00:00,1867.5,2.5,
2026-03-09 07:00:00,1862.0,0.7,
2026-03-09 08:00:00,1867.0,2.4,
2026-03-09 09:00:00,1869.3,1.7,
2026-03-09 10:00:00,1870.0,2.5,
2026-03-09 11:00:00,1872.2,2.8,
2026-03-09 12:00:00,1870.9,2.9,
2026-03-09 13:00:00,1866.4,3.1,
2026-03-09 14:00:00,1863.2,0.9,
2026-03-09 15:00:00,1875.2,0.5,
2026-03-09 16:00:00,1879.3,4.3,
2026-03-09 17:00:00,1865.0,1.8,
2026-03-09 18:00:00,1876.6,5.8,
2026-03-09 19:00:00,1880.0,5.0,
2026-03-09 20:00:00,1882.6,6.6,
2026-03-09 21:00:00,1874.0,1.1,
2026-03-09 22:00:00,1857.6,2.4,
2026-03-09 23:00:00,1869.7,3.2,
2026-03-10 00:00:00,1884.1,2.1,
2026-03-10 01:00:00,1875.6,6.5,
2026-03-10 02:00:00,1869.9,3.9,
2026-03-10 03:00:00,1872.9,1.7,
2026-03-10 04:00:00,1873.0,1.5,
2026-03-10 05:00:00,1875.5,1.2,
2026-03-10 06:00:00,1871.7,3.4,
2026-03-10 07:00:00,1875.2,3.8,
2026-03-10 08:00:00,1875.3,2.1,
2026-03-10 09:00:00,1875.8,0.7,
2026-03-10 10:00:00,1880.4,3.0,
2026-03-10 11:00:00,1868.2,1.6,
2026-03-10 12:00:00,1876.6,0.3,
2026-03-10 13:00:00,1878.7,6.8,
2026-03-10 14:00:00,1869.0,1.0,
2026-03-10 15:00:00,1870.9,4.0,
2026-03-10 16:00:00,1866.3,2.4,
2026-03-10 17:00:00,1869.4,3.5,
2026-03-10 18:00:00,1868.3,1.3,
2026-03-10 19:00:00,1873.0,2.7,
2026-03-10 20:00:00,1882.5,6.9,
2026-03-10 21:00:00,1878.4,1.6,
2026-03-10 22:00:00,1874.8,2.9,
2026-03-10 23:00:00,1867.3,2.2,
2026-03-11 00:00:00,1879.7,3.3,
2026-03-11 01:00:00,1865.4,0.1,
2026-03-11 02:00:00,1874.0,0.8,
2026-03-11 03:00:00,1885.9,7.0,
2026-03-11 04:00:00,1883.3,2.5,
2026-03-11 05:00:00,1883.4,2.1,
2026-03-11 06:00:00,1883.2,1.0,
2026-03-11 07:00:00,1877.5,2.6,
2026-03-11 08:00:00,1886.7,2.0,
2026-03-11 09:00:00,1878.4,4.3,
2026-03-11 10:00:00,1882.1,1.6,
2026-03-11 11:00:00,1874.5,1.8,
2026-03-11 12:00:00,1881.0,1.3,
2026-03-11 13:00:00,1881.5,2.0,
2026-03-11 14:00:00,1878.2,3.1,
2026-03-11 15:00:00,1877.3,3.7,
2026-03-11 16:00:00,1881.4,1.1,
2026-03-11 17:00:00,1873.8,2.6,
2026-03-11 18:00:00,1870.3,3.7,
2026-03-11 19:00:00,1872.7,1.6,
2026-03-11 20:00:00,1862.7,0.7,
2026-03-11 21:00:00,1846.4,4.8,
2026-03-11 22:00:00,1852.1,2.9,
2026-03-11 23:00:00,1861.7,2.2,
2026-03-12 00:00:00,1869.0,1.1,
2026-03-12 01:00:00,1869.4,11.6,
2026-03-12 02:00:00,1885.1,11.0,
2026-03-12 03:00:00,1872.7,9.2,
2026-03-12 04:00:00,1885.8,5.7,
2026-03-12 05:00:00,1878.9,2.8,
2026-03-12 06:00:00,1874.9,5.3,
2026-03-12 07:00:00,1874.3,7.2,
2026-03-12 08:00:00,1867.6,0.8,
2026-03-12 09:00:00,1869.2,1.0,
2026-03-12 10:00:00,1873.7,0.5,
2026-03-12 11:00:00,1860.4,3.7,
2026-03-12 12:00:00,1862.4,5.5,
2026-03-12 13:00:00,1868.1,3.2,
2026-03-12 14:00:00,1868.7,1.0,
2026-03-12 15:00:00,1876.7,1.4,
2026-03-12 16:00:00,1873.3,2.2,
2026-03-12 17:00:00,1869.3,3.1,
2026-03-12 18:00:00,1870.9,2.6,
2026-03-12 19:00:00,1874.1,2.7,
2026-03-12 20:00:00,1844.8,1.4,
2026-03-12 21:00:00,1843.2,1.7,
2026-03-12 22:00:00,1853.7,1.5,
2026-03-12 23:00:00,1838.0,4.7,
2026-03-13 00:00:00,1829.7,1.4,
2026-03-13 01:00:00,1844.5,3.0,
2026-03-13 02:00:00,1856.5,5.2,
2026-03-13 03:00:00,1860.1,5.4,
2026-03-13 04:00:00,1850.4,4.3,
2026-03-13 05:00:00,1842.3,3.0,
2026-03-13 06:00:00,1844.5,0.5,
2026-03-13 07:00:00,1851.4,3.7,
2026-03-13 08:00:00,1841.2,2.7,
2026-03-13 09:00:00,1844.9,1.6,
2026-03-13 10:00:00,1834.6,3.9,
2026-03-13 11:00:00,1842.7,1.9,
2026-03-13 12:00:00,1846.8,3.8,
2026-03-13 13:00:00,1845.6,3.7,
2026-03-13 14:00:00,1843.9,4.8,
2026-03-13 15:00:00,1844.3,4.0,
2026-03-13 16:00:00,1843.9,5.1,
2026-03-13 17:00:00,1850.8,2.6,
2026-03-13 18:00:00,1849.6,1.3,
2026-03-13 19:00:00,1851.2,1.8,
2026-03-13 20:00:00,1844.2,2.1,
2026-03-13 21:00:00,1840.3,3.8,
2026-03-13 22:00:00,1837.3,5.4,
2026-03-13 23:00:00,1836.7,6.0,
2026-03-14 00:00:00,1842.2,4.6,
2026-03-14 01:00:00,1839.3,6.2,
2026-03-14 02:00:00,1841.9,3.1,
2026-03-14 03:00:00,1841.7,1.6,
2026-03-14 04:00:00,1837.1,0.6,
2026-03-14 05:00:00,1834.0,2.0,
2026-03-14 06:00:00,1826.9,1.1,
2026-03-14 07:00:00,1822.2,0.2,
2026-03-14 08:00:00,1825.6,1.4,
2026-03-14 09:00:00,1818.2,0.4,
2026-03-14 10:00:00,1810.8,1.3,
2026-03-14 11:00:00,1810.4,1.0,
2026-03-14 12:00:00,1814.8,1.9,
2026-03-14 13:00:00,1812.0,0.9,
2026-03-14 14:00:00,1809.2,2.0,
2026-03-14 15:00:00,1807.4,1.8,
2026-03-14 16:00:00,1809.5,1.8,
2026-03-14 17:00:00,1804.2,2.3,
2026-03-14 18:00:00,1830.3,6.3,
2026-03-14 19:00:00,1825.6,3.7,
2026-03-14 20:00:00,1820.6,3.7,
2026-03-14 21:00:00,1818.2,3.1,
2026-03-14 22:00:00,1823.1,1.6,
2026-03-14 23:00:00,1830.8,2.9,
2026-03-15 00:00:00,1829.4,6.7,
2026-03-15 01:00:00,1853.0,4.9,
2026-03-15 02:00:00,1858.6,3.8,
2026-03-15 03:00:00,1840.3,9.8,
2026-03-15 04:00:00,1822.8,4.8,
2026-03-15 05:00:00,1830.0,6.2,
2026-03-15 06:00:00,1837.8,7.6,
2026-03-15 07:00:00,1837.7,6.3,
2026-03-15 08:00:00,1840.9,7.6,
2026-03-15 09:00:00,1830.0,5.5,
2026-03-15 10:00:00,1824.1,3.4,
2026-03-15 11:00:00,1822.5,4.6,
2026-03-15 12:00:00,1821.9,2.8,
2026-03-15 13:00:00,1817.1,2.2,
2026-03-15 14:00:00,1817.4,1.7,
2026-03-15 15:00:00,1818.3,2.3,
2026-03-15 16:00:00,1819.5,1.1,
2026-03-15 17:00:00,1812.3,1.0,
2026-03-15 18:00:00,1823.9,2.8,
2026-03-15 19:00:00,1826.7,5.3,
2026-03-15 20:00:00,1822.8,1.7,
2026-03-15 21:00:00,1826.9,3.4,
2026-03-15 22:00:00,1832.5,6.3,
2026-03-15 23:00:00,1830.6,2.8,
2026-03-16 00:00:00,1817.4,4.8,
2026-03-16 01:00:00,1825.7,5.9,
2026-03-16 02:00:00,1829.0,2.3,
2026-03-16 03:00:00,1837.5,2.8,
2026-03-16 04:00:00,1854.0,6.1,
2026-03-16 05:00:00,1851.7,0.8,
2026-03-16 06:00:00,1837.5,5.3,
2026-03-16 07:00:00,1842.2,4.7,
2026-03-16 08:00:00,1839.7,3.0,
2026-03-16 09:00:00,1843.9,1.8,
2026-03-16 10:00:00,1843.9,2.1,
2026-03-16 11:00:00,1847.6,1.3,
2026-03-16 12:00:00,1852.0,1.9,
2026-03-16 13:00:00,1846.3,1.0,
2026-03-16 14:00:00,1841.5,0.3,
2026-03-16 15:00:00,1845.9,1.2,
2026-03-16 16:00:00,1828.6,1.6,
2026-03-16 17:00:00,1830.5,3.8,
2026-03-16 18:00:00,1848.7,4.6,
2026-03-16 19:00:00,1845.6,4.7,
2026-03-16 20:00:00,1845.3,7.2,
2026-03-16 21:00:00,1842.0,3.9,
2026-03-16 22:00:00,1835.2,3.1,
2026-03-16 23:00:00,1831.5,1.5,
2026-03-17 00:00:00,1825.1,4.8,
2026-03-17 01:00:00,1824.6,3.9,
2026-03-17 02:00:00,1826.4,4.2,
2026-03-17 03:00:00,1823.4,12.0,
2026-03-17 04:00:00,1826.0,1.8,
2026-03-17 05:00:00,1829.8,1.3,
2026-03-17 06:00:00,1839.8,5.1,
2026-03-17 07:00:00,1836.8,3.4,
2026-03-17 08:00:00,1844.1,1.5,
2026-03-17 09:00:00,1840.0,1.5,
2026-03-17 10:00:00,1836.4,1.3,
2026-03-17 11:00:00,1841.6,1.1,
2026-03-17 12:00:00,1847.1,0.7,
2026-03-17 13:00:00,1849.7,2.0,
2026-03-17 14:00:00,1853.1,2.8,
2026-03-17 15:00:00,1857.6,0.9,
2026-03-17 16:00:00,1855.9,0.3,
2026-03-17 17:00:00,1855.0,1.5,
2026-03-17 18:00:00,1860.6,6.2,
2026-03-17 19:00:00,1863.1,4.1,
2026-03-17 20:00:00,1856.0,4.2,
2026-03-17 21:00:00,1842.1,9.2,
2026-03-17 22:00:00,1837.8,8.8,
2026-03-17 23:00:00,1830.0,8.7,
2026-03-18 00:00:00,1830.6,6.5,
2026-03-18 01:00:00,1826.8,6.7,
2026-03-18 02:00:00,1846.8,1.1,
2026-03-18 03:00:00,1861.5,5.2,
2026-03-18 04:00:00,1859.5,1.9,
2026-03-18 05:00:00,1852.9,2.8,
2026-03-18 06:00:00,1859.8,5.8,
2026-03-18 07:00:00,1849.0,1.4,
2026-03-18 08:00:00,1860.6,0.5,
2026-03-18 09:00:00,1867.0,3.3,
2026-03-18 10:00:00,1870.5,3.8,
2026-03-18 11:00:00,1862.0,1.7,
2026-03-18 12:00:00,1873.8,0.8,
2026-03-18 13:00:00,1883.3,2.2,
2026-03-18 14:00:00,1888.7,0.9,
2026-03-18 15:00:00,1882.1,2.2,
2026-03-18 16:00:00,1881.9,1.3,
2026-03-18 17:00:00,1873.6,5.1,
2026-03-18 18:00:00,1874.2,0.9,
2026-03-18 19:00:00,1859.5,7.4,
2026-03-18 20:00:00,1875.7,4.3,
2026-03-18 21:00:00,1879.5,2.4,
2026-03-18 22:00:00,1878.8,4.8,
2026-03-18 23:00:00,1874.1,3.9,
2026-03-19 00:00:00,1875.0,4.9,
2026-03-19 01:00:00,1872.0,1.4,
2026-03-19 02:00:00,1872.4,1.6,
2026-03-19 03:00:00,1863.0,5.0,
2026-03-19 04:00:00,1858.0,0.8,
2026-03-19 05:00:00,1853.8,0.8,
2026-03-19 06:00:00,1849.8,3.6,
2026-03-19 07:00:00,1843.0,3.5,
2026-03-19 08:00:00,1839.6,3.9,
2026-03-19 09:00:00,1840.1,1.9,
2026-03-19 10:00:00,1838.0,4.2,
2026-03-19 11:00:00,1840.8,7.2,
2026-03-19 12:00:00,1842.1,8.2,
2026-03-19 13:00:00,1832.7,8.5,
2026-03-19 14:00:00,1825.0,2.9,
2026-03-19 15:00:00,1829.9,6.3,
2026-03-19 16:00:00,1821.4,3.5,
2026-03-19 17:00:00,1826.6,8.1,
2026-03-19 18:00:00,1823.7,7.1,
2026-03-19 19:00:00,1828.3,8.3,
2026-03-19 20:00:00,1832.4,11.4,
2026-03-19 21:00:00,1819.9,3.5,
2026-03-19 22:00:00,1808.6,2.9,
2026-03-19 23:00:00,1815.8,5.8,
2026-03-20 00:00:00,1806.9,1.6,
2026-03-20 01:00:00,1819.5,1.1,
2026-03-20 02:00:00,1824.3,1.7,
2026-03-20 03:00:00,1829.2,4.7,
2026-03-20 04:00:00,1834.4,5.3,
2026-03-20 05:00:00,1824.0,2.0,
2026-03-20 06:00:00,1820.2,2.9,
2026-03-20 07:00:00,1821.7,1.4,
2026-03-20 08:00:00,1824.7,1.9,
2026-03-20 09:00:00,1822.0,2.2,
2026-03-20 10:00:00,1823.9,1.0,
2026-03-20 11:00:00,1820.9,4.0,
2026-03-20 12:00:00,1816.6,3.9,
2026-03-20 13:00:00,1812.0,2.1,
2026-03-20 14:00:00,1817.4,3.3,
2026-03-20 15:00:00,1812.7,0.9,
2026-03-20 16:00:00,1808.7,0.7,
2026-03-20 17:00:00,1807.3,1.6,
2026-03-20 18:00:00,1805.7,1.3,
2026-03-20 19:00:00,1802.2,2.0,
2026-03-20 20:00:00,1812.3,1.9,
2026-03-20 21:00:00,1793.5,5.1,
2026-03-20 22:00:00,1798.0,1.9,
2026-03-20 23:00:00,1804.8,3.0,
2026-03-21 00:00:00,1805.7,5.6,
2026-03-21 01:00:00,1821.3,2.5,
2026-03-21 02:00:00,1818.9,1.7,
2026-03-21 03:00:00,1819.8,2.0,
2026-03-21 04:00:00,1819.0,0.8,
2026-03-21 05:00:00,1815.6,3.0,
2026-03-21 06:00:00,1816.4,3.2,
2026-03-21 07:00:00,1815.0,3.1,
2026-03-21 08:00:00,1811.0,4.9,
2026-03-21 09:00:00,1815.8,3.2,
2026-03-21 10:00:00,1811.7,3.8,
2026-03-21 11:00:00,1814.5,3.6,
2026-03-21 12:00:00,1821.9,2.8,
2026-03-21 13:00:00,1815.4,0.8,
2026-03-21 14:00:00,1818.2,2.8,
2026-03-21 15:00:00,1822.2,3.4,
2026-03-21 16:00:00,1824.0,0.3,
2026-03-21 17:00:00,1818.5,3.5,
2026-03-21 18:00:00,1828.8,0.5,
2026-03-21 19:00:00,1823.2,2.9,
2026-03-21 20:00:00,1815.0,2.0,
2026-03-21 21:00:00,1811.4,3.1,
2026-03-21 22:00:00,1826.3,1.7,
2026-03-21 23:00:00,1834.3,3.2,
2026-03-22 00:00:00,1837.8,4.1,
2026-03-22 01:00:00,1847.9,0.4,
2026-03-22 02:00:00,1855.8,0.8,
2026-03-22 03:00:00,1860.2,2.8,
2026-03-22 04:00:00,1862.4,1.4,
2026-03-22 05:00:00,1860.6,1.2,
2026-03-22 06:00:00,1862.5,1.2,
2026-03-22 07:00:00,1855.4,4.2,
2026-03-22 08:00:00,1854.9,2.1,
2026-03-22 09:00:00,1863.5,0.6,
2026-03-22 10:00:00,1860.2,0.6,
2026-03-22 11:00:00,1859.4,0.5,
2026-03-22 12:00:00,1863.1,3.0,
2026-03-22 13:00:00,1852.0,0.6,
2026-03-22 14:00:00,1849.9,1.6,
2026-03-22 15:00:00,1848.1,0.1,
2026-03-22 16:00:00,1840.4,1.4,
2026-03-22 17:00:00,1843.2,2.2,
2026-03-22 18:00:00,1853.7,8.7,
2026-03-22 19:00:00,1861.3,7.8,
2026-03-22 20:00:00,1875.6,5.4,
2026-03-22 21:00:00,1868.0,0.4,
2026-03-22 22:00:00,1867.0,1.6,
2026-03-22 23:00:00,1872.9,0.1,
2026-03-23 00:00:00,1866.6,9.1,
2026-03-23 01:00:00,1861.9,1.7,
2026-03-23 02:00:00,1860.5,1.9,
2026-03-23 03:00:00,1860.9,1.3,
2026-03-23 04:00:00,1857.3,1.0,
2026-03-23 05:00:00,1852.4,1.3,
2026-03-23 06:00:00,1856.2,2.7,
2026-03-23 07:00:00,1851.2,2.7,
2026-03-23 08:00:00,1855.9,0.9,
2026-03-23 09:00:00,1862.1,0.5,
2026-03-23 10:00:00,1853.7,1.2,
2026-03-23 11:00:00,1855.7,1.5,
2026-03-23 12:00:00,1850.0,0.2,
2026-03-23 13:00:00,1845.4,1.0,
2026-03-23 14:00:00,1844.3,2.5,
2026-03-23 15:00:00,1847.8,1.1,
2026-03-23 16:00:00,1843.0,1.6,
2026-03-23 17:00:00,1837.6,0.2,
2026-03-23 18:00:00,1836.2,0.7,
2026-03-23 19:00:00,1837.8,3.0,
2026-03-23 20:00:00,1828.5,6.2,
2026-03-23 21:00:00,1830.7,6.4,
2026-03-23 22:00:00,1838.3,7.2,
2026-03-23 23:00:00,1832.0,12.7,
2026-03-24 00:00:00,1826.2,1.0,
2026-03-24 01:00:00,1847.7,4.1,
2026-03-24 02:00:00,1838.6,6.5,
2026-03-24 03:00:00,1849.5,0.2,
2026-03-24 04:00:00,1846.3,0.2,
2026-03-24 05:00:00,1834.7,4.1,
2026-03-24 06:00:00,1836.9,4.8,
2026-03-24 07:00:00,1845.6,1.4,
2026-03-24 08:00:00,1837.0,1.6,
2026-03-24 09:00:00,1833.2,2.6,
2026-03-24 10:00:00,1825.9,2.8,
2026-03-24 11:00:00,1828.5,1.5,
2026-03-24 12:00:00,1839.5,5.9,
2026-03-24 13:00:00,1828.1,0.9,
2026-03-24 14:00:00,1826.8,0.9,
2026-03-24 15:00:00,1828.6,3.2,
2026-03-24 16:00:00,1827.2,4.6,
2026-03-24 17:00:00,1840.4,3.0,
2026-03-24 18:00:00,1844.3,4.2,
2026-03-24 19:00:00,1847.8,0.3,
2026-03-24 20:00:00,1860.4,2.7,
2026-03-24 21:00:00,1854.2,0.7,
2026-03-24 22:00:00,1855.1,0.8,
2026-03-24 23:00:00,1862.0,3.7,
2026-03-25 00:00:00,1864.4,1.2,
2026-03-25 01:00:00,1881.2,0.8,
2026-03-25 02:00:00,1867.2,5.0,
2026-03-25 03:00:00,1868.3,1.9,
2026-03-25 04:00:00,1850.8,5.9,
2026-03-25 05:00:00,1850.6,0.5,
2026-03-25 06:00:00,1843.9,2.2,
2026-03-25 07:00:00,1834.3,1.3,
2026-03-25 08:00:00,1841.5,1.0,
2026-03-25 09:00:00,1832.7,2.3,
2026-03-25 10:00:00,1828.6,0.5,
2026-03-25 11:00:00,1833.9,1.9,
2026-03-25 12:00:00,1831.7,1.9,
2026-03-25 13:00:00,1831.7,0.9,
2026-03-25 14:00:00,1835.8,1.9,
2026-03-25 15:00:00,1829.2,2.2,
2026-03-25 16:00:00,1826.6,1.5,
2026-03-25 17:00:00,1832.2,0.1,
2026-03-25 18:00:00,1845.1,4.2,
2026-03-25 19:00:00,1868.8,1.9,
2026-03-25 20:00:00,1866.9,2.9,
2026-03-25 21:00:00,1866.2,1.1,
2026-03-25 22:00:00,1866.2,1.3,
2026-03-25 23:00:00,1878.8,0.9,
2026-03-26 00:00:00,1868.5,1.0,
2026-03-26 01:00:00,1855.2,6.5,
2026-03-26 02:00:00,1859.9,5.3,
2026-03-26 03:00:00,1854.6,4.2,
2026-03-26 04:00:00,1859.8,3.6,
2026-03-26 05:00:00,1856.3,0.1,
2026-03-26 06:00:00,1848.4,1.7,
2026-03-26 07:00:00,1848.5,3.4,
2026-03-26 08:00:00,1850.1,2.3,
2026-03-26 09:00:00,1849.5,4.0,
2026-03-26 10:00:00,1832.3,2.1,
2026-03-26 11:00:00,1827.6,4.4,
2026-03-26 12:00:00,1839.4,6.2,
2026-03-26 13:00:00,1826.0,1.2,
2026-03-26 14:00:00,1809.4,9.9,
2026-03-26 15:00:00,1818.7,2.9,
2026-03-26 16:00:00,1817.1,7.1,
2026-03-26 17:00:00,1840.9,2.2,
2026-03-26 18:00:00,1844.0,9.0,
2026-03-26 19:00:00,1853.7,0.9,
2026-03-26 20:00:00,1855.8,8.9,
2026-03-26 21:00:00,1863.7,1.0,
2026-03-26 22:00:00,1867.3,6.0,
2026-03-26 23:00:00,1852.8,7.0,
2026-03-27 00:00:00,1846.3,0.9,
2026-03-27 01:00:00,1850.2,0.2,
2026-03-27 02:00:00,1859.5,1.6,
2026-03-27 03:00:00,1857.1,2.1,
2026-03-27 04:00:00,1860.7,3.7,
2026-03-27 05:00:00,1849.6,0.9,
2026-03-27 06:00:00,1855.8,4.0,
2026-03-27 07:00:00,1847.3,1.7,
2026-03-27 08:00:00,1835.1,0.6,
2026-03-27 09:00:00,1840.4,2.3,
2026-03-27 10:00:00,1844.9,2.2,
2026-03-27 11:00:00,1874.2,8.2,
2026-03-27 12:00:00,1871.1,1.9,
2026-03-27 13:00:00,1864.5,1.8,
2026-03-27 14:00:00,1869.7,2.0,
2026-03-27 15:00:00,1871.6,2.5,
2026-03-27 16:00:00,1874.7,0.3,
2026-03-27 17:00:00,1871.5,1.0,
2026-03-27 18:00:00,1861.4,4.2,
2026-03-27 19:00:00,1861.6,3.2,
2026-03-27 20:00:00,1853.9,8.3,
2026-03-27 21:00:00,1853.8,7.1,
2026-03-27 22:00:00,1869.6,4.9,
2026-03-27 23:00:00,1872.8,7.5,
2026-03-28 00:00:00,1879.9,0.9,
2026-03-28 01:00:00,1882.3,1.8,
2026-03-28 02:00:00,1885.0,0.4,
2026-03-28 03:00:00,1876.8,1.8,
2026-03-28 04:00:00,1874.6,2.1,
2026-03-28 05:00:00,1865.9,1.9,
2026-03-28 06:00:00,1867.4,2.9,
2026-03-28 07:00:00,1874.1,0.4,
2026-03-28 08:00:00,1864.5,6.0,
2026-03-28 09:00:00,1870.5,0.1,
2026-03-28 10:00:00,1863.3,3.1,
2026-03-28 11:00:00,1870.6,1.3,
2026-03-28 12:00:00,1871.5,1.9,
2026-03-28 13:00:00,1874.7,4.1,
2026-03-28 14:00:00,1859.3,3.8,
2026-03-28 15:00:00,1856.1,1.9,
2026-03-28 16:00:00,1849.4,0.7,
2026-03-28 17:00:00,1850.5,1.1,
2026-03-28 18:00:00,1876.2,9.9,
2026-03-28 19:00:00,1845.4,0.2,
2026-03-28 20:00:00,1847.2,5.8,
2026-03-28 21:00:00,1854.0,4.2,
2026-03-28 22:00:00,1834.1,4.7,
2026-03-28 23:00:00,1874.1,3.6,
2026-03-29 00:00:00,1862.5,8.1,
2026-03-29 01:00:00,1868.0,2.0,
2026-03-29 02:00:00,1884.7,9.0,
2026-03-29 03:00:00,1878.3,2.4,
2026-03-29 04:00:00,1866.6,0.9,
2026-03-29 05:00:00,1864.3,2.6,
2026-03-29 06:00:00,1869.2,2.0,
2026-03-29 07:00:00,1867.1,3.5,
2026-03-29 08:00:00,1857.0,1.4,
2026-03-29 09:00:00,1844.0,3.3,
2026-03-29 10:00:00,1847.3,3.3,
2026-03-29 11:00:00,1858.9,3.2,
2026-03-29 12:00:00,1858.4,1.5,
2026-03-29 13:00:00,1846.2,2.8,
2026-03-29 14:00:00,1839.5,0.4,
2026-03-29 15:00:00,1857.2,0.2,
2026-03-29 16:00:00,1859.9,1.6,
2026-03-29 17:00:00,1865.1,1.4,
2026-03-29 18:00:00,1854.9,1.7,
2026-03-29 19:00:00,1858.9,0.8,
2026-03-29 20:00:00,1855.0,7.1,
2026-03-29 21:00:00,1871.4,6.3,
2026-03-29 22:00:00,1891.2,4.8,
2026-03-29 23:00:00,1858.1,5.7,
2026-03-30 00:00:00,1865.9,2.7,
2026-03-30 01:00:00,1871.3,2.3,
2026-03-30 02:00:00,1862.1,3.7,
2026-03-30 03:00:00,1872.3,6.8,
2026-03-30 04:00:00,1875.0,5.9,
2026-03-30 05:00:00,1861.6,2.2,
2026-03-30 06:00:00,1880.1,5.6,
2026-03-30 07:00:00,1865.5,2.5,
2026-03-30 08:00:00,1871.1,0.9,
2026-03-30 09:00:00,1864.7,2.9,
2026-03-30 10:00:00,1870.4,2.2,
2026-03-30 11:00:00,1875.7,1.5,
2026-03-30 12:00:00,1877.4,3.1,
2026-03-30 13:00:00,1879.6,2.1,
2026-03-30 14:00:00,1875.2,1.0,
2026-03-30 15:00:00,1857.6,1.6,
2026-03-30 16:00:00,1856.5,2.8,
2026-03-30 17:00:00,1869.0,4.0,
2026-03-30 18:00:00,1863.8,1.1,
2026-03-30 19:00:00,1860.1,3.7,
2026-03-30 20:00:00,1860.8,2.7,
2026-03-30 21:00:00,1876.8,3.1,
2026-03-30 22:00:00,1860.6,6.1,
2026-03-30 23:00:00,1864.6,1.4,
2026-03-31 00:00:00,1866.8,6.5,
2026-03-31 01:00:00,1860.1,0.2,
2026-03-31 02:00:00,1858.6,3.0,
2026-03-31 03:00:00,1878.4,5.9,
2026-03-31 04:00:00,1870.2,1.7,
2026-03-31 05:00:00,1864.9,0.8,
2026-03-31 06:00:00,1865.3,2.1,
2026-03-31 07:00:00,1861.0,1.0,
2026-03-31 08:00:00,1861.2,1.4,
2026-03-31 09:00:00,1854.7,2.0,
2026-03-31 10:00:00,1849.4,0.5,
2026-03-31 11:00:00,1857.4,0.7,
2026-03-31 12:00:00,1853.5,1.5,
2026-03-31 13:00:00,1858.8,2.2,
2026-03-31 14:00:00,1859.7,1.4,
2026-03-31 15:00:00,1853.9,2.5,
2026-03-31 16:00:00,1857.0,4.9,
2026-03-31 17:00:00,1847.9,1.2,
2026-03-31 18:00:00,1849.3,4.4,
2026-03-31 19:00:00,1856.3,4.2,
2026-03-31 20:00:00,1854.6,2.0,
2026-03-31 21:00:00,1852.0,0.4,
2026-03-31 22:00:00,1847.0,6.3,
2026-03-31 23:00:00,1846.9,3.6,
2026-04-01 00:00:00,1866.5,2.3,
2026-04-01 01:00:00,1855.3,0.4,
2026-04-01 02:00:00,1859.4,0.5,
2026-04-01 03:00:00,1858.2,0.5,
2026-04-01 04:00:00,1855.7,0.5,
2026-04-01 05:00:00,1860.2,0.5,
2026-04-01 06:00:00,1856.5,0.5,
2026-04-01 07:00:00,1845.8,0.5,
2026-04-01 08:00:00,1841.6,0.5,
2026-04-01 09:00:00,1837.8,0.4,
2026-04-01 10:00:00,1844.5,0.4,
2026-04-01 11:00:00,1848.0,0.5,
2026-04-01 12:00:00,1843.7,0.4,
2026-04-01 13:00:00,1840.2,0.5,
2026-04-01 14:00:00,1844.6,0.5,
2026-04-01 15:00:00,1823.9,0.7,
2026-04-01 16:00:00,1826.8,0.5,
2026-04-01 17:00:00,1831.5,0.5,
2026-04-01 18:00:00,1828.2,0.6,
2026-04-01 19:00:00,1827.7,0.6,
2026-04-01 20:00:00,1825.6,0.5,
2026-04-01 21:00:00,1840.7,0.5,
2026-04-01 22:00:00,1831.2,0.5,
2026-04-01 23:00:00,1845.4,0.5,
2026-04-02 00:00:00,1856.0,0.6,
2026-04-02 01:00:00,1860.4,0.5,
2026-04-02 02:00:00,1859.1,0.5,
2026-04-02 03:00:00,1869.2,0.6,
2026-04-02 04:00:00,1859.6,0.5,
2026-04-02 05:00:00,1866.0,0.5,
2026-04-02 06:00:00,1872.0,0.5,
2026-04-02 07:00:00,1871.4,0.5,
2026-04-02 08:00:00,1861.1,0.4,
2026-04-02 09:00:00,1854.5,0.4,
2026-04-02 10:00:00,1839.1,0.4,
2026-04-02 11:00:00,1844.5,0.4,
2026-04-02 12:00:00,1849.4,0.4,
2026-04-02 13:00:00,1847.6,0.5,
2026-04-02 14:00:00,1847.8,0.4,
2026-04-02 15:00:00,1846.0,0.5,
2026-04-02 16:00:00,1838.7,0.4,
2026-04-02 17:00:00,1843.2,0.4,
2026-04-02 18:00:00,1835.1,0.4,
2026-04-02 19:00:00,1842.3,0.5,
2026-04-02 20:00:00,1849.3,0.4,
2026-04-02 21:00:00,1848.4,0.5,
2026-04-02 22:00:00,1849.5,0.5,
2026-04-02 23:00:00,1842.8,0.5,
2026-04-03 00:00:00,1852.5,0.6,
2026-04-03 01:00:00,1846.1,0.4,
2026-04-03 02:00:00,1858.8,0.5,
2026-04-03 03:00:00,1865.5,0.5,
2026-04-03 04:00:00,1858.1,0.5,
2026-04-03 05:00:00,1857.3,0.6,
2026-04-03 06:00:00,1853.5,0.5,
2026-04-03 07:00:00,1850.6,0.6,
2026-04-03 08:00:00,1842.6,0.5,
2026-04-03 09:00:00,1844.5,0.5,
2026-04-03 10:00:00,1847.7,0.5,
2026-04-03 11:00:00,1849.1,0.5,
2026-04-03 12:00:00,1849.5,0.5,
2026-04-03 13:00:00,1837.8,0.5,
2026-04-03 14:00:00,1832.9,0.5,
2026-04-03 15:00:00,1831.7,0.6,
2026-04-03 16:00:00,1828.9,0.5,
2026-04-03 17:00:00,1836.3,0.5,
2026-04-03 18:00:00,1859.7,0.6,
2026-04-03 19:00:00,1848.3,0.6,
2026-04-03 20:00:00,1850.6,0.5,
2026-04-03 21:00:00,1846.0,0.6,
2026-04-03 22:00:00,1849.1,0.5,
2026-04-03 23:00:00,1852.6,0.6,
2026-04-04 00:00:00,1862.8,0.9,
2026-04-04 01:00:00,1859.9,0.9,
2026-04-04 02:00:00,1861.4,0.6,
2026-04-04 03:00:00,1858.3,2.0,
2026-04-04 04:00:00,1856.7,3.5,
2026-04-04 05:00:00,1863.3,0.1,
2026-04-04 06:00:00,1858.7,2.5,
2026-04-04 07:00:00,1859.6,1.6,
2026-04-04 08:00:00,1854.5,5.0,
2026-04-04 09:00:00,1853.5,3.6,
2026-04-04 10:00:00,1856.5,1.9,
2026-04-04 11:00:00,1854.3,4.8,
2026-04-04 12:00:00,1859.3,3.1,
2026-04-04 13:00:00,1841.6,2.8,
2026-04-04 14:00:00,1855.5,4.2,
2026-04-04 15:00:00,1849.1,0.8,
2026-04-04 16:00:00,1852.9,0.2,
2026-04-04 17:00:00,1866.4,0.7,
2026-04-04 18:00:00,1852.9,3.8,
2026-04-04 19:00:00,1864.5,2.0,
2026-04-04 20:00:00,1854.3,2.5,
2026-04-04 21:00:00,1876.7,6.8,
2026-04-04 22:00:00,1875.6,2.1,
2026-04-04 23:00:00,1875.2,0.4,
2026-04-05 00:00:00,1883.9,0.6,
2026-04-05 01:00:00,1874.3,4.8,
2026-04-05 02:00:00,1871.1,0.8,
2026-04-05 03:00:00,1868.1,2.7,
2026-04-05 04:00:00,1856.8,0.9,
2026-04-05 05:00:00,1869.1,5.7,
2026-04-05 06:00:00,1870.2,7.9,
2026-04-05 07:00:00,1865.1,4.0,
2026-04-05 08:00:00,1868.6,2.9,
2026-04-05 09:00:00,1870.1,1.7,
2026-04-05 10:00:00,1868.5,1.7,
2026-04-05 11:00:00,1863.8,1.4,
2026-04-05 12:00:00,1864.8,3.0,
2026-04-05 13:00:00,1876.0,2.7,
2026-04-05 14:00:00,1872.0,1.5,
2026-04-05 15:00:00,1869.2,1.5,
2026-04-05 16:00:00,1875.8,3.5,
2026-04-05 17:00:00,1873.9,2.9,
2026-04-05 18:00:00,1880.4,2.8,
2026-04-05 19:00:00,1877.4,4.2,
2026-04-05 20:00:00,1864.7,1.5,
2026-04-05 21:00:00,1872.0,0.3,
2026-04-05 22:00:00,1871.8,3.1,
2026-04-05 23:00:00,1873.1,0.1,
2026-04-06 00:00:00,1875.2,0.8,
2026-04-06 01:00:00,1868.3,1.2,
2026-04-06 02:00:00,1858.9,6.9,
2026-04-06 03:00:00,1862.3,2.8,
2026-04-06 04:00:00,1864.9,4.1,
2026-04-06 05:00:00,1864.1,0.6,
2026-04-06 06:00:00,1860.8,0.0,
2026-04-06 07:00:00,1857.5,3.8,
2026-04-06 08:00:00,1855.9,0.4,
2026-04-06 09:00:00,1848.8,1.2,
2026-04-06 10:00:00,1855.0,2.9,
2026-04-06 11:00:00,1850.2,0.7,
2026-04-06 12:00:00,1846.0,0.8,
2026-04-06 13:00:00,1853.4,2.4,
2026-04-06 14:00:00,1854.9,0.7,
2026-04-06 15:00:00,1857.6,0.2,
2026-04-06 16:00:00,1864.7,0.8,
2026-04-06 17:00:00,1866.7,0.8,
2026-04-06 18:00:00,1866.8,0.2,
2026-04-06 19:00:00,1858.5,3.2,
2026-04-06 20:00:00,1852.9,5.4,
2026-04-06 21:00:00,1854.5,2.9,
2026-04-06 22:00:00,1846.1,0.4,
2026-04-06 23:00:00,1844.0,2.3,
2026-04-07 00:00:00,1849.9,2.3,
2026-04-07 01:00:00,1850.9,1.5,
2026-04-07 02:00:00,1859.0,0.5,
2026-04-07 03:00:00,1859.9,2.4,
2026-04-07 04:00:00,1859.4,0.9,
2026-04-07 05:00:00,1855.8,1.0,
2026-04-07 06:00:00,1864.4,1.9,
2026-04-07 07:00:00,1861.6,0.5,
2026-04-07 08:00:00,1878.5,0.9,
2026-04-07 09:00:00,1868.0,2.3,
2026-04-07 10:00:00,1857.1,3.3,
2026-04-07 11:00:00,1862.5,5.1,
2026-04-07 12:00:00,1854.4,1.1,
2026-04-07 13:00:00,1857.6,0.9,
2026-04-07 14:00:00,1857.5,0.3,
2026-04-07 15:00:00,1857.7,0.9,
2026-04-07 16:00:00,1857.3,3.3,
2026-04-07 17:00:00,1860.2,0.9,
2026-04-07 18:00:00,1857.5,2.1,
2026-04-07 19:00:00,1856.8,3.1,
2026-04-07 20:00:00,1849.4,0.6,
2026-04-07 21:00:00,1852.9,0.5,
2026-04-07 22:00:00,1846.5,2.0,
2026-04-07 23:00:00,1848.7,0.8,
2026-04-08 00:00:00,1855.7,0.2,
2026-04-08 01:00:00,1859.6,2.0,
2026-04-08 02:00:00,1862.0,1.0,
2026-04-08 03:00:00,1862.1,6.5,
2026-04-08 04:00:00,1867.0,3.2,
2026-04-08 05:00:00,1875.2,2.1,
2026-04-08 06:00:00,1884.9,3.6,
2026-04-08 07:00:00,1878.9,2.7,
2026-04-08 08:00:00,1869.3,5.3,
2026-04-08 09:00:00,1873.6,2.4,
2026-04-08 10:00:00,1872.3,1.9,
2026-04-08 11:00:00,1880.6,2.0,
2026-04-08 12:00:00,1872.6,1.4,
2026-04-08 13:00:00,1871.1,0.7,
2026-04-08 14:00:00,1868.2,0.6,
2026-04-08 15:00:00,1868.5,4.5,
2026-04-08 16:00:00,1863.7,1.2,
2026-04-08 17:00:00,1872.1,1.7,
2026-04-08 18:00:00,1867.5,0.7,
2026-04-08 19:00:00,1868.7,1.3,
2026-04-08 20:00:00,1861.9,3.8,
2026-04-08 21:00:00,1858.7,1.6,
2026-04-08 22:00:00,1857.1,0.1,
2026-04-08 23:00:00,1862.1,3.2,
2026-04-09 00:00:00,1861.3,1.0,
2026-04-09 01:00:00,1860.2,5.3,
2026-04-09 02:00:00,1857.9,4.5,
2026-04-09 03:00:00,1862.5,2.0,
2026-04-09 04:00:00,1861.0,2.3,
2026-04-09 05:00:00,1859.2,2.0,
2026-04-09 06:00:00,1861.0,1.7,
2026-04-09 07:00:00,1858.5,0.6,
2026-04-09 08:00:00,1857.6,1.5,
2026-04-09 09:00:00,1857.7,1.7,
2026-04-09 10:00:00,1869.4,0.5,
2026-04-09 11:00:00,1868.2,1.0,
2026-04-09 12:00:00,1867.8,0.0,
2026-04-09 13:00:00,1862.3,1.9,
2026-04-09 14:00:00,1865.1,2.7,
2026-04-09 15:00:00,1864.8,3.9,
2026-04-09 16:00:00,1873.0,4.6,
2026-04-09 17:00:00,1869.4,0.8,
2026-04-09 18:00:00,1875.1,1.0,
2026-04-09 19:00:00,1866.2,4.5,
2026-04-09 20:00:00,1859.7,2.9,
2026-04-09 21:00:00,1862.4,3.8,
2026-04-09 22:00:00,1851.0,0.3,
2026-04-09 23:00:00,1844.3,2.4,
2026-04-10 00:00:00,1852.1,4.5,
2026-04-10 01:00:00,1853.6,0.8,
2026-04-10 02:00:00,1859.6,0.4,
2026-04-10 03:00:00,1859.0,1.0,
2026-04-10 04:00:00,1855.2,1.5,
2026-04-10 05:00:00,1856.7,2.9,
2026-04-10 06:00:00,1858.2,0.8,
2026-04-10 07:00:00,1858.9,0.3,
2026-04-10 08:00:00,1855.2,0.4,
2026-04-10 09:00:00,1851.8,1.8,
2026-04-10 10:00:00,1858.4,4.0,
2026-04-10 11:00:00,1851.5,3.6,
2026-04-10 12:00:00,1847.4,1.6,
2026-04-10 13:00:00,1858.0,1.8,
2026-04-10 14:00:00,1854.5,0.4,
2026-04-10 15:00:00,1849.1,3.8,
2026-04-10 16:00:00,1852.0,3.5,
2026-04-10 17:00:00,1852.0,0.8,
2026-04-10 18:00:00,1854.3,3.7,
2026-04-10 19:00:00,1860.7,1.7,
2026-04-10 20:00:00,1860.2,1.3,
2026-04-10 21:00:00,1871.3,3.9,
2026-04-10 22:00:00,1876.5,0.6,
2026-04-10 23:00:00,1885.0,6.3,
2026-04-11 00:00:00,1865.9,0.1,
2026-04-11 01:00:00,1862.1,1.4,
2026-04-11 02:00:00,1859.7,2.4,
2026-04-11 03:00:00,1854.9,5.1,
2026-04-11 04:00:00,1864.2,4.4,
2026-04-11 05:00:00,1863.0,0.1,
2026-04-11 06:00:00,1856.3,3.5,
2026-04-11 07:00:00,1857.4,1.2,
2026-04-11 08:00:00,1857.9,1.4,
2026-04-11 09:00:00,1856.2,0.1,
2026-04-11 10:00:00,1863.9,2.8,
2026-04-11 11:00:00,1861.2,4.6,
2026-04-11 12:00:00,1851.1,1.6,
2026-04-11 13:00:00,1860.9,0.5,
2026-04-11 14:00:00,1859.5,2.3,
2026-04-11 15:00:00,1856.5,0.4,
2026-04-11 16:00:00,1859.0,3.1,
2026-04-11 17:00:00,1863.8,0.1,
2026-04-11 18:00:00,1864.9,2.5,
2026-04-11 19:00:00,1861.9,1.0,
2026-04-11 20:00:00,1855.0,0.8,
2026-04-11 21:00:00,1854.6,0.0,
2026-04-11 22:00:00,1849.9,1.5,
2026-04-11 23:00:00,1852.0,2.7,
2026-04-12 00:00:00,1853.5,0.9,
2026-04-12 01:00:00,1854.4,1.3,
2026-04-12 02:00:00,1851.8,1.9,
2026-04-12 03:00:00,1849.0,0.9,
2026-04-12 04:00:00,1847.8,2.2,
2026-04-12 05:00:00,1842.3,2.8,
2026-04-12 06:00:00,1851.8,2.5,
2026-04-12 07:00:00,1850.7,2.3,
2026-04-12 08:00:00,1847.3,4.5,
2026-04-12 09:00:00,1848.9,3.6,
2026-04-12 10:00:00,1854.3,4.1,
2026-04-12 11:00:00,1849.4,3.8,
2026-04-12 12:00:00,1844.2,2.8,
2026-04-12 13:00:00,1847.7,2.2,
2026-04-12 14:00:00,1853.1,1.1,
2026-04-12 15:00:00,1856.8,3.4,
2026-04-12 16:00:00,1856.2,1.3,
2026-04-12 17:00:00,1851.7,3.7,
2026-04-12 18:00:00,1858.5,10.3,
2026-04-12 19:00:00,1849.8,4.2,
2026-04-12 20:00:00,1846.8,3.2,
2026-04-12 21:00:00,1842.3,5.4,
2026-04-12 22:00:00,1847.8,3.4,
2026-04-12 23:00:00,1847.8,5.1,
2026-04-13 00:00:00,1845.3,4.7,
2026-04-13 01:00:00,1852.3,4.4,
2026-04-13 02:00:00,1855.7,3.1,
2026-04-13 03:00:00,1857.1,4.5,
2026-04-13 04:00:00,1856.5,4.4,
2026-04-13 05:00:00,1861.9,2.4,
2026-04-13 06:00:00,1870.3,0.4,
2026-04-13 07:00:00,1866.5,2.7,
2026-04-13 08:00:00,1865.8,0.2,
2026-04-13 09:00:00,1864.4,1.7,
2026-04-13 10:00:00,1864.9,0.7,
2026-04-13 11:00:00,1865.7,5.1,
2026-04-13 12:00:00,1865.3,2.4,
2026-04-13 13:00:00,1871.6,2.8,
2026-04-13 14:00:00,1870.1,3.7,
2026-04-13 15:00:00,1871.5,4.4,
2026-04-13 16:00:00,1862.8,0.7,
2026-04-13 17:00:00,1864.3,0.3,
2026-04-13 18:00:00,1863.2,1.4,
2026-04-13 19:00:00,1880.8,1.5,
2026-04-13 20:00:00,1882.7,9.3,
2026-04-13 21:00:00,1884.6,3.4,
2026-04-13 22:00:00,1872.5,2.9,
2026-04-13 23:00:00,1893.2,0.1,
2026-04-14 00:00:00,1893.2,2.7,
2026-04-14 01:00:00,1890.2,5.8,
2026-04-14 02:00:00,1897.9,2.8,
2026-04-14 03:00:00,1886.7,0.8,
2026-04-14 04:00:00,1876.0,6.4,
2026-04-14 05:00:00,1883.6,4.1,
2026-04-14 06:00:00,1875.6,3.0,
2026-04-14 07:00:00,1872.4,1.7,
2026-04-14 08:00:00,1866.0,1.8,
2026-04-14 09:00:00,1858.4,3.2,
2026-04-14 10:00:00,1863.5,1.5,
2026-04-14 11:00:00,1865.6,0.6,
2026-04-14 12:00:00,1864.1,1.6,
2026-04-14 13:00:00,1866.8,0.9,
2026-04-14 14:00:00,1871.7,0.7,
2026-04-14 15:00:00,1866.6,0.8,
2026-04-14 16:00:00,1874.0,1.2,
2026-04-14 17:00:00,1875.1,7.2,
2026-04-14 18:00:00,1891.3,3.8,
2026-04-14 19:00:00,1874.4,3.3,
2026-04-14 20:00:00,1875.8,4.2,
2026-04-14 21:00:00,1868.9,7.2,
2026-04-14 22:00:00,1871.4,7.5,
2026-04-14 23:00:00,1884.0,7.2,
2026-04-15 00:00:00,1889.9,6.3,
2026-04-15 01:00:00,1882.9,7.4,
2026-04-15 02:00:00,1887.1,2.3,
2026-04-15 03:00:00,1890.1,1.6,
2026-04-15 04:00:00,1884.6,0.7,
2026-04-15 05:00:00,1891.7,1.2,
2026-04-15 06:00:00,1893.1,2.5,
2026-04-15 07:00:00,1884.6,1.3,
2026-04-15 08:00:00,1881.3,0.1,
2026-04-15 09:00:00,1876.4,2.0,
2026-04-15 10:00:00,1880.2,1.0,
2026-04-15 11:00:00,1880.9,1.6,
2026-04-15 12:00:00,1888.1,2.5,
2026-04-15 13:00:00,1889.8,3.7,
2026-04-15 14:00:00,1889.3,0.1,
2026-04-15 15:00:00,1892.0,1.8,
2026-04-15 16:00:00,1893.5,1.7,
2026-04-15 17:00:00,1894.4,2.2,
2026-04-15 18:00:00,1892.3,2.2,
2026-04-15 19:00:00,1893.2,1.6,
2026-04-15 20:00:00,1890.9,2.5,
2026-04-15 21:00:00,1877.1,2.7,
2026-04-15 22:00:00,1875.9,3.0,
2026-04-15 23:00:00,1884.3,0.6,
2026-04-16 00:00:00,1884.7,3.4,
2026-04-16 01:00:00,1886.0,2.7,
2026-04-16 02:00:00,1882.7,6.3,
2026-04-16 03:00:00,1888.1,2.6,
2026-04-16 04:00:00,1884.5,2.1,
2026-04-16 05:00:00,1882.4,0.7,
2026-04-16 06:00:00,1879.0,1.6,
2026-04-16 07:00:00,1882.9,1.6,
2026-04-16 08:00:00,1878.3,2.9,
2026-04-16 09:00:00,1878.6,1.9,
2026-04-16 10:00:00,1876.7,2.4,
2026-04-16 11:00:00,1875.3,2.5,
2026-04-16 12:00:00,1875.0,3.8,
2026-04-16 13:00:00,1876.2,2.5,
2026-04-16 14:00:00,1875.5,1.9,
2026-04-16 15:00:00,1875.5,1.2,
2026-04-16 16:00:00,1871.5,2.5,
2026-04-16 17:00:00,1876.8,0.4,
2026-04-16 18:00:00,1871.2,7.0,
2026-04-16 19:00:00,1882.5,7.4,
2026-04-16 20:00:00,1885.7,4.6,
2026-04-16 21:00:00,1877.9,8.8,
2026-04-16 22:00:00,1881.9,6.0,
2026-04-16 23:00:00,1877.0,7.8,
2026-04-17 00:00:00,1885.0,3.9,
2026-04-17 01:00:00,1887.0,5.3,
2026-04-17 02:00:00,1894.3,1.8,
2026-04-17 03:00:00,1889.6,3.4,
2026-04-17 04:00:00,1889.2,3.2,
2026-04-17 05:00:00,1893.3,2.7,
2026-04-17 06:00:00,1892.3,1.9,
2026-04-17 07:00:00,1890.8,3.9,
2026-04-17 08:00:00,1893.3,1.3,
2026-04-17 09:00:00,1885.8,1.6,
2026-04-17 10:00:00,1888.6,2.8,
2026-04-17 11:00:00,1887.3,1.7,
2026-04-17 12:00:00,1887.2,1.1,
2026-04-17 13:00:00,1885.7,0.7,
2026-04-17 14:00:00,1890.2,3.5,
2026-04-17 15:00:00,1889.6,2.2,
2026-04-17 16:00:00,1888.9,2.2,
2026-04-17 17:00:00,1889.3,2.8,
2026-04-17 18:00:00,1886.1,2.7,
2026-04-17 19:00:00,1882.6,8.9,
2026-04-17 20:00:00,1887.6,3.3,
2026-04-17 21:00:00,1879.2,5.3,
2026-04-17 22:00:00,1878.3,8.3,
2026-04-17 23:00:00,1881.9,3.1,
2026-04-18 00:00:00,1883.8,2.4,
2026-04-18 01:00:00,1882.5,7.6,
2026-04-18 02:00:00,1875.9,10.3,
2026-04-18 03:00:00,1883.1,7.6,
2026-04-18 04:00:00,1882.4,6.0,
2026-04-18 05:00:00,1870.8,6.3,
2026-04-18 06:00:00,1865.8,4.9,
2026-04-18 07:00:00,1872.3,3.0,
2026-04-18 08:00:00,1870.2,2.7,
2026-04-18 09:00:00,1869.6,2.6,
2026-04-18 10:00:00,1861.6,1.5,
2026-04-18 11:00:00,1844.4,0.3,
2026-04-18 12:00:00,1843.0,1.1,
2026-04-18 13:00:00,1847.7,1.1,
2026-04-18 14:00:00,1843.7,1.6,
2026-04-18 15:00:00,1837.4,2.6,
2026-04-18 16:00:00,1830.8,0.3,
2026-04-18 17:00:00,1835.4,1.4,
2026-04-18 18:00:00,1831.5,3.0,
2026-04-18 19:00:00,1829.4,3.5,
2026-04-18 20:00:00,1849.6,4.6,
2026-04-18 21:00:00,1850.2,0.5,
2026-04-18 22:00:00,1854.1,3.9,
2026-04-18 23:00:00,1845.2,5.1,
2026-04-19 00:00:00,1845.4,8.3,
2026-04-19 01:00:00,1835.9,6.6,
2026-04-19 02:00:00,1833.7,0.7,
2026-04-19 03:00:00,1838.8,4.0,
2026-04-19 04:00:00,1834.4,3.2,
2026-04-19 05:00:00,1837.7,2.3,
2026-04-19 06:00:00,1833.5,2.3,
2026-04-19 07:00:00,1835.2,2.4,
2026-04-19 08:00:00,1832.8,1.1,
2026-04-19 09:00:00,1832.6,1.6,
2026-04-19 10:00:00,1834.4,1.3,
2026-04-19 11:00:00,1839.8,2.8,
2026-04-19 12:00:00,1833.6,1.8,
2026-04-19 13:00:00,1831.6,2.1,
2026-04-19 14:00:00,1836.9,2.8,
2026-04-19 15:00:00,1838.0,5.1,
2026-04-19 16:00:00,1844.3,4.3,
2026-04-19 17:00:00,1852.3,6.5,
2026-04-19 18:00:00,1847.5,3.9,
2026-04-19 19:00:00,1861.8,7.3,
2026-04-19 20:00:00,1855.5,7.1,
2026-04-19 21:00:00,1847.7,1.6,
2026-04-19 22:00:00,1843.5,3.6,
2026-04-19 23:00:00,1849.8,0.7,
2026-04-20 00:00:00,1848.9,2.1,
2026-04-20 01:00:00,1861.8,0.5,
2026-04-20 02:00:00,1873.7,4.9,
2026-04-20 03:00:00,1869.1,3.6,
2026-04-20 04:00:00,1867.9,0.8,
2026-04-20 05:00:00,1871.9,2.6,
2026-04-20 06:00:00,1868.6,4.4,
2026-04-20 07:00:00,1864.0,5.0,
2026-04-20 08:00:00,1859.5,2.3,
2026-04-20 09:00:00,1856.0,1.4,
2026-04-20 10:00:00,1858.6,1.4,
2026-04-20 11:00:00,1854.9,2.0,
2026-04-20 12:00:00,1853.8,2.2,
2026-04-20 13:00:00,1856.4,2.3,
2026-04-20 14:00:00,1854.4,0.8,
2026-04-20 15:00:00,1850.7,3.2,
2026-04-20 16:00:00,1845.7,2.0,
2026-04-20 17:00:00,1858.8,3.2,
2026-04-20 18:00:00,1856.7,1.6,
2026-04-20 19:00:00,1862.2,0.7,
2026-04-20 20:00:00,1868.2,3.5,
2026-04-20 21:00:00,1856.6,1.0,
2026-04-20 22:00:00,1855.5,1.6,
2026-04-20 23:00:00,1855.2,0.9,
2026-04-21 00:00:00,1851.1,2.8,
2026-04-21 01:00:00,1856.1,3.0,
2026-04-21 02:00:00,1856.6,1.4,
2026-04-21 03:00:00,1860.9,3.5,
2026-04-21 04:00:00,1865.6,2.2,
2026-04-21 05:00:00,1866.8,2.5,
2026-04-21 06:00:00,1869.3,1.5,
2026-04-21 07:00:00,1874.4,1.5,
2026-04-21 08:00:00,1868.0,5.5,
2026-04-21 09:00:00,1866.5,3.3,
2026-04-21 10:00:00,1867.9,0.8,
2026-04-21 11:00:00,1861.5,3.4,
2026-04-21 12:00:00,1865.8,6.7,
2026-04-21 13:00:00,1860.4,2.9,
2026-04-21 14:00:00,1857.9,4.1,
2026-04-21 15:00:00,1855.6,2.3,
2026-04-21 16:00:00,1855.0,1.4,
2026-04-21 17:00:00,1868.0,1.8,
2026-04-21 18:00:00,1873.2,7.2,
2026-04-21 19:00:00,1864.4,0.3,
2026-04-21 20:00:00,1871.1,10.4,
2026-04-21 21:00:00,1865.9,3.6,
2026-04-21 22:00:00,1859.6,1.7,
2026-04-21 23:00:00,1859.8,2.3,
2026-04-22 00:00:00,1863.8,4.9,
2026-04-22 01:00:00,1862.7,5.4,
2026-04-22 02:00:00,1859.2,0.9,
2026-04-22 03:00:00,1858.6,2.6,
2026-04-22 04:00:00,1858.7,2.0,
2026-04-22 05:00:00,1857.7,2.6,
2026-04-22 06:00:00,1856.4,3.3,
2026-04-22 07:00:00,1858.8,1.8,
2026-04-22 08:00:00,1855.7,2.3,
2026-04-22 09:00:00,1854.0,3.4,
2026-04-22 10:00:00,1856.1,3.4,
2026-04-22 11:00:00,1850.8,4.2,
2026-04-22 12:00:00,1843.5,2.6,
2026-04-22 13:00:00,1844.4,2.0,
2026-04-22 14:00:00,1843.1,2.6,
2026-04-22 15:00:00,1845.7,3.4,
2026-04-22 16:00:00,1849.9,2.6,
2026-04-22 17:00:00,1850.3,2.8,
2026-04-22 18:00:00,1836.7,7.6,
2026-04-22 19:00:00,1833.6,5.9,
2026-04-22 20:00:00,1838.4,3.5,
2026-04-22 21:00:00,1840.0,6.1,
2026-04-22 22:00:00,1852.6,7.3,
2026-04-22 23:00:00,1850.3,5.0,
2026-04-23 00:00:00,1856.1,11.9,
2026-04-23 01:00:00,1849.5,3.4,
2026-04-23 02:00:00,1859.6,1.4,
2026-04-23 03:00:00,1860.0,4.8,
2026-04-23 04:00:00,1854.5,4.6,
2026-04-23 05:00:00,1866.9,1.4,
2026-04-23 06:00:00,1870.4,0.8,
2026-04-23 07:00:00,1859.5,5.1,
2026-04-23 08:00:00,1856.5,1.3,
2026-04-23 09:00:00,1858.2,2.7,
2026-04-23 10:00:00,1863.4,2.0,
2026-04-23 11:00:00,1860.0,1.7,
2026-04-23 12:00:00,1866.7,1.3,
2026-04-23 13:00:00,1861.0,3.2,
2026-04-23 14:00:00,1858.4,3.4,
2026-04-23 15:00:00,1849.8,3.7,
2026-04-23 16:00:00,1850.1,2.3,
2026-04-23 17:00:00,1867.1,2.6,
2026-04-23 18:00:00,1865.6,3.8,
2026-04-23 19:00:00,1871.1,6.4,
2026-04-23 20:00:00,1863.6,2.8,
2026-04-23 21:00:00,1852.3,3.1,
2026-04-23 22:00:00,1859.1,4.3,
2026-04-23 23:00:00,1862.2,2.3,
2026-04-24 00:00:00,1858.2,2.7,
2026-04-24 01:00:00,1856.0,3.3,
2026-04-24 02:00:00,1860.5,3.7,
2026-04-24 03:00:00,1862.4,2.9,
2026-04-24 04:00:00,1857.2,4.0,
2026-04-24 05:00:00,1861.1,3.5,
2026-04-24 06:00:00,1861.1,1.3,
2026-04-24 07:00:00,1865.3,2.9,
2026-04-24 08:00:00,1861.8,2.6,
2026-04-24 09:00:00,1872.2,2.9,
2026-04-24 10:00:00,1875.4,4.7,
2026-04-24 11:00:00,1872.5,5.0,
2026-04-24 12:00:00,1870.7,5.5,
2026-04-24 13:00:00,1869.0,2.6,
2026-04-24 14:00:00,1859.7,0.6,
2026-04-24 15:00:00,1865.4,3.8,
2026-04-24 16:00:00,1860.9,4.2,
2026-04-24 17:00:00,1869.0,2.6,
2026-04-24 18:00:00,1863.4,4.7,
2026-04-24 19:00:00,1856.7,2.6,
2026-04-24 20:00:00,1859.2,2.4,
2026-04-24 21:00:00,1857.0,2.9,
2026-04-24 22:00:00,1857.1,2.6,
2026-04-24 23:00:00,1853.3,3.7,
2026-04-25 00:00:00,1859.2,3.0,
2026-04-25 01:00:00,1861.5,0.7,
2026-04-25 02:00:00,1861.4,5.5,
2026-04-25 03:00:00,1860.9,1.9,
2026-04-25 04:00:00,1866.5,5.2,
2026-04-25 05:00:00,1869.9,2.2,
2026-04-25 06:00:00,1870.6,2.1,
2026-04-25 07:00:00,1873.4,4.3,
2026-04-25 08:00:00,1874.6,2.6,
2026-04-25 09:00:00,1876.9,2.2,
2026-04-25 10:00:00,1875.9,2.8,
2026-04-25 11:00:00,1854.6,10.1,
2026-04-25 12:00:00,1866.9,3.4,
2026-04-25 13:00:00,1863.6,2.7,
2026-04-25 14:00:00,1869.2,4.1,
2026-04-25 15:00:00,1866.8,3.0,
2026-04-25 16:00:00,1862.9,2.5,
2026-04-25 17:00:00,1865.6,3.8,
2026-04-25 18:00:00,1852.6,4.0,
2026-04-25 19:00:00,1851.0,3.0,
2026-04-25 20:00:00,1840.7,2.1,
2026-04-25 21:00:00,1841.1,3.7,
2026-04-25 22:00:00,1837.3,1.3,
2026-04-25 23:00:00,1844.1,2.3,
2026-04-26 00:00:00,1852.9,5.2,
2026-04-26 01:00:00,1858.7,2.6,
2026-04-26 02:00:00,1869.2,6.2,
2026-04-26 03:00:00,1868.6,4.9,
2026-04-26 04:00:00,1877.1,5.8,
2026-04-26 05:00:00,1871.2,3.5,
2026-04-26 06:00:00,1874.9,2.1,
2026-04-26 07:00:00,1879.8,1.5,
2026-04-26 08:00:00,1879.0,2.1,
2026-04-26 09:00:00,1861.6,2.7,
2026-04-26 10:00:00,1857.1,2.5,
2026-04-26 11:00:00,1854.8,1.8,
2026-04-26 12:00:00,1860.3,3.6,
2026-04-26 13:00:00,1859.5,2.0,
2026-04-26 14:00:00,1863.2,2.5,
2026-04-26 15:00:00,1857.5,1.3,
2026-04-26 16:00:00,1862.0,2.3,
2026-04-26 17:00:00,1856.3,1.6,
2026-04-26 18:00:00,1868.8,2.5,
2026-04-26 19:00:00,1876.7,10.8,
2026-04-26 20:00:00,1876.3,7.6,
2026-04-26 21:00:00,1872.8,7.1,
2026-04-26 22:00:00,1868.6,3.8,
2026-04-26 23:00:00,1870.8,0.4,
2026-04-27 00:00:00,1877.6,1.0,
2026-04-27 01:00:00,1878.5,2.7,
2026-04-27 02:00:00,1883.3,2.4,
2026-04-27 03:00:00,1891.5,5.1,
2026-04-27 04:00:00,1881.1,2.5,
2026-04-27 05:00:00,1876.6,4.9,
2026-04-27 06:00:00,1867.6,3.4,
2026-04-27 07:00:00,1874.1,3.8,
2026-04-27 08:00:00,1868.5,1.8,
2026-04-27 09:00:00,1869.5,2.1,
2026-04-27 10:00:00,1868.5,4.8,
2026-04-27 11:00:00,1864.4,3.3,
2026-04-27 12:00:00,1864.1,2.8,
2026-04-27 13:00:00,1861.8,5.8,
2026-04-27 14:00:00,1862.9,3.1,
2026-04-27 15:00:00,1866.4,2.9,
2026-04-27 16:00:00,1874.1,4.1,
2026-04-27 17:00:00,1883.9,2.3,
2026-04-27 18:00:00,1874.9,1.0,
2026-04-27 19:00:00,1875.8,3.7,
2026-04-27 20:00:00,1873.0,4.1,
2026-04-27 21:00:00,1867.7,2.4,
2026-04-27 22:00:00,1867.6,1.4,
2026-04-27 23:00:00,1872.6,1.4,
2026-04-28 00:00:00,1878.3,4.5,
2026-04-28 01:00:00,1874.3,4.0,
2026-04-28 02:00:00,1874.0,1.9,
2026-04-28 03:00:00,1879.0,1.9,
2026-04-28 04:00:00,1876.7,3.0,
2026-04-28 05:00:00,1876.2,1.1,
2026-04-28 06:00:00,1869.6,1.8,
2026-04-28 07:00:00,1866.7,2.7,
2026-04-28 08:00:00,1863.8,5.1,
2026-04-28 09:00:00,1873.2,4.1,
2026-04-28 10:00:00,1866.6,1.7,
2026-04-28 11:00:00,1861.3,1.7,
2026-04-28 12:00:00,1869.8,3.4,
2026-04-28 13:00:00,1865.7,3.0,
2026-04-28 14:00:00,1868.4,3.4,
2026-04-28 15:00:00,1868.5,1.4,
2026-04-28 16:00:00,1869.2,2.1,
2026-04-28 17:00:00,1882.1,5.8,
2026-04-28 18:00:00,1878.5,4.7,
2026-04-28 19:00:00,1876.6,2.6,
2026-04-28 20:00:00,1872.2,4.4,
2026-04-28 21:00:00,1871.6,6.1,
2026-04-28 22:00:00,1884.4,4.6,
2026-04-28 23:00:00,1886.4,2.2,
2026-04-29 00:00:00,1871.5,4.7,
2026-04-29 01:00:00,1881.0,2.4,
2026-04-29 02:00:00,1868.4,2.6,
2026-04-29 03:00:00,1872.5,4.7,
2026-04-29 04:00:00,1878.9,4.6,
2026-04-29 05:00:00,1879.3,4.6,
2026-04-29 06:00:00,1883.7,5.6,
2026-04-29 07:00:00,1868.6,3.2,
2026-04-29 08:00:00,1860.7,2.5,
2026-04-29 09:00:00,1870.8,2.3,
2026-04-29 10:00:00,1869.5,2.8,
2026-04-29 11:00:00,1874.5,4.9,
2026-04-29 12:00:00,1879.5,2.6,
2026-04-29 13:00:00,1884.4,3.2,
2026-04-29 14:00:00,1885.3,5.1,
2026-04-29 15:00:00,1883.6,3.7,
2026-04-29 16:00:00,1877.4,1.9,
2026-04-29 17:00:00,1876.0,2.8,
2026-04-29 18:00:00,1858.1,2.0,
2026-04-29 19:00:00,1858.8,3.3,
2026-04-29 20:00:00,1855.5,5.6,
2026-04-29 21:00:00,1850.9,0.6,
2026-04-29 22:00:00,1837.1,1.1,
2026-04-29 23:00:00,1832.6,2.4,
2026-04-30 00:00:00,1853.3,1.6,
2026-04-30 01:00:00,1852.9,3.2,
2026-04-30 02:00:00,1849.5,2.9,
2026-04-30 03:00:00,1836.8,2.7,
2026-04-30 04:00:00,1832.8,3.3,
2026-04-30 05:00:00,1824.7,2.5,
2026-04-30 06:00:00,1837.4,1.6,
2026-04-30 07:00:00,1850.1,2.7,
2026-04-30 08:00:00,1851.3,0.7,
2026-04-30 09:00:00,1854.8,5.4,
2026-04-30 10:00:00,1836.4,2.1,
2026-04-30 11:00:00,1826.0,3.7,
2026-04-30 12:00:00,1834.4,2.8,
2026-04-30 13:00:00,1825.6,2.7,
2026-04-30 14:00:00,1821.0,0.5,
2026-04-30 15:00:00,1826.4,0.8,
2026-04-30 16:00:00,1832.8,2.8,
2026-04-30 17:00:00,1833.1,2.2,
2026-04-30 18:00:00,1835.0,2.8,
2026-04-30 19:00:00,1822.8,4.2,
2026-04-30 20:00:00,1823.9,1.7,
2026-04-30 21:00:00,1820.7,5.0,
2026-04-30 22:00:00,1816.8,2.7,
2026-04-30 23:00:00,1823.2,3.4,
2026-05-01 00:00:00,1844.7,2.8,
2026-05-01 01:00:00,1846.2,2.3,
2026-05-01 02:00:00,1845.4,0.7,
2026-05-01 03:00:00,1850.0,3.6,
2026-05-01 04:00:00,1834.2,5.9,
2026-05-01 05:00:00,1829.9,6.7,
2026-05-01 06:00:00,1832.5,5.5,
2026-05-01 07:00:00,1838.7,2.4,
2026-05-01 08:00:00,1839.4,1.9,
2026-05-01 09:00:00,1842.4,4.3,
2026-05-01 10:00:00,1836.0,4.0,
2026-05-01 11:00:00,1843.4,1.4,
2026-05-01 12:00:00,1835.9,4.3,
2026-05-01 13:00:00,1845.9,0.7,
2026-05-01 14:00:00,1855.7,0.4,
2026-05-01 15:00:00,1860.8,2.2,
2026-05-01 16:00:00,1856.4,1.2,
2026-05-01 17:00:00,1856.6,1.0,
2026-05-01 18:00:00,1855.8,2.7,
2026-05-01 19:00:00,1853.6,1.7,
2026-05-01 20:00:00,1857.2,1.4,
2026-05-01 21:00:00,1853.9,6.0,
2026-05-01 22:00:00,1853.2,8.7,
2026-05-01 23:00:00,1859.0,6.1,
2026-05-02 00:00:00,1863.4,1.6,
2026-05-02 01:00:00,1860.7,4.9,
2026-05-02 02:00:00,1873.6,1.9,
2026-05-02 03:00:00,1888.2,3.3,
2026-05-02 04:00:00,1881.6,2.5,
2026-05-02 05:00:00,1871.5,3.5,
2026-05-02 06:00:00,1880.2,2.5,
2026-05-02 07:00:00,1881.9,1.4,
2026-05-02 08:00:00,1879.5,2.2,
2026-05-02 09:00:00,1873.4,1.3,
2026-05-02 10:00:00,1877.1,3.2,
2026-05-02 11:00:00,1885.9,1.1,
2026-05-02 12:00:00,1887.4,4.0,
2026-05-02 13:00:00,1884.7,0.7,
2026-05-02 14:00:00,1886.4,2.2,
2026-05-02 15:00:00,1896.5,3.7,
2026-05-02 16:00:00,1884.0,0.6,
2026-05-02 17:00:00,1886.1,1.8,
2026-05-02 18:00:00,1877.6,2.8,
2026-05-02 19:00:00,1881.6,1.2,
2026-05-02 20:00:00,1877.0,2.3,
2026-05-02 21:00:00,1870.6,3.7,
2026-05-02 22:00:00,1870.3,6.0,
2026-05-02 23:00:00,1877.0,5.4,
2026-05-03 00:00:00,1892.4,6.8,
2026-05-03 01:00:00,1884.6,2.0,
2026-05-03 02:00:00,1879.8,0.8,
2026-05-03 03:00:00,1888.0,3.1,
2026-05-03 04:00:00,1886.2,1.8,
2026-05-03 05:00:00,1883.5,2.8,
2026-05-03 06:00:00,1877.9,2.3,
2026-05-03 07:00:00,1874.5,0.5,
2026-05-03 08:00:00,1871.3,0.8,
2026-05-03 09:00:00,1872.2,2.2,
2026-05-03 10:00:00,1858.2,1.7,
2026-05-03 11:00:00,1862.0,3.1,
2026-05-03 12:00:00,1860.2,1.7,
2026-05-03 13:00:00,1862.4,1.3,
2026-05-03 14:00:00,1872.1,1.1,
2026-05-03 15:00:00,1869.2,2.6,
2026-05-03 16:00:00,1872.2,1.8,
2026-05-03 17:00:00,1873.5,1.1,
2026-05-03 18:00:00,1858.1,2.2,
2026-05-03 19:00:00,1860.8,2.9,
2026-05-03 20:00:00,1865.7,1.3,
2026-05-03 21:00:00,1870.0,0.3,
2026-05-03 22:00:00,1877.5,2.1,
2026-05-03 23:00:00,1893.4,6.7,
2026-05-04 00:00:00,1873.6,7.6,
2026-05-04 01:00:00,1878.4,6.7,
2026-05-04 02:00:00,1878.1,0.7,
2026-05-04 03:00:00,1886.7,4.1,
2026-05-04 04:00:00,1898.4,1.1,
2026-05-04 05:00:00,1891.5,3.5,
2026-05-04 06:00:00,1894.3,3.1,
2026-05-04 07:00:00,1888.0,2.5,
2026-05-04 08:00:00,1884.3,0.7,
2026-05-04 09:00:00,1895.1,2.9,
2026-05-04 10:00:00,1887.4,2.1,
2026-05-04 11:00:00,1888.5,1.9,
2026-05-04 12:00:00,1893.1,2.2,
2026-05-04 13:00:00,1891.8,2.6,
2026-05-04 14:00:00,1882.8,6.1,
2026-05-04 15:00:00,1879.3,4.5,
2026-05-04 16:00:00,1877.9,3.4,
2026-05-04 17:00:00,1876.4,1.9,
2026-05-04 18:00:00,1882.3,2.6,
2026-05-04 19:00:00,1879.9,5.9,
2026-05-04 20:00:00,1890.8,3.7,
2026-05-04 21:00:00,1884.8,6.2,
2026-05-04 22:00:00,1878.6,2.1,
2026-05-04 23:00:00,1873.5,2.4,
2026-05-05 00:00:00,1886.3,2.0,
2026-05-05 01:00:00,1868.5,2.9,
2026-05-05 02:00:00,1868.7,4.5,
2026-05-05 03:00:00,1881.1,5.2,
2026-05-05 04:00:00,1872.3,3.3,
2026-05-05 05:00:00,1873.9,2.1,
2026-05-05 06:00:00,1866.9,2.7,
2026-05-05 07:00:00,1864.1,2.9,
2026-05-05 08:00:00,1868.0,0.9,
2026-05-05 09:00:00,1866.7,1.9,
2026-05-05 10:00:00,1861.9,1.4,
2026-05-05 11:00:00,1859.8,1.7,
2026-05-05 12:00:00,1863.7,1.5,
2026-05-05 13:00:00,1867.4,1.8,
2026-05-05 14:00:00,1860.5,1.9,
2026-05-05 15:00:00,1868.8,2.1,
2026-05-05 16:00:00,1870.3,4.5,
2026-05-05 17:00:00,1859.7,0.9,
2026-05-05 18:00:00,1858.1,4.3,
2026-05-05 19:00:00,1876.4,2.7,
2026-05-05 20:00:00,1861.6,3.9,
2026-05-05 21:00:00,1853.7,2.6,
2026-05-05 22:00:00,1865.6,4.6,
2026-05-05 23:00:00,1850.9,2.2,
2026-05-06 00:00:00,1852.3,3.2,
2026-05-06 01:00:00,1850.4,2.7,
2026-05-06 02:00:00,1847.7,2.1,
2026-05-06 03:00:00,1855.7,3.8,
2026-05-06 04:00:00,1875.9,7.0,
2026-05-06 05:00:00,1882.2,4.9,
2026-05-06 06:00:00,1887.0,5.2,
2026-05-06 07:00:00,1886.7,2.4,
2026-05-06 08:00:00,1885.3,3.3,
2026-05-06 09:00:00,1888.8,3.1,
2026-05-06 10:00:00,1877.9,1.3,
2026-05-06 11:00:00,1880.4,2.4,
2026-05-06 12:00:00,1891.8,5.6,
2026-05-06 13:00:00,1865.4,5.4,
2026-05-06 14:00:00,1840.3,4.7,
2026-05-06 15:00:00,1828.6,5.2,
2026-05-06 16:00:00,1816.9,4.4,
2026-05-06 17:00:00,1817.4,3.1,
2026-05-06 18:00:00,1826.6,4.6,
2026-05-06 19:00:00,1824.3,1.0,
2026-05-06 20:00:00,1816.1,1.9,
2026-05-06 21:00:00,1808.0,4.8,
2026-05-06 22:00:00,1812.2,4.8,
2026-05-06 23:00:00,1810.4,3.8,
2026-05-07 00:00:00,1814.4,0.1,
2026-05-07 01:00:00,1811.8,2.0,
2026-05-07 02:00:00,1832.2,3.2,
2026-05-07 03:00:00,1854.1,5.5,
2026-05-07 04:00:00,1846.1,3.5,
2026-05-07 05:00:00,1859.8,2.4,
2026-05-07 06:00:00,1869.3,1.4,
2026-05-07 07:00:00,1866.0,3.9,
2026-05-07 08:00:00,1869.0,3.4,
2026-05-07 09:00:00,1875.7,3.1,
2026-05-07 10:00:00,1861.3,2.0,
2026-05-07 11:00:00,1855.2,3.4,
2026-05-07 12:00:00,1843.1,2.3,
2026-05-07 13:00:00,1844.4,0.8,
2026-05-07 14:00:00,1844.1,2.0,
2026-05-07 15:00:00,1849.2,2.9,
2026-05-07 16:00:00,1857.5,1.6,
2026-05-07 17:00:00,1866.5,1.9,
2026-05-07 18:00:00,1864.6,2.3,
2026-05-07 19:00:00,1870.9,3.7,
2026-05-07 20:00:00,1858.3,3.1,
2026-05-07 21:00:00,1861.3,1.9,
2026-05-07 22:00:00,1851.0,2.2,
2026-05-07 23:00:00,1856.6,2.4,
2026-05-08 00:00:00,1859.0,3.1,
2026-05-08 01:00:00,1855.2,1.7,
2026-05-08 02:00:00,1856.9,0.7,
2026-05-08 03:00:00,1866.4,4.0,
2026-05-08 04:00:00,1864.9,2.7,
2026-05-08 05:00:00,1868.3,2.5,
2026-05-08 06:00:00,1866.0,1.2,
2026-05-08 07:00:00,1866.0,2.1,
2026-05-08 08:00:00,1864.7,2.5,
2026-05-08 09:00:00,1854.0,1.9,
2026-05-08 10:00:00,1849.4,3.2,
2026-05-08 11:00:00,1849.0,1.6,
2026-05-08 12:00:00,1846.1,1.9,
2026-05-08 13:00:00,1838.9,1.2,
2026-05-08 14:00:00,1843.1,0.6,
2026-05-08 15:00:00,1840.3,2.2,
2026-05-08 16:00:00,1840.5,2.6,
2026-05-08 17:00:00,1841.0,2.4,
2026-05-08 18:00:00,1838.0,0.6,
2026-05-08 19:00:00,1844.4,1.1,
2026-05-08 20:00:00,1842.6,1.2,
2026-05-08 21:00:00,1843.7,1.6,
2026-05-08 22:00:00,1840.6,3.0,
2026-05-08 23:00:00,1838.2,2.4,
2026-05-09 00:00:00,1839.3,8.0,
2026-05-09 01:00:00,1823.7,2.1,
2026-05-09 02:00:00,1816.2,2.1,
2026-05-09 03:00:00,1813.2,3.9,
2026-05-09 04:00:00,1817.2,1.8,
2026-05-09 05:00:00,1819.9,0.1,
2026-05-09 06:00:00,1818.1,3.0,
2026-05-09 07:00:00,1810.9,3.9,
2026-05-09 08:00:00,1808.2,0.9,
2026-05-09 09:00:00,1811.1,2.0,
2026-05-09 10:00:00,1806.4,4.8,
2026-05-09 11:00:00,1809.4,4.6,
2026-05-09 12:00:00,1803.3,1.5,
2026-05-09 13:00:00,1806.2,2.9,
2026-05-09 14:00:00,1810.2,3.5,
2026-05-09 15:00:00,1802.8,2.1,
2026-05-09 16:00:00,1822.3,2.2,
2026-05-09 17:00:00,1824.9,2.0,
2026-05-09 18:00:00,1830.7,3.7,
2026-05-09 19:00:00,1832.4,3.6,
2026-05-09 20:00:00,1826.1,1.6,
2026-05-09 21:00:00,1826.2,4.3,
2026-05-09 22:00:00,1828.1,1.5,
2026-05-09 23:00:00,1829.0,6.5,
2026-05-10 00:00:00,1832.4,2.2,
2026-05-10 01:00:00,1827.2,3.1,
2026-05-10 02:00:00,1826.3,4.0,
2026-05-10 03:00:00,1830.9,1.7,
2026-05-10 04:00:00,1835.1,1.8,
2026-05-10 05:00:00,1839.5,2.5,
2026-05-10 06:00:00,1838.7,2.4,
2026-05-10 07:00:00,1833.5,1.5,
2026-05-10 08:00:00,1833.0,3.8,
2026-05-10 09:00:00,1836.4,1.0,
2026-05-10 10:00:00,1839.6,5.1,
2026-05-10 11:00:00,1842.0,3.0,
2026-05-10 12:00:00,1839.7,1.4,
2026-05-10 13:00:00,1839.7,0.8,
2026-05-10 14:00:00,1837.4,2.2,
2026-05-10 15:00:00,1844.9,0.8,
2026-05-10 16:00:00,1844.5,3.2,
2026-05-10 17:00:00,1846.1,3.1,
2026-05-10 18:00:00,1844.6,0.3,
2026-05-10 19:00:00,1845.9,3.1,
2026-05-10 20:00:00,1845.6,2.5,
2026-05-10 21:00:00,1850.1,2.6,
2026-05-10 22:00:00,1849.5,0.1,
2026-05-10 23:00:00,1855.8,1.0,
2026-05-11 00:00:00,1857.3,3.7,
2026-05-11 01:00:00,1858.0,1.0,
2026-05-11 02:00:00,1854.6,1.3,
2026-05-11 03:00:00,1856.9,1.0,
2026-05-11 04:00:00,1853.6,3.2,
2026-05-11 05:00:00,1852.4,4.0,
2026-05-11 06:00:00,1853.0,4.2,
2026-05-11 07:00:00,1858.2,2.1,
2026-05-11 08:00:00,1852.0,2.2,
2026-05-11 09:00:00,1861.3,2.0,
2026-05-11 10:00:00,1849.1,2.4,
2026-05-11 11:00:00,1852.2,3.3,
2026-05-11 12:00:00,1854.8,3.8,
2026-05-11 13:00:00,1857.9,0.4,
2026-05-11 14:00:00,1861.1,0.9,
2026-05-11 15:00:00,1860.1,3.1,
2026-05-11 16:00:00,1865.9,3.0,
2026-05-11 17:00:00,1866.7,4.5,
2026-05-11 18:00:00,1863.8,4.6,
2026-05-11 19:00:00,1867.2,7.2,
2026-05-11 20:00:00,1854.5,7.4,
2026-05-11 21:00:00,1863.5,3.2,
2026-05-11 22:00:00,1874.1,4.3,
2026-05-11 23:00:00,1884.7,2.2,
2026-05-12 00:00:00,1884.8,0.8,
2026-05-12 01:00:00,1883.0,0.9,
2026-05-12 02:00:00,1884.0,1.4,
2026-05-12 03:00:00,1884.0,2.1,
2026-05-12 04:00:00,1886.7,2.0,
2026-05-12 05:00:00,1887.3,3.3,
2026-05-12 06:00:00,1885.8,2.5,
2026-05-12 07:00:00,1878.4,3.6,
2026-05-12 08:00:00,1873.9,2.0,
2026-05-12 09:00:00,1866.7,1.9,
2026-05-12 10:00:00,1864.5,1.0,
2026-05-12 11:00:00,1870.7,2.2,
2026-05-12 12:00:00,1871.7,2.1,
2026-05-12 13:00:00,1870.2,1.1,
2026-05-12 14:00:00,1869.8,1.0,
2026-05-12 15:00:00,1868.6,1.8,
2026-05-12 16:00:00,1871.5,3.6,
2026-05-12 17:00:00,1870.7,2.6,
2026-05-12 18:00:00,1868.6,1.6,
2026-05-12 19:00:00,1871.5,3.8,
2026-05-12 20:00:00,1869.1,3.6,
2026-05-12 21:00:00,1875.3,4.1,
2026-05-12 22:00:00,1873.9,5.7,
2026-05-12 23:00:00,1877.1,4.5,
2026-05-13 00:00:00,1882.8,9.7,
2026-05-13 01:00:00,1876.0,1.6,
2026-05-13 02:00:00,1876.5,3.9,
2026-05-13 03:00:00,1876.5,2.8,
2026-05-13 04:00:00,1874.0,0.6,
2026-05-13 05:00:00,1867.3,4.7,
2026-05-13 06:00:00,1866.4,2.8,
2026-05-13 07:00:00,1863.9,3.0,
2026-05-13 08:00:00,1857.4,1.9,
2026-05-13 09:00:00,1861.1,2.4,
2026-05-13 10:00:00,1856.0,0.3,
2026-05-13 11:00:00,1863.4,1.9,
2026-05-13 12:00:00,1867.7,3.4,
2026-05-13 13:00:00,1868.4,1.4,
2026-05-13 14:00:00,1866.8,4.1,
2026-05-13 15:00:00,1870.7,3.9,
2026-05-13 16:00:00,1871.4,4.0,
2026-05-13 17:00:00,1868.9,4.0,
2026-05-13 18:00:00,1866.6,3.4,
2026-05-13 19:00:00,1876.0,0.7,
2026-05-13 20:00:00,1876.2,7.2,
2026-05-13 21:00:00,1887.6,2.2,
2026-05-13 22:00:00,1888.2,1.9,
2026-05-13 23:00:00,1893.5,4.0,
2026-05-14 00:00:00,1893.5,6.7,
2026-05-14 01:00:00,1886.2,1.2,
2026-05-14 02:00:00,1883.9,0.8,
2026-05-14 03:00:00,1882.7,2.6,
2026-05-14 04:00:00,1871.9,1.2,
2026-05-14 05:00:00,1871.9,1.5,
2026-05-14 06:00:00,1876.6,1.9,
2026-05-14 07:00:00,1868.2,1.3,
2026-05-14 08:00:00,1876.7,1.8,
2026-05-14 09:00:00,1876.1,1.4,
2026-05-14 10:00:00,1876.5,1.4,
2026-05-14 11:00:00,1880.0,0.6,
2026-05-14 12:00:00,1881.8,0.5,
2026-05-14 13:00:00,1868.4,3.2,
2026-05-14 14:00:00,1870.1,3.5,
2026-05-14 15:00:00,1864.9,2.3,
2026-05-14 16:00:00,1865.2,1.3,
2026-05-14 17:00:00,1862.8,0.6,
2026-05-14 18:00:00,1860.9,0.9,
2026-05-14 19:00:00,1874.2,2.5,
2026-05-14 20:00:00,1865.5,1.6,
2026-05-14 21:00:00,1869.2,2.8,
2026-05-14 22:00:00,1874.1,0.4,
2026-05-14 23:00:00,1876.4,1.4,
2026-05-15 00:00:00,1885.8,0.8,
2026-05-15 01:00:00,1875.7,0.7,
2026-05-15 02:00:00,1885.3,4.3,
2026-05-15 03:00:00,1874.4,1.8,
2026-05-15 04:00:00,1877.7,2.1,
2026-05-15 05:00:00,1882.6,3.2,
2026-05-15 06:00:00,1866.5,0.3,
2026-05-15 07:00:00,1858.3,2.1,
2026-05-15 08:00:00,1865.4,1.7,
2026-05-15 09:00:00,1855.4,1.6,
2026-05-15 10:00:00,1851.8,0.7,
2026-05-15 11:00:00,1851.5,1.1,
2026-05-15 12:00:00,1844.5,0.9,
2026-05-15 13:00:00,1847.4,1.3,
2026-05-15 14:00:00,1852.3,3.4,
2026-05-15 15:00:00,1856.0,2.3,
2026-05-15 16:00:00,1864.6,0.6,
2026-05-15 17:00:00,1858.6,1.2,
2026-05-15 18:00:00,1860.1,2.8,
2026-05-15 19:00:00,1871.4,1.9,
2026-05-15 20:00:00,1869.0,4.8,
2026-05-15 21:00:00,1859.7,6.0,
2026-05-15 22:00:00,1858.9,4.6,
2026-05-15 23:00:00,1861.3,3.6,
2026-05-16 00:00:00,1865.3,1.9,
2026-05-16 01:00:00,1857.2,5.1,
2026-05-16 02:00:00,1857.6,2.4,
2026-05-16 03:00:00,1862.4,3.4,
2026-05-16 04:00:00,1871.7,4.0,
2026-05-16 05:00:00,1883.7,2.6,
2026-05-16 06:00:00,1887.7,5.4,
2026-05-16 07:00:00,1883.6,3.7,
2026-05-16 08:00:00,1886.3,2.6,
2026-05-16 09:00:00,1872.9,0.4,
2026-05-16 10:00:00,1868.8,4.0,
2026-05-16 11:00:00,1876.4,1.3,
2026-05-16 12:00:00,1872.8,1.7,
2026-05-16 13:00:00,1866.7,2.9,
2026-05-16 14:00:00,1857.5,2.2,
2026-05-16 15:00:00,1861.6,2.8,
2026-05-16 16:00:00,1869.4,1.6,
2026-05-16 17:00:00,1861.1,0.3,
2026-05-16 18:00:00,1860.0,1.7,
2026-05-16 19:00:00,1855.2,1.4,
2026-05-16 20:00:00,1864.2,3.8,
2026-05-16 21:00:00,1853.2,3.9,
2026-05-16 22:00:00,1844.9,3.2,
2026-05-16 23:00:00,1850.3,3.6,
2026-05-17 00:00:00,1862.3,3.0,
2026-05-17 01:00:00,1870.2,6.0,
2026-05-17 02:00:00,1871.9,0.6,
2026-05-17 03:00:00,1877.6,0.9,
2026-05-17 04:00:00,1869.3,1.6,
2026-05-17 05:00:00,1871.4,4.5,
2026-05-17 06:00:00,1878.7,0.8,
2026-05-17 07:00:00,1874.0,1.4,
2026-05-17 08:00:00,1872.9,1.8,
2026-05-17 09:00:00,1869.4,2.3,
2026-05-17 10:00:00,1870.0,2.4,
2026-05-17 11:00:00,1866.2,3.0,
2026-05-17 12:00:00,1871.6,0.6,
2026-05-17 13:00:00,1870.1,2.1,
2026-05-17 14:00:00,1873.1,1.2,
2026-05-17 15:00:00,1871.4,1.2,
2026-05-17 16:00:00,1873.3,1.3,
2026-05-17 17:00:00,1868.6,3.6,
2026-05-17 18:00:00,1869.7,1.1,
2026-05-17 19:00:00,1866.1,4.3,
2026-05-17 20:00:00,1867.0,0.7,
2026-05-17 21:00:00,1867.4,3.5,
2026-05-17 22:00:00,1870.6,2.1,
2026-05-17 23:00:00,1863.9,2.1,
2026-05-18 00:00:00,1865.5,2.2,
2026-05-18 01:00:00,1853.9,4.7,
2026-05-18 02:00:00,1857.0,0.9,
2026-05-18 03:00:00,1863.3,1.0,
2026-05-18 04:00:00,1873.6,2.4,
2026-05-18 05:00:00,1872.1,3.2,
2026-05-18 06:00:00,1871.1,2.6,
2026-05-18 07:00:00,1880.8,2.1,
2026-05-18 08:00:00,1886.0,1.6,
2026-05-18 09:00:00,1873.6,1.6,
2026-05-18 10:00:00,1871.9,3.4,
2026-05-18 11:00:00,1871.6,1.9,
2026-05-18 12:00:00,1865.1,2.1,
2026-05-18 13:00:00,1864.8,3.6,
2026-05-18 14:00:00,1854.1,0.7,
2026-05-18 15:00:00,1864.9,3.7,
2026-05-18 16:00:00,1874.3,4.7,
2026-05-18 17:00:00,1869.4,1.0,
2026-05-18 18:00:00,1860.2,3.1,
2026-05-18 19:00:00,1862.4,5.1,
2026-05-18 20:00:00,1868.0,1.7,
2026-05-18 21:00:00,1872.4,3.2,
2026-05-18 22:00:00,1876.3,4.1,
2026-05-18 23:00:00,1872.6,3.2,
2026-05-19 00:00:00,1876.1,3.9,
2026-05-19 01:00:00,1879.4,2.7,
2026-05-19 02:00:00,1888.7,3.7,
2026-05-19 03:00:00,1891.2,1.7,
2026-05-19 04:00:00,1892.8,1.1,
2026-05-19 05:00:00,1886.6,2.0,
2026-05-19 06:00:00,1889.7,2.7,
2026-05-19 07:00:00,1889.4,1.5,
2026-05-19 08:00:00,1892.8,3.2,
2026-05-19 09:00:00,1883.8,1.5,
2026-05-19 10:00:00,1875.8,2.9,
2026-05-19 11:00:00,1877.6,2.0,
2026-05-19 12:00:00,1870.7,1.0,
2026-05-19 13:00:00,1876.8,3.0,
2026-05-19 14:00:00,1878.5,1.7,
2026-05-19 15:00:00,1874.0,2.2,
2026-05-19 16:00:00,1874.7,1.6,
2026-05-19 17:00:00,1870.6,0.6,
2026-05-19 18:00:00,1876.3,1.7,
2026-05-19 19:00:00,1870.8,2.8,
2026-05-19 20:00:00,1861.1,3.4,
2026-05-19 21:00:00,1858.9,1.7,
2026-05-19 22:00:00,1855.4,3.3,
2026-05-19 23:00:00,1861.0,2.8,
2026-05-20 00:00:00,1860.1,2.1,
2026-05-20 01:00:00,1863.8,2.5,
2026-05-20 02:00:00,1866.8,3.2,
2026-05-20 03:00:00,1866.5,2.0,
2026-05-20 04:00:00,1870.2,1.4,
2026-05-20 05:00:00,1870.2,2.3,
2026-05-20 06:00:00,1866.7,0.7,
2026-05-20 07:00:00,1862.7,3.1,
2026-05-20 08:00:00,1863.0,0.9,
2026-05-20 09:00:00,1849.7,3.9,
2026-05-20 10:00:00,1858.8,3.0,
2026-05-20 11:00:00,1860.1,1.7,
2026-05-20 12:00:00,1852.1,0.9,
2026-05-20 13:00:00,1852.4,2.0,
2026-05-20 14:00:00,1856.9,2.7,
2026-05-20 15:00:00,1861.3,5.2,
2026-05-20 16:00:00,1861.3,2.8,
2026-05-20 17:00:00,1857.1,4.2,
2026-05-20 18:00:00,1871.2,1.8,
2026-05-20 19:00:00,1865.2,1.8,
2026-05-20 20:00:00,1863.6,5.2,
2026-05-20 21:00:00,1859.5,6.5,
2026-05-20 22:00:00,1856.7,6.2,
2026-05-20 23:00:00,1859.6,3.8,
2026-05-21 00:00:00,1861.8,0.8,
2026-05-21 01:00:00,1857.8,1.7,
2026-05-21 02:00:00,1860.9,2.7,
2026-05-21 03:00:00,1858.9,2.1,
2026-05-21 04:00:00,1860.8,0.9,
2026-05-21 05:00:00,1864.4,0.5,
2026-05-21 06:00:00,1864.4,1.5,
2026-05-21 07:00:00,1857.0,2.0,
2026-05-21 08:00:00,1869.2,1.7,
2026-05-21 09:00:00,1852.7,1.7,
2026-05-21 10:00:00,1860.6,0.9,
2026-05-21 11:00:00,1861.3,1.5,
2026-05-21 12:00:00,1872.7,1.4,
2026-05-21 13:00:00,1878.6,0.8,
2026-05-21 14:00:00,1873.4,2.9,
2026-05-21 15:00:00,1868.4,1.7,
2026-05-21 16:00:00,1878.1,2.6,
2026-05-21 17:00:00,1872.5,1.4,
2026-05-21 18:00:00,1877.3,1.3,
2026-05-21 19:00:00,1877.4,1.8,
2026-05-21 20:00:00,1886.9,1.8,
2026-05-21 21:00:00,1885.3,2.8,
2026-05-21 22:00:00,1885.8,0.9,
2026-05-21 23:00:00,1886.2,2.4,
2026-05-22 00:00:00,1889.4,3.2,
2026-05-22 01:00:00,1886.1,2.1,
2026-05-22 02:00:00,1892.6,1.9,
2026-05-22 03:00:00,1897.6,1.3,
2026-05-22 04:00:00,1890.8,2.8,
2026-05-22 05:00:00,1891.7,3.7,
2026-05-22 06:00:00,1887.1,3.9,
2026-05-22 07:00:00,1890.0,1.1,
2026-05-22 08:00:00,1885.3,2.1,
2026-05-22 09:00:00,1880.2,0.8,
2026-05-22 10:00:00,1876.0,1.2,
2026-05-22 11:00:00,1871.8,3.0,
2026-05-22 12:00:00,1866.1,2.7,
2026-05-22 13:00:00,1867.5,1.9,
2026-05-22 14:00:00,1862.6,5.8,
2026-05-22 15:00:00,1871.9,0.7,
2026-05-22 16:00:00,1874.4,3.4,
2026-05-22 17:00:00,1864.6,3.4,
2026-05-22 18:00:00,1861.2,5.5,
2026-05-22 19:00:00,1863.0,3.5,
2026-05-22 20:00:00,1873.5,3.0,
2026-05-22 21:00:00,1862.8,4.0,
2026-05-22 22:00:00,1880.9,4.7,
2026-05-22 23:00:00,1889.2,3.4,
2026-05-23 00:00:00,1894.4,3.1,
2026-05-23 01:00:00,1889.2,3.2,
2026-05-23 02:00:00,1889.8,3.4,
2026-05-23 03:00:00,1888.5,4.5,
2026-05-23 04:00:00,1888.1,3.6,
2026-05-23 05:00:00,1883.6,0.9,
2026-05-23 06:00:00,1880.2,1.5,
2026-05-23 07:00:00,1875.9,3.6,
2026-05-23 08:00:00,1870.1,3.7,
2026-05-23 09:00:00,1857.1,2.1,
2026-05-23 10:00:00,1859.9,4.2,
2026-05-23 11:00:00,1864.2,1.8,
2026-05-23 12:00:00,1863.8,3.7,
2026-05-23 13:00:00,1858.7,2.2,
2026-05-23 14:00:00,1866.2,6.4,
2026-05-23 15:00:00,1863.6,2.7,
2026-05-23 16:00:00,1871.1,6.1,
2026-05-23 17:00:00,1864.2,3.8,
2026-05-23 18:00:00,1874.9,1.8,
2026-05-23 19:00:00,1872.7,5.0,
2026-05-23 20:00:00,1868.1,2.2,
2026-05-23 21:00:00,1868.4,3.7,
2026-05-23 22:00:00,1861.7,0.4,
2026-05-23 23:00:00,1869.8,1.7,
2026-05-24 00:00:00,1871.7,3.4,
2026-05-24 01:00:00,1865.2,3.1,
2026-05-24 02:00:00,1872.8,4.0,
2026-05-24 03:00:00,1872.1,4.5,
2026-05-24 04:00:00,1872.0,3.3,
2026-05-24 05:00:00,1886.3,1.8,
2026-05-24 06:00:00,1879.4,1.8,
2026-05-24 07:00:00,1875.9,1.7,
2026-05-24 08:00:00,1879.2,2.7,
2026-05-24 09:00:00,1877.3,3.3,
2026-05-24 10:00:00,1878.7,1.7,
2026-05-24 11:00:00,1878.5,0.4,
2026-05-24 12:00:00,1873.6,1.3,
2026-05-24 13:00:00,1876.9,2.9,
2026-05-24 14:00:00,1868.0,1.1,
2026-05-24 15:00:00,1866.5,0.5,
2026-05-24 16:00:00,1864.0,0.7,
2026-05-24 17:00:00,1859.7,3.8,
2026-05-24 18:00:00,1872.5,4.1,
2026-05-24 19:00:00,1862.7,1.3,
2026-05-24 20:00:00,1863.8,2.0,
2026-05-24 21:00:00,1869.0,1.9,
2026-05-24 22:00:00,1862.0,4.1,
2026-05-24 23:00:00,1873.2,3.7,
2026-05-25 00:00:00,1868.7,0.7,
2026-05-25 01:00:00,1866.1,2.1,
2026-05-25 02:00:00,1875.9,5.0,
2026-05-25 03:00:00,1871.4,1.4,
2026-05-25 04:00:00,1874.5,2.2,
2026-05-25 05:00:00,1869.6,0.8,
2026-05-25 06:00:00,1864.0,2.7,
2026-05-25 07:00:00,1856.9,1.7,
2026-05-25 08:00:00,1854.2,2.5,
2026-05-25 09:00:00,1854.1,4.0,
2026-05-25 10:00:00,1856.2,3.0,
2026-05-25 11:00:00,1847.4,2.1,
2026-05-25 12:00:00,1849.9,0.4,
2026-05-25 13:00:00,1857.5,2.6,
2026-05-25 14:00:00,1858.6,2.9,
2026-05-25 15:00:00,1863.7,2.3,
2026-05-25 16:00:00,1866.5,2.5,
2026-05-25 17:00:00,1860.3,1.9,
2026-05-25 18:00:00,1862.2,3.5,
2026-05-25 19:00:00,1861.9,3.7,
2026-05-25 20:00:00,1865.1,2.5,
2026-05-25 21:00:00,1858.6,1.4,
2026-05-25 22:00:00,1860.4,3.9,
2026-05-25 23:00:00,1868.0,3.5,
2026-05-26 00:00:00,1867.3,6.6,
2026-05-26 01:00:00,1858.8,6.8,
2026-05-26 02:00:00,1869.9,5.3,
2026-05-26 03:00:00,1877.0,2.5,
2026-05-26 04:00:00,1890.0,2.2,
2026-05-26 05:00:00,1885.5,2.0,
2026-05-26 06:00:00,1881.3,1.5,
2026-05-26 07:00:00,1874.6,4.0,
2026-05-26 08:00:00,1877.4,4.4,
2026-05-26 09:00:00,1862.7,2.4,
2026-05-26 10:00:00,1869.0,3.1,
2026-05-26 11:00:00,1875.6,0.7,
2026-05-26 12:00:00,1876.4,0.4,
2026-05-26 13:00:00,1878.1,3.6,
2026-05-26 14:00:00,1875.1,0.3,
2026-05-26 15:00:00,1876.5,2.4,
2026-05-26 16:00:00,1877.1,4.9,
2026-05-26 17:00:00,1864.0,4.6,
2026-05-26 18:00:00,1865.2,3.5,
2026-05-26 19:00:00,1854.5,3.8,
2026-05-26 20:00:00,1853.0,2.1,
2026-05-26 21:00:00,1851.2,2.2,
2026-05-26 22:00:00,1851.0,4.8,
2026-05-26 23:00:00,1851.7,1.0,
2026-05-27 00:00:00,1851.0,0.6,
2026-05-27 01:00:00,1857.4,4.1,
2026-05-27 02:00:00,1862.9,1.6,
2026-05-27 03:00:00,1872.3,2.3,
2026-05-27 04:00:00,1872.8,1.4,
2026-05-27 05:00:00,1876.3,0.0,
2026-05-27 06:00:00,1879.1,1.5,
2026-05-27 07:00:00,1883.6,3.1,
2026-05-27 08:00:00,1895.5,6.0,
2026-05-27 09:00:00,1880.8,2.4,
2026-05-27 10:00:00,1886.0,0.1,
2026-05-27 11:00:00,1888.3,1.8,
2026-05-27 12:00:00,1888.4,1.5,
2026-05-27 13:00:00,1883.0,1.2,
2026-05-27 14:00:00,1885.6,4.0,
2026-05-27 15:00:00,1888.9,6.8,
2026-05-27 16:00:00,1877.8,0.4,
2026-05-27 17:00:00,1876.0,3.3,
2026-05-27 18:00:00,1856.4,4.0,
2026-05-27 19:00:00,1861.7,2.3,
2026-05-27 20:00:00,1854.2,4.3,
2026-05-27 21:00:00,1849.4,0.3,
2026-05-27 22:00:00,1849.6,1.5,
2026-05-27 23:00:00,1856.7,0.6,
2026-05-28 00:00:00,1862.6,0.6,
2026-05-28 01:00:00,1862.8,2.8,
2026-05-28 02:00:00,1870.3,2.5,
2026-05-28 03:00:00,1878.5,1.1,
2026-05-28 04:00:00,1881.3,1.9,
2026-05-28 05:00:00,1879.1,1.0,
2026-05-28 06:00:00,1890.1,2.4,
2026-05-28 07:00:00,1888.2,4.3,
2026-05-28 08:00:00,1882.5,4.7,
2026-05-28 09:00:00,1875.6,2.9,
2026-05-28 10:00:00,1875.6,2.4,
2026-05-28 11:00:00,1876.4,3.1,
2026-05-28 12:00:00,1875.1,2.6,
2026-05-28 13:00:00,1877.0,2.9,
2026-05-28 14:00:00,1877.3,6.3,
2026-05-28 15:00:00,1868.2,2.2,
2026-05-28 16:00:00,1878.0,3.0,
2026-05-28 17:00:00,1880.1,2.1,
2026-05-28 18:00:00,1883.5,2.0,
2026-05-28 19:00:00,1877.7,3.0,
2026-05-28 20:00:00,1874.1,1.2,
2026-05-28 21:00:00,1868.2,2.1,
2026-05-28 22:00:00,1862.6,0.8,
2026-05-28 23:00:00,1869.9,4.0,
2026-05-29 00:00:00,1863.6,0.1,
2026-05-29 01:00:00,1865.9,0.9,
2026-05-29 02:00:00,1868.4,0.9,
2026-05-29 03:00:00,1874.5,1.6,
2026-05-29 04:00:00,1881.3,1.6,
2026-05-29 05:00:00,1885.4,2.6,
2026-05-29 06:00:00,1877.2,3.8,
2026-05-29 07:00:00,1870.6,2.4,
2026-05-29 08:00:00,1863.4,3.3,
2026-05-29 09:00:00,1858.1,1.2,
2026-05-29 10:00:00,1868.4,1.1,
2026-05-29 11:00:00,1870.9,1.0,
2026-05-29 12:00:00,1885.1,5.2,
2026-05-29 13:00:00,1890.0,3.3,
2026-05-29 14:00:00,1886.4,3.1,
2026-05-29 15:00:00,1888.9,4.2,
2026-05-29 16:00:00,1893.9,2.3,
2026-05-29 17:00:00,1890.4,0.4,
2026-05-29 18:00:00,1882.3,0.5,
2026-05-29 19:00:00,1878.7,2.7,
2026-05-29 20:00:00,1878.1,3.1,
2026-05-29 21:00:00,1865.6,2.4,
2026-05-29 22:00:00,1872.5,0.5,
2026-05-29 23:00:00,1873.2,3.6,
2026-05-30 00:00:00,1873.1,7.9,
2026-05-30 01:00:00,1880.2,2.1,
2026-05-30 02:00:00,1883.6,3.1,
2026-05-30 03:00:00,1883.3,3.4,
2026-05-30 04:00:00,1885.1,1.8,
2026-05-30 05:00:00,1882.7,2.4,
2026-05-30 06:00:00,1871.1,2.5,
2026-05-30 07:00:00,1872.6,1.4,
2026-05-30 08:00:00,1868.4,1.7,
2026-05-30 09:00:00,1863.1,3.4,
2026-05-30 10:00:00,1864.6,1.1,
2026-05-30 11:00:00,1875.0,2.3,
2026-05-30 12:00:00,1869.3,1.2,
2026-05-30 13:00:00,1876.8,4.9,
2026-05-30 14:00:00,1874.9,2.5,
2026-05-30 15:00:00,1882.2,3.1,
2026-05-30 16:00:00,1878.9,1.5,
2026-05-30 17:00:00,1879.9,1.4,
2026-05-30 18:00:00,1877.5,1.6,
2026-05-30 19:00:00,1873.2,2.3,
2026-05-30 20:00:00,1869.7,3.3,
2026-05-30 21:00:00,1865.7,3.6,
2026-05-30 22:00:00,1871.0,0.4,
2026-05-30 23:00:00,1869.8,4.0,
2026-05-31 00:00:00,1870.3,3.4,
2026-05-31 01:00:00,1871.5,3.0,
2026-05-31 02:00:00,1875.8,3.8,
2026-05-31 03:00:00,1880.8,2.7,
2026-05-31 04:00:00,1889.3,0.8,
2026-05-31 05:00:00,1877.5,0.4,
2026-05-31 06:00:00,1881.8,0.6,
2026-05-31 07:00:00,1894.3,1.3,
2026-05-31 08:00:00,1876.7,0.6,
2026-05-31 09:00:00,1872.2,1.6,
2026-05-31 10:00:00,1867.4,2.8,
2026-05-31 11:00:00,1867.5,2.5,
2026-05-31 12:00:00,1867.3,1.5,
2026-05-31 13:00:00,1873.4,3.7,
2026-05-31 14:00:00,1871.5,2.4,
2026-05-31 15:00:00,1875.4,0.8,
2026-05-31 16:00:00,1877.7,3.5,
2026-05-31 17:00:00,1877.7,5.1,
2026-05-31 18:00:00,1884.2,3.6,
2026-05-31 19:00:00,1880.5,5.1,
2026-05-31 20:00:00,1887.0,5.0,
2026-05-31 21:00:00,1883.0,1.6,
2026-05-31 22:00:00,1884.4,3.7,
2026-05-31 23:00:00,1884.4,3.1,
2026-06-01 00:00:00,1879.1,0.5,
2026-06-01 01:00:00,1890.5,2.8,
2026-06-01 02:00:00,1884.0,2.0,
2026-06-01 03:00:00,1876.5,2.3,
2026-06-01 04:00:00,1873.8,1.7,
2026-06-01 05:00:00,1869.8,3.3,
2026-06-01 06:00:00,1862.7,1.5,
2026-06-01 07:00:00,1865.1,0.3,
2026-06-01 08:00:00,1857.2,2.3,
2026-06-01 09:00:00,1860.3,2.0,
2026-06-01 10:00:00,1860.9,4.0,
2026-06-01 11:00:00,1861.5,2.9,
2026-06-01 12:00:00,1859.4,3.2,
2026-06-01 13:00:00,1865.5,3.1,
2026-06-01 14:00:00,1860.2,5.4,
2026-06-01 15:00:00,1864.7,1.2,
2026-06-01 16:00:00,1860.0,1.8,
2026-06-01 17:00:00,1863.3,2.4,
2026-06-01 18:00:00,1859.7,1.4,
2026-06-01 19:00:00,1853.7,4.6,
2026-06-01 20:00:00,1855.8,2.9,
2026-06-01 21:00:00,1855.8,3.9,
2026-06-01 22:00:00,1861.4,4.1,
2026-06-01 23:00:00,1865.4,1.8,
2026-06-02 00:00:00,1850.2,3.3,
2026-06-02 01:00:00,1873.2,2.7,
2026-06-02 02:00:00,1885.3,5.2,
2026-06-02 03:00:00,1887.6,3.4,
2026-06-02 04:00:00,1879.8,1.6,
2026-06-02 05:00:00,1880.8,1.1,
2026-06-02 06:00:00,1873.5,1.2,
2026-06-02 07:00:00,1874.4,3.3,
2026-06-02 08:00:00,1862.6,0.6,
2026-06-02 09:00:00,1861.5,3.1,
2026-06-02 10:00:00,1863.9,2.5,
2026-06-02 11:00:00,1860.3,2.2,
2026-06-02 12:00:00,1856.3,2.3,
2026-06-02 13:00:00,1853.5,1.9,
2026-06-02 14:00:00,1850.7,3.5,
2026-06-02 15:00:00,1863.1,4.0,
2026-06-02 16:00:00,1861.7,1.3,
2026-06-02 17:00:00,1852.9,4.7,
2026-06-02 18:00:00,1852.5,2.7,
2026-06-02 19:00:00,1854.6,2.6,
2026-06-02 20:00:00,1852.6,1.1,
2026-06-02 21:00:00,1846.0,1.0,
2026-06-02 22:00:00,1848.7,0.8,
2026-06-02 23:00:00,1842.4,0.7,
2026-06-03 00:00:00,1850.6,0.6,
2026-06-03 01:00:00,1861.9,2.2,
2026-06-03 02:00:00,1864.4,0.6,
2026-06-03 03:00:00,1873.3,2.6,
2026-06-03 04:00:00,1877.4,3.3,
2026-06-03 05:00:00,1876.5,2.6,
2026-06-03 06:00:00,1876.1,1.9,
2026-06-03 07:00:00,1874.3,1.2,
2026-06-03 08:00:00,1872.5,1.7,
2026-06-03 09:00:00,1875.6,2.0,
2026-06-03 10:00:00,1867.6,2.2,
2026-06-03 11:00:00,1866.8,2.0,
2026-06-03 12:00:00,1866.9,2.3,
2026-06-03 13:00:00,1868.8,2.5,
2026-06-03 14:00:00,1869.4,2.7,
2026-06-03 15:00:00,1867.1,2.1,
2026-06-03 16:00:00,1867.5,3.4,
2026-06-03 17:00:00,1869.0,3.8,
2026-06-03 18:00:00,1862.8,0.7,
2026-06-03 19:00:00,1861.6,1.0,
2026-06-03 20:00:00,1854.1,2.0,
2026-06-03 21:00:00,1855.1,4.4,
2026-06-03 22:00:00,1856.6,3.3,
2026-06-03 23:00:00,1861.1,3.5,
2026-06-04 00:00:00,1856.3,4.5,
2026-06-04 01:00:00,1865.2,0.6,
2026-06-04 02:00:00,1868.0,1.0,
2026-06-04 03:00:00,1864.2,2.7,
2026-06-04 04:00:00,1865.2,2.3,
2026-06-04 05:00:00,1862.1,5.0,
2026-06-04 06:00:00,1860.6,1.3,
2026-06-04 07:00:00,1862.3,1.0,
2026-06-04 08:00:00,1863.2,2.9,
2026-06-04 09:00:00,1863.4,1.3,
2026-06-04 10:00:00,1867.6,2.9,
2026-06-04 11:00:00,1865.2,3.7,
2026-06-04 12:00:00,1875.5,3.7,
2026-06-04 13:00:00,1879.1,0.9,
2026-06-04 14:00:00,1881.1,1.4,
2026-06-04 15:00:00,1882.8,2.3,
2026-06-04 16:00:00,1875.1,2.5,
2026-06-04 17:00:00,1875.0,4.3,
2026-06-04 18:00:00,1871.1,3.8,
2026-06-04 19:00:00,1867.8,0.5,
2026-06-04 20:00:00,1865.2,4.9,
2026-06-04 21:00:00,1876.2,5.9,
2026-06-04 22:00:00,1876.8,6.5,
2026-06-04 23:00:00,1881.9,2.1,
2026-06-05 00:00:00,1879.9,0.7,
2026-06-05 01:00:00,1885.0,3.5,
2026-06-05 02:00:00,1885.0,1.2,
2026-06-05 03:00:00,1890.5,1.7,
2026-06-05 04:00:00,1889.9,1.0,
2026-06-05 05:00:00,1887.8,0.8,
2026-06-05 06:00:00,1892.7,2.4,
2026-06-05 07:00:00,1894.6,1.0,
2026-06-05 08:00:00,1894.1,0.4,
2026-06-05 09:00:00,1889.4,1.3,
2026-06-05 10:00:00,1894.8,2.0,
2026-06-05 11:00:00,1895.5,0.8,
2026-06-05 12:00:00,1886.7,3.5,
2026-06-05 13:00:00,1892.9,2.8,
2026-06-05 14:00:00,1888.2,1.1,
2026-06-05 15:00:00,1888.7,2.3,
2026-06-05 16:00:00,1887.5,0.7,
2026-06-05 17:00:00,1886.4,3.5,
2026-06-05 18:00:00,1880.5,2.5,
2026-06-05 19:00:00,1882.4,1.1,
2026-06-05 20:00:00,1877.5,3.8,
2026-06-05 21:00:00,1872.1,2.8,
2026-06-05 22:00:00,1877.4,2.0,
2026-06-05 23:00:00,1878.0,6.9,
2026-06-06 00:00:00,1883.0,1.1,
2026-06-06 01:00:00,1881.5,5.1,
2026-06-06 02:00:00,1880.2,2.0,
2026-06-06 03:00:00,1880.7,0.8,
2026-06-06 04:00:00,1888.2,0.9,
2026-06-06 05:00:00,1889.2,2.0,
2026-06-06 06:00:00,1888.5,2.5,
2026-06-06 07:00:00,1883.8,2.4,
2026-06-06 08:00:00,1877.4,3.5,
2026-06-06 09:00:00,1877.9,0.8,
2026-06-06 10:00:00,1878.8,2.6,
2026-06-06 11:00:00,1878.1,3.1,
2026-06-06 12:00:00,1872.8,2.1,
2026-06-06 13:00:00,1874.9,1.9,
2026-06-06 14:00:00,1875.4,1.6,
2026-06-06 15:00:00,1871.4,3.6,
2026-06-06 16:00:00,1870.5,0.8,
2026-06-06 17:00:00,1872.0,3.3,
2026-06-06 18:00:00,1865.2,1.7,
2026-06-06 19:00:00,1866.1,4.4,
2026-06-06 20:00:00,1859.8,1.5,
2026-06-06 21:00:00,1856.5,2.3,
2026-06-06 22:00:00,1866.5,1.9,
2026-06-06 23:00:00,1874.5,2.1,
